sample_name,13:28607900-28608500,20:31022200-31022800,2:25456900-25457400,5:170837300-170837800,total_mapped_reads,total_reads_in_bam,total_reads_in_fastq,unmapped_reads,,,
Aditi_1_S1,0,0,31,0,31,1365,1366,1334,Aditi,1,S1
Aditi_10_S10,0,0,0,0,0,1420,1420,1420,Aditi,10,S10
Aditi_100_S100,0,0,1,0,1,2139,2140,2138,Aditi,100,S100
Aditi_1000_S1000,0,0,61248,0,61248,62950,63520,1702,Aditi,1000,S1000
Aditi_1001_S1001,0,0,47678,0,47678,50060,50542,2382,Aditi,1001,S1001
Aditi_1002_S1002,0,0,24238,0,24238,25814,26062,1576,Aditi,1002,S1002
Aditi_1003_S1003,0,0,52532,0,52532,53022,53560,490,Aditi,1003,S1003
Aditi_1004_S1004,0,0,51794,0,51794,55874,56438,4080,Aditi,1004,S1004
Aditi_1005_S1005,0,0,27896,0,27896,28274,28558,378,Aditi,1005,S1005
Aditi_1006_S1006,0,0,55144,0,55144,57658,58186,2514,Aditi,1006,S1006
Aditi_1007_S1007,0,0,9587,0,9587,11173,11288,1586,Aditi,1007,S1007
Aditi_1008_S1008,0,0,19381,0,19381,20959,21152,1578,Aditi,1008,S1008
Aditi_1009_S1009,0,0,57720,0,57720,60334,60960,2614,Aditi,1009,S1009
Aditi_101_S101,0,0,0,0,0,2092,2092,2092,Aditi,101,S101
Aditi_1010_S1010,0,0,28364,0,28364,28944,29290,580,Aditi,1010,S1010
Aditi_1011_S1011,0,0,64203,0,64203,68735,69368,4532,Aditi,1011,S1011
Aditi_1012_S1012,0,0,96040,0,96040,97328,98238,1288,Aditi,1012,S1012
Aditi_1013_S1013,0,0,77542,0,77542,78854,79640,1312,Aditi,1013,S1013
Aditi_1014_S1014,0,0,72357,0,72357,75347,76124,2990,Aditi,1014,S1014
Aditi_1015_S1015,0,0,14782,0,14782,17122,17266,2340,Aditi,1015,S1015
Aditi_1016_S1016,0,0,16561,0,16561,17669,17840,1108,Aditi,1016,S1016
Aditi_1017_S1017,0,0,17317,0,17317,17995,18214,678,Aditi,1017,S1017
Aditi_1018_S1018,0,0,43779,0,43779,47131,47596,3352,Aditi,1018,S1018
Aditi_1019_S1019,0,0,51025,0,51025,53231,53684,2206,Aditi,1019,S1019
Aditi_102_S102,0,0,0,0,0,2042,2042,2042,Aditi,102,S102
Aditi_1020_S1020,0,0,20911,0,20911,21905,22116,994,Aditi,1020,S1020
Aditi_1021_S1021,0,0,77180,0,77180,80652,81488,3472,Aditi,1021,S1021
Aditi_1022_S1022,0,0,2951,0,2951,3049,3072,98,Aditi,1022,S1022
Aditi_1023_S1023,0,0,76758,0,76758,81646,82420,4888,Aditi,1023,S1023
Aditi_1024_S1024,0,0,17552,0,17552,19466,19664,1914,Aditi,1024,S1024
Aditi_1025_S1025,0,0,78902,0,78902,83238,83990,4336,Aditi,1025,S1025
Aditi_1026_S1026,0,0,38501,0,38501,40287,40642,1786,Aditi,1026,S1026
Aditi_1027_S1027,0,0,31819,0,31819,33533,33844,1714,Aditi,1027,S1027
Aditi_1028_S1028,0,0,14279,0,14279,14635,14776,356,Aditi,1028,S1028
Aditi_1029_S1029,0,0,8065,0,8065,8287,8380,222,Aditi,1029,S1029
Aditi_103_S103,0,0,1,0,1,2447,2448,2446,Aditi,103,S103
Aditi_1030_S1030,0,0,4185,0,4185,4759,4800,574,Aditi,1030,S1030
Aditi_1031_S1031,0,0,57173,0,57173,60735,61298,3562,Aditi,1031,S1031
Aditi_1032_S1032,0,0,46683,0,46683,48123,48554,1440,Aditi,1032,S1032
Aditi_1033_S1033,0,0,94724,0,94724,98692,99668,3968,Aditi,1033,S1033
Aditi_1034_S1034,0,0,82403,0,82403,86007,86784,3604,Aditi,1034,S1034
Aditi_1035_S1035,0,0,57180,0,57180,59626,60194,2446,Aditi,1035,S1035
Aditi_1036_S1036,0,0,55596,0,55596,58298,58866,2702,Aditi,1036,S1036
Aditi_1037_S1037,0,0,53425,0,53425,57729,58290,4304,Aditi,1037,S1037
Aditi_1038_S1038,0,0,23456,0,23456,24442,24712,986,Aditi,1038,S1038
Aditi_1039_S1039,0,0,32510,0,32510,36550,36916,4040,Aditi,1039,S1039
Aditi_104_S104,0,0,0,0,0,4268,4268,4268,Aditi,104,S104
Aditi_1040_S1040,0,0,54555,0,54555,57557,58138,3002,Aditi,1040,S1040
Aditi_1041_S1041,0,0,53926,0,53926,57678,58202,3752,Aditi,1041,S1041
Aditi_1042_S1042,0,0,62530,0,62530,66068,66706,3538,Aditi,1042,S1042
Aditi_1043_S1043,0,0,1397,0,1397,3631,3644,2234,Aditi,1043,S1043
Aditi_1044_S1044,0,0,51103,0,51103,52539,53064,1436,Aditi,1044,S1044
Aditi_1045_S1045,0,0,5489,0,5489,8859,8912,3370,Aditi,1045,S1045
Aditi_1046_S1046,0,0,210,0,210,1664,1670,1454,Aditi,1046,S1046
Aditi_1047_S1047,0,0,346,0,346,1434,1436,1088,Aditi,1047,S1047
Aditi_1048_S1048,0,0,20581,0,20581,22867,23054,2286,Aditi,1048,S1048
Aditi_1049_S1049,0,0,131,0,131,3413,3416,3282,Aditi,1049,S1049
Aditi_105_S105,0,0,221,0,221,1277,1278,1056,Aditi,105,S105
Aditi_1050_S1050,0,0,265,0,265,3781,3786,3516,Aditi,1050,S1050
Aditi_1051_S1051,0,0,174,0,174,1784,1788,1610,Aditi,1051,S1051
Aditi_1052_S1052,0,0,304,0,304,2152,2158,1848,Aditi,1052,S1052
Aditi_1053_S1053,0,0,4545,0,4545,5729,5780,1184,Aditi,1053,S1053
Aditi_1054_S1054,0,0,1044,0,1044,3234,3248,2190,Aditi,1054,S1054
Aditi_1055_S1055,0,0,435,0,435,3193,3200,2758,Aditi,1055,S1055
Aditi_1056_S1056,0,0,422,0,422,1592,1596,1170,Aditi,1056,S1056
Aditi_1057_S1057,0,0,23707,0,23707,25325,25578,1618,Aditi,1057,S1057
Aditi_1058_S1058,0,0,23,0,23,2095,2096,2072,Aditi,1058,S1058
Aditi_1059_S1059,0,0,28,0,28,1730,1730,1702,Aditi,1059,S1059
Aditi_106_S106,0,0,0,0,0,1586,1586,1586,Aditi,106,S106
Aditi_1060_S1060,0,0,402,0,402,604,606,202,Aditi,1060,S1060
Aditi_1061_S1061,0,0,673,0,673,1957,1964,1284,Aditi,1061,S1061
Aditi_1062_S1062,0,0,191,0,191,2511,2518,2320,Aditi,1062,S1062
Aditi_1063_S1063,0,0,59,0,59,555,556,496,Aditi,1063,S1063
Aditi_1064_S1064,0,0,57,0,57,693,694,636,Aditi,1064,S1064
Aditi_1065_S1065,0,0,31576,0,31576,32808,33160,1232,Aditi,1065,S1065
Aditi_1066_S1066,0,0,44,0,44,1640,1640,1596,Aditi,1066,S1066
Aditi_1067_S1067,0,0,36700,0,36700,38386,38766,1686,Aditi,1067,S1067
Aditi_1068_S1068,0,0,26,0,26,62,62,36,Aditi,1068,S1068
Aditi_1069_S1069,0,0,38,0,38,1658,1658,1620,Aditi,1069,S1069
Aditi_107_S107,0,0,0,0,0,2038,2038,2038,Aditi,107,S107
Aditi_1070_S1070,0,0,23,0,23,905,906,882,Aditi,1070,S1070
Aditi_1071_S1071,0,0,10,0,10,462,462,452,Aditi,1071,S1071
Aditi_1072_S1072,0,0,37,0,37,1655,1658,1618,Aditi,1072,S1072
Aditi_1073_S1073,0,0,271,0,271,1593,1594,1322,Aditi,1073,S1073
Aditi_1074_S1074,0,0,4,0,4,452,452,448,Aditi,1074,S1074
Aditi_1075_S1075,0,0,79,0,79,1565,1566,1486,Aditi,1075,S1075
Aditi_1076_S1076,0,0,7094,0,7094,7360,7438,266,Aditi,1076,S1076
Aditi_1077_S1077,0,0,34,0,34,314,314,280,Aditi,1077,S1077
Aditi_1078_S1078,0,0,3138,0,3138,3536,3568,398,Aditi,1078,S1078
Aditi_1079_S1079,0,0,38,0,38,1446,1450,1408,Aditi,1079,S1079
Aditi_108_S108,0,0,1,0,1,1799,1800,1798,Aditi,108,S108
Aditi_1080_S1080,0,0,25,0,25,1139,1142,1114,Aditi,1080,S1080
Aditi_1081_S1081,0,0,9182,0,9182,10026,10122,844,Aditi,1081,S1081
Aditi_1082_S1082,0,0,313,0,313,1543,1544,1230,Aditi,1082,S1082
Aditi_1083_S1083,0,0,33,0,33,1413,1414,1380,Aditi,1083,S1083
Aditi_1084_S1084,0,0,87,0,87,1207,1212,1120,Aditi,1084,S1084
Aditi_1085_S1085,0,0,149,0,149,2175,2176,2026,Aditi,1085,S1085
Aditi_1086_S1086,0,0,105,0,105,1533,1534,1428,Aditi,1086,S1086
Aditi_1087_S1087,0,0,122,0,122,726,730,604,Aditi,1087,S1087
Aditi_1088_S1088,0,0,41,0,41,237,238,196,Aditi,1088,S1088
Aditi_1089_S1089,0,0,59552,0,59552,59816,60456,264,Aditi,1089,S1089
Aditi_109_S109,0,0,0,0,0,1876,1876,1876,Aditi,109,S109
Aditi_1090_S1090,0,0,109,0,109,1031,1034,922,Aditi,1090,S1090
Aditi_1091_S1091,0,0,166,0,166,1708,1716,1542,Aditi,1091,S1091
Aditi_1092_S1092,0,0,77,0,77,199,200,122,Aditi,1092,S1092
Aditi_1093_S1093,0,0,14,0,14,1206,1208,1192,Aditi,1093,S1093
Aditi_1094_S1094,0,0,4338,0,4338,5058,5120,720,Aditi,1094,S1094
Aditi_1095_S1095,0,0,1174,0,1174,1362,1374,188,Aditi,1095,S1095
Aditi_1096_S1096,0,0,788,0,788,2070,2078,1282,Aditi,1096,S1096
Aditi_1097_S1097,0,0,3586,0,3586,3888,3930,302,Aditi,1097,S1097
Aditi_1098_S1098,0,0,6,0,6,1004,1004,998,Aditi,1098,S1098
Aditi_1099_S1099,0,0,47,0,47,839,840,792,Aditi,1099,S1099
Aditi_11_S11,0,0,2,0,2,1660,1660,1658,Aditi,11,S11
Aditi_110_S110,0,2,0,0,2,2402,2402,2400,Aditi,110,S110
Aditi_1100_S1100,0,0,220,0,220,2820,2824,2600,Aditi,1100,S1100
Aditi_1101_S1101,0,0,557,0,557,1173,1176,616,Aditi,1101,S1101
Aditi_1102_S1102,0,0,157,0,157,785,786,628,Aditi,1102,S1102
Aditi_1103_S1103,0,0,670,0,670,1272,1278,602,Aditi,1103,S1103
Aditi_1104_S1104,0,0,1735,0,1735,1865,1878,130,Aditi,1104,S1104
Aditi_1105_S1105,0,0,18,0,18,72,72,54,Aditi,1105,S1105
Aditi_1106_S1106,0,0,2051,0,2051,3133,3156,1082,Aditi,1106,S1106
Aditi_1107_S1107,0,0,39,0,39,831,832,792,Aditi,1107,S1107
Aditi_1108_S1108,0,0,8342,0,8342,9078,9142,736,Aditi,1108,S1108
Aditi_1109_S1109,0,0,42,0,42,558,558,516,Aditi,1109,S1109
Aditi_111_S111,0,0,0,0,0,2292,2292,2292,Aditi,111,S111
Aditi_1110_S1110,0,0,34,0,34,1722,1722,1688,Aditi,1110,S1110
Aditi_1111_S1111,0,0,10840,0,10840,11416,11536,576,Aditi,1111,S1111
Aditi_1112_S1112,0,0,25,0,25,347,348,322,Aditi,1112,S1112
Aditi_1113_S1113,0,0,275,0,275,395,398,120,Aditi,1113,S1113
Aditi_1114_S1114,0,0,2502,0,2502,3472,3512,970,Aditi,1114,S1114
Aditi_1115_S1115,0,0,34,0,34,336,336,302,Aditi,1115,S1115
Aditi_1116_S1116,0,0,312,0,312,1242,1248,930,Aditi,1116,S1116
Aditi_1117_S1117,0,0,1150,0,1150,1372,1384,222,Aditi,1117,S1117
Aditi_1118_S1118,0,0,4,0,4,1902,1902,1898,Aditi,1118,S1118
Aditi_1119_S1119,0,0,19,0,19,413,414,394,Aditi,1119,S1119
Aditi_112_S112,0,2,18,0,20,40012,40014,39992,Aditi,112,S112
Aditi_1120_S1120,0,0,41,0,41,927,928,886,Aditi,1120,S1120
Aditi_1121_S1121,0,0,3517,0,3517,3771,3812,254,Aditi,1121,S1121
Aditi_1122_S1122,0,0,6755,0,6755,8219,8278,1464,Aditi,1122,S1122
Aditi_1123_S1123,0,0,329,0,329,335,336,6,Aditi,1123,S1123
Aditi_1124_S1124,0,0,21,0,21,831,834,810,Aditi,1124,S1124
Aditi_1125_S1125,0,0,6367,0,6367,6551,6622,184,Aditi,1125,S1125
Aditi_1126_S1126,0,0,64853,0,64853,66947,67544,2094,Aditi,1126,S1126
Aditi_1127_S1127,0,0,60936,0,60936,62390,62978,1454,Aditi,1127,S1127
Aditi_1128_S1128,0,0,28,0,28,1978,1978,1950,Aditi,1128,S1128
Aditi_1129_S1129,0,0,93,0,93,1077,1080,984,Aditi,1129,S1129
Aditi_113_S113,0,0,0,0,0,1518,1518,1518,Aditi,113,S113
Aditi_1130_S1130,0,0,160,0,160,210,212,50,Aditi,1130,S1130
Aditi_1131_S1131,0,0,21164,0,21164,21964,22196,800,Aditi,1131,S1131
Aditi_1132_S1132,0,0,4979,0,4979,5097,5160,118,Aditi,1132,S1132
Aditi_1133_S1133,0,0,31,0,31,151,152,120,Aditi,1133,S1133
Aditi_1134_S1134,0,0,44,0,44,396,396,352,Aditi,1134,S1134
Aditi_1135_S1135,0,0,39,0,39,1269,1272,1230,Aditi,1135,S1135
Aditi_1136_S1136,0,0,13485,0,13485,15037,15192,1552,Aditi,1136,S1136
Aditi_1137_S1137,0,0,71,0,71,73,74,2,Aditi,1137,S1137
Aditi_1138_S1138,0,0,70,0,70,1890,1892,1820,Aditi,1138,S1138
Aditi_1139_S1139,0,0,1731,0,1731,1827,1842,96,Aditi,1139,S1139
Aditi_114_S114,0,0,2,0,2,2100,2102,2098,Aditi,114,S114
Aditi_1140_S1140,0,0,4754,0,4754,5048,5090,294,Aditi,1140,S1140
Aditi_1141_S1141,0,0,17762,0,17762,18104,18292,342,Aditi,1141,S1141
Aditi_1142_S1142,0,0,32,0,32,42,42,10,Aditi,1142,S1142
Aditi_1143_S1143,0,0,3232,0,3232,5164,5202,1932,Aditi,1143,S1143
Aditi_1144_S1144,0,0,8,0,8,26,26,18,Aditi,1144,S1144
Aditi_1145_S1145,0,0,38606,0,38606,41120,41470,2514,Aditi,1145,S1145
Aditi_1146_S1146,0,0,59,0,59,315,320,256,Aditi,1146,S1146
Aditi_1147_S1147,0,0,558,0,558,668,674,110,Aditi,1147,S1147
Aditi_1148_S1148,0,0,90148,0,90148,91994,92860,1846,Aditi,1148,S1148
Aditi_1149_S1149,0,0,5545,0,5545,5959,6016,414,Aditi,1149,S1149
Aditi_115_S115,0,0,0,0,0,1830,1830,1830,Aditi,115,S115
Aditi_1150_S1150,0,0,82,0,82,218,220,136,Aditi,1150,S1150
Aditi_1151_S1151,0,0,111009,0,111009,112643,113750,1634,Aditi,1151,S1151
Aditi_1152_S1152,0,0,215,0,215,479,482,264,Aditi,1152,S1152
Aditi_1153_S1153,0,0,88652,0,88652,89950,90800,1298,Aditi,1153,S1153
Aditi_1154_S1154,0,0,2,0,2,94,94,92,Aditi,1154,S1154
Aditi_1155_S1155,0,0,85,0,85,145,146,60,Aditi,1155,S1155
Aditi_1156_S1156,0,0,13959,0,13959,14239,14366,280,Aditi,1156,S1156
Aditi_1157_S1157,0,0,171,0,171,193,194,22,Aditi,1157,S1157
Aditi_1158_S1158,0,0,8,0,8,16,16,8,Aditi,1158,S1158
Aditi_1159_S1159,0,0,34422,0,34422,35200,35524,778,Aditi,1159,S1159
Aditi_116_S116,0,0,0,0,0,1782,1782,1782,Aditi,116,S116
Aditi_1160_S1160,0,0,62192,0,62192,63778,64372,1586,Aditi,1160,S1160
Aditi_1161_S1161,0,0,24,0,24,764,764,740,Aditi,1161,S1161
Aditi_1162_S1162,0,0,1190,0,1190,1504,1518,314,Aditi,1162,S1162
Aditi_1163_S1163,0,0,92,0,92,1038,1038,946,Aditi,1163,S1163
Aditi_1164_S1164,0,0,17,0,17,649,650,632,Aditi,1164,S1164
Aditi_1165_S1165,0,0,2,0,2,862,862,860,Aditi,1165,S1165
Aditi_1166_S1166,0,0,102,0,102,1830,1832,1728,Aditi,1166,S1166
Aditi_1167_S1167,0,0,5093,0,5093,5677,5746,584,Aditi,1167,S1167
Aditi_1168_S1168,0,0,71,0,71,955,960,884,Aditi,1168,S1168
Aditi_1169_S1169,0,0,78,0,78,950,950,872,Aditi,1169,S1169
Aditi_117_S117,0,0,0,0,0,1930,1930,1930,Aditi,117,S117
Aditi_1170_S1170,0,0,364,0,364,1250,1262,886,Aditi,1170,S1170
Aditi_1171_S1171,0,0,37,0,37,701,702,664,Aditi,1171,S1171
Aditi_1172_S1172,0,0,25,0,25,647,650,622,Aditi,1172,S1172
Aditi_1173_S1173,0,0,6,0,6,1102,1102,1096,Aditi,1173,S1173
Aditi_1174_S1174,0,0,108,0,108,1872,1876,1764,Aditi,1174,S1174
Aditi_1175_S1175,0,0,980,0,980,1256,1266,276,Aditi,1175,S1175
Aditi_1176_S1176,0,0,4416,0,4416,5862,5918,1446,Aditi,1176,S1176
Aditi_1177_S1177,0,0,15,0,15,1629,1630,1614,Aditi,1177,S1177
Aditi_1178_S1178,0,0,40,0,40,406,406,366,Aditi,1178,S1178
Aditi_1179_S1179,0,0,22578,0,22578,22884,23120,306,Aditi,1179,S1179
Aditi_118_S118,0,0,0,0,0,1742,1742,1742,Aditi,118,S118
Aditi_1180_S1180,0,0,1131,0,1131,1371,1380,240,Aditi,1180,S1180
Aditi_1181_S1181,0,0,288,0,288,1556,1562,1268,Aditi,1181,S1181
Aditi_1182_S1182,0,0,210,0,210,818,818,608,Aditi,1182,S1182
Aditi_1183_S1183,0,0,2,0,2,290,290,288,Aditi,1183,S1183
Aditi_1184_S1184,0,0,1130,0,1130,2264,2274,1134,Aditi,1184,S1184
Aditi_1185_S1185,0,0,636,0,636,1088,1096,452,Aditi,1185,S1185
Aditi_1186_S1186,0,0,81,0,81,197,198,116,Aditi,1186,S1186
Aditi_1187_S1187,0,0,2222,0,2222,3008,3042,786,Aditi,1187,S1187
Aditi_1188_S1188,0,0,2808,0,2808,4190,4222,1382,Aditi,1188,S1188
Aditi_1189_S1189,0,0,1286,0,1286,1884,1914,598,Aditi,1189,S1189
Aditi_119_S119,0,0,0,0,0,2324,2324,2324,Aditi,119,S119
Aditi_1190_S1190,0,0,186,0,186,1764,1764,1578,Aditi,1190,S1190
Aditi_1191_S1191,0,0,45,0,45,443,444,398,Aditi,1191,S1191
Aditi_1192_S1192,0,0,202,0,202,904,904,702,Aditi,1192,S1192
Aditi_1193_S1193,0,0,1644,0,1644,2212,2236,568,Aditi,1193,S1193
Aditi_1194_S1194,0,0,224,0,224,868,874,644,Aditi,1194,S1194
Aditi_1195_S1195,0,0,961,0,961,2759,2774,1798,Aditi,1195,S1195
Aditi_1196_S1196,0,0,309,0,309,671,672,362,Aditi,1196,S1196
Aditi_1197_S1197,0,0,6,0,6,1092,1092,1086,Aditi,1197,S1197
Aditi_1198_S1198,0,0,34,0,34,722,724,688,Aditi,1198,S1198
Aditi_1199_S1199,0,0,643,0,643,799,808,156,Aditi,1199,S1199
Aditi_12_S12,0,0,0,0,0,2006,2006,2006,Aditi,12,S12
Aditi_120_S120,0,46,0,0,46,15062,15066,15016,Aditi,120,S120
Aditi_1200_S1200,0,0,20,0,20,1238,1240,1218,Aditi,1200,S1200
Aditi_1201_S1201,0,0,2,0,2,1008,1008,1006,Aditi,1201,S1201
Aditi_1202_S1202,0,0,3479,0,3479,4219,4258,740,Aditi,1202,S1202
Aditi_1203_S1203,0,0,14250,0,14250,16764,16944,2514,Aditi,1203,S1203
Aditi_1204_S1204,0,0,12,0,12,382,382,370,Aditi,1204,S1204
Aditi_1205_S1205,0,0,76,0,76,146,148,70,Aditi,1205,S1205
Aditi_1206_S1206,0,0,7,0,7,2053,2054,2046,Aditi,1206,S1206
Aditi_1207_S1207,0,0,4,0,4,270,270,266,Aditi,1207,S1207
Aditi_1208_S1208,0,0,5078,0,5078,6344,6408,1266,Aditi,1208,S1208
Aditi_1209_S1209,0,0,8368,0,8368,9944,10034,1576,Aditi,1209,S1209
Aditi_121_S121,0,0,8,0,8,1834,1834,1826,Aditi,121,S121
Aditi_1210_S1210,0,0,4,0,4,82,82,78,Aditi,1210,S1210
Aditi_1211_S1211,0,0,12625,0,12625,14133,14280,1508,Aditi,1211,S1211
Aditi_1212_S1212,0,0,32,0,32,96,96,64,Aditi,1212,S1212
Aditi_1213_S1213,0,0,330,0,330,2832,2834,2502,Aditi,1213,S1213
Aditi_1214_S1214,0,0,34,0,34,1520,1522,1486,Aditi,1214,S1214
Aditi_1215_S1215,0,0,214,0,214,384,384,170,Aditi,1215,S1215
Aditi_1216_S1216,0,0,18,0,18,520,520,502,Aditi,1216,S1216
Aditi_1217_S1217,0,0,112,0,112,494,498,382,Aditi,1217,S1217
Aditi_1218_S1218,0,0,4953,0,4953,5435,5496,482,Aditi,1218,S1218
Aditi_1219_S1219,0,0,209,0,209,371,376,162,Aditi,1219,S1219
Aditi_122_S122,0,0,2,0,2,2264,2264,2262,Aditi,122,S122
Aditi_1220_S1220,0,0,7,0,7,1759,1760,1752,Aditi,1220,S1220
Aditi_1221_S1221,0,0,10,0,10,696,696,686,Aditi,1221,S1221
Aditi_1222_S1222,0,0,2,0,2,74,74,72,Aditi,1222,S1222
Aditi_1223_S1223,0,0,16,0,16,202,202,186,Aditi,1223,S1223
Aditi_1224_S1224,0,0,388,0,388,668,672,280,Aditi,1224,S1224
Aditi_1225_S1225,0,0,128,0,128,2164,2164,2036,Aditi,1225,S1225
Aditi_1226_S1226,0,0,85,0,85,3403,3406,3318,Aditi,1226,S1226
Aditi_1227_S1227,0,0,560,0,560,1832,1842,1272,Aditi,1227,S1227
Aditi_1228_S1228,0,0,3873,0,3873,4831,4874,958,Aditi,1228,S1228
Aditi_1229_S1229,0,0,28,0,28,362,362,334,Aditi,1229,S1229
Aditi_123_S123,0,0,0,0,0,1394,1394,1394,Aditi,123,S123
Aditi_1230_S1230,0,0,677,0,677,787,798,110,Aditi,1230,S1230
Aditi_1231_S1231,0,0,37,0,37,1305,1306,1268,Aditi,1231,S1231
Aditi_1232_S1232,0,0,375,0,375,1189,1198,814,Aditi,1232,S1232
Aditi_1233_S1233,0,0,67,0,67,367,368,300,Aditi,1233,S1233
Aditi_1234_S1234,0,0,323,0,323,739,752,416,Aditi,1234,S1234
Aditi_1235_S1235,0,0,4,0,4,3046,3046,3042,Aditi,1235,S1235
Aditi_1236_S1236,0,0,16,0,16,1750,1750,1734,Aditi,1236,S1236
Aditi_1237_S1237,0,0,57,0,57,517,518,460,Aditi,1237,S1237
Aditi_1238_S1238,0,0,80,0,80,1480,1480,1400,Aditi,1238,S1238
Aditi_1239_S1239,0,0,107,0,107,1305,1310,1198,Aditi,1239,S1239
Aditi_124_S124,0,0,0,0,0,1692,1692,1692,Aditi,124,S124
Aditi_1240_S1240,0,0,58,0,58,1172,1172,1114,Aditi,1240,S1240
Aditi_1241_S1241,0,0,4,0,4,1720,1720,1716,Aditi,1241,S1241
Aditi_1242_S1242,0,0,44,0,44,1684,1684,1640,Aditi,1242,S1242
Aditi_1243_S1243,0,0,87,0,87,1319,1322,1232,Aditi,1243,S1243
Aditi_1244_S1244,0,0,50,0,50,778,778,728,Aditi,1244,S1244
Aditi_1245_S1245,0,0,3386,0,3386,4248,4284,862,Aditi,1245,S1245
Aditi_1246_S1246,0,0,24,0,24,1206,1206,1182,Aditi,1246,S1246
Aditi_1247_S1247,0,0,23,0,23,755,756,732,Aditi,1247,S1247
Aditi_1248_S1248,0,0,32,0,32,840,840,808,Aditi,1248,S1248
Aditi_1249_S1249,0,0,6,0,6,660,660,654,Aditi,1249,S1249
Aditi_125_S125,0,0,0,0,0,2600,2600,2600,Aditi,125,S125
Aditi_1250_S1250,0,0,0,0,0,260,260,260,Aditi,1250,S1250
Aditi_1251_S1251,0,0,6,0,6,94,94,88,Aditi,1251,S1251
Aditi_1252_S1252,0,0,65,0,65,149,150,84,Aditi,1252,S1252
Aditi_1253_S1253,0,0,1,0,1,177,178,176,Aditi,1253,S1253
Aditi_1254_S1254,0,0,0,0,0,314,314,314,Aditi,1254,S1254
Aditi_1255_S1255,0,0,4,0,4,80,80,76,Aditi,1255,S1255
Aditi_1256_S1256,0,0,27,0,27,1599,1600,1572,Aditi,1256,S1256
Aditi_1257_S1257,0,0,8,0,8,968,968,960,Aditi,1257,S1257
Aditi_1258_S1258,0,0,10199,0,10199,11369,11474,1170,Aditi,1258,S1258
Aditi_1259_S1259,0,0,5,0,5,773,774,768,Aditi,1259,S1259
Aditi_126_S126,0,0,0,0,0,2180,2180,2180,Aditi,126,S126
Aditi_1260_S1260,0,0,346,0,346,576,580,230,Aditi,1260,S1260
Aditi_1261_S1261,0,0,0,0,0,530,530,530,Aditi,1261,S1261
Aditi_1262_S1262,0,0,4,0,4,130,130,126,Aditi,1262,S1262
Aditi_1263_S1263,0,0,150,0,150,1088,1088,938,Aditi,1263,S1263
Aditi_1264_S1264,0,0,2,0,2,376,376,374,Aditi,1264,S1264
Aditi_1265_S1265,0,0,4,0,4,954,954,950,Aditi,1265,S1265
Aditi_1266_S1266,0,0,0,0,0,122,122,122,Aditi,1266,S1266
Aditi_1267_S1267,0,0,0,0,0,142,142,142,Aditi,1267,S1267
Aditi_1268_S1268,0,0,4,0,4,292,292,288,Aditi,1268,S1268
Aditi_1269_S1269,0,0,0,0,0,36,36,36,Aditi,1269,S1269
Aditi_127_S127,0,0,0,0,0,2202,2202,2202,Aditi,127,S127
Aditi_1270_S1270,0,0,0,0,0,48,48,48,Aditi,1270,S1270
Aditi_1271_S1271,0,0,88,0,88,338,338,250,Aditi,1271,S1271
Aditi_1272_S1272,0,0,1,0,1,319,320,318,Aditi,1272,S1272
Aditi_1273_S1273,0,0,2,0,2,232,232,230,Aditi,1273,S1273
Aditi_1274_S1274,0,0,0,0,0,410,410,410,Aditi,1274,S1274
Aditi_1275_S1275,0,0,0,0,0,170,170,170,Aditi,1275,S1275
Aditi_1276_S1276,0,0,3,0,3,863,864,860,Aditi,1276,S1276
Aditi_1277_S1277,0,0,2,0,2,2028,2028,2026,Aditi,1277,S1277
Aditi_1278_S1278,0,0,6,0,6,1944,1944,1938,Aditi,1278,S1278
Aditi_1279_S1279,0,0,2,0,2,3128,3128,3126,Aditi,1279,S1279
Aditi_128_S128,0,0,0,0,0,2462,2462,2462,Aditi,128,S128
Aditi_1280_S1280,0,0,2,0,2,2330,2330,2328,Aditi,1280,S1280
Aditi_1281_S1281,0,0,4,0,4,2672,2672,2668,Aditi,1281,S1281
Aditi_1282_S1282,0,0,1,0,1,2265,2266,2264,Aditi,1282,S1282
Aditi_1283_S1283,0,0,2,0,2,684,684,682,Aditi,1283,S1283
Aditi_1284_S1284,0,0,32,0,32,2156,2158,2124,Aditi,1284,S1284
Aditi_1285_S1285,0,0,0,0,0,2142,2142,2142,Aditi,1285,S1285
Aditi_1286_S1286,0,0,10,0,10,1512,1512,1502,Aditi,1286,S1286
Aditi_1287_S1287,0,0,2,0,2,1504,1504,1502,Aditi,1287,S1287
Aditi_1288_S1288,0,0,1,0,1,1627,1628,1626,Aditi,1288,S1288
Aditi_1289_S1289,0,0,2,0,2,2462,2462,2460,Aditi,1289,S1289
Aditi_129_S129,0,0,0,0,0,1772,1772,1772,Aditi,129,S129
Aditi_1290_S1290,0,0,0,0,0,1914,1914,1914,Aditi,1290,S1290
Aditi_1291_S1291,0,0,6,0,6,1714,1714,1708,Aditi,1291,S1291
Aditi_1292_S1292,0,0,3,0,3,2811,2812,2808,Aditi,1292,S1292
Aditi_1293_S1293,0,0,2,0,2,1946,1946,1944,Aditi,1293,S1293
Aditi_1294_S1294,0,0,2,0,2,1850,1850,1848,Aditi,1294,S1294
Aditi_1295_S1295,0,0,0,0,0,1602,1602,1602,Aditi,1295,S1295
Aditi_1296_S1296,0,0,0,0,0,2740,2740,2740,Aditi,1296,S1296
Aditi_1297_S1297,0,0,0,0,0,2134,2134,2134,Aditi,1297,S1297
Aditi_1298_S1298,0,0,0,0,0,2930,2930,2930,Aditi,1298,S1298
Aditi_1299_S1299,0,0,0,0,0,1838,1838,1838,Aditi,1299,S1299
Aditi_13_S13,0,0,7,0,7,1353,1354,1346,Aditi,13,S13
Aditi_130_S130,0,0,0,0,0,1996,1996,1996,Aditi,130,S130
Aditi_1300_S1300,0,0,2,0,2,1862,1862,1860,Aditi,1300,S1300
Aditi_1301_S1301,0,0,2,0,2,1262,1262,1260,Aditi,1301,S1301
Aditi_1302_S1302,0,0,2,0,2,1178,1178,1176,Aditi,1302,S1302
Aditi_1303_S1303,0,0,0,0,0,438,438,438,Aditi,1303,S1303
Aditi_1304_S1304,0,0,0,0,0,1602,1602,1602,Aditi,1304,S1304
Aditi_1305_S1305,0,0,0,0,0,954,954,954,Aditi,1305,S1305
Aditi_1306_S1306,0,0,0,0,0,1052,1052,1052,Aditi,1306,S1306
Aditi_1307_S1307,0,0,0,0,0,540,540,540,Aditi,1307,S1307
Aditi_1308_S1308,0,0,0,0,0,2294,2294,2294,Aditi,1308,S1308
Aditi_1309_S1309,0,0,0,0,0,2672,2672,2672,Aditi,1309,S1309
Aditi_131_S131,0,0,0,0,0,2024,2024,2024,Aditi,131,S131
Aditi_1310_S1310,0,0,0,0,0,1636,1636,1636,Aditi,1310,S1310
Aditi_1311_S1311,0,0,0,0,0,542,542,542,Aditi,1311,S1311
Aditi_1312_S1312,0,0,0,0,0,1846,1846,1846,Aditi,1312,S1312
Aditi_1313_S1313,0,0,0,0,0,2666,2666,2666,Aditi,1313,S1313
Aditi_1314_S1314,0,0,6,0,6,786,786,780,Aditi,1314,S1314
Aditi_1315_S1315,0,0,2,0,2,864,864,862,Aditi,1315,S1315
Aditi_1316_S1316,0,0,1,0,1,1009,1010,1008,Aditi,1316,S1316
Aditi_1317_S1317,0,0,6,0,6,2594,2594,2588,Aditi,1317,S1317
Aditi_1318_S1318,0,0,2,0,2,1708,1708,1706,Aditi,1318,S1318
Aditi_1319_S1319,0,0,2,0,2,202,202,200,Aditi,1319,S1319
Aditi_132_S132,0,0,0,0,0,2360,2360,2360,Aditi,132,S132
Aditi_1320_S1320,0,0,2,0,2,3016,3018,3014,Aditi,1320,S1320
Aditi_1321_S1321,0,0,0,0,0,1902,1902,1902,Aditi,1321,S1321
Aditi_1322_S1322,0,0,14,0,14,2076,2076,2062,Aditi,1322,S1322
Aditi_1323_S1323,0,0,0,0,0,1076,1076,1076,Aditi,1323,S1323
Aditi_1324_S1324,0,0,9,0,9,475,476,466,Aditi,1324,S1324
Aditi_1325_S1325,0,0,2,0,2,2162,2162,2160,Aditi,1325,S1325
Aditi_1326_S1326,0,0,0,0,0,1204,1204,1204,Aditi,1326,S1326
Aditi_1327_S1327,0,0,0,0,0,1308,1308,1308,Aditi,1327,S1327
Aditi_1328_S1328,0,0,6,0,6,4062,4062,4056,Aditi,1328,S1328
Aditi_1329_S1329,0,0,0,0,0,1260,1260,1260,Aditi,1329,S1329
Aditi_133_S133,0,0,0,0,0,2072,2072,2072,Aditi,133,S133
Aditi_1330_S1330,0,0,2,0,2,2208,2208,2206,Aditi,1330,S1330
Aditi_1331_S1331,0,0,2,0,2,3426,3426,3424,Aditi,1331,S1331
Aditi_1332_S1332,0,0,0,0,0,2596,2596,2596,Aditi,1332,S1332
Aditi_1333_S1333,0,0,6,0,6,3652,3658,3646,Aditi,1333,S1333
Aditi_1334_S1334,0,0,0,0,0,996,996,996,Aditi,1334,S1334
Aditi_1335_S1335,0,0,0,0,0,1108,1108,1108,Aditi,1335,S1335
Aditi_1336_S1336,0,0,0,0,0,2636,2636,2636,Aditi,1336,S1336
Aditi_1337_S1337,0,0,0,0,0,1914,1914,1914,Aditi,1337,S1337
Aditi_1338_S1338,0,0,0,0,0,2402,2402,2402,Aditi,1338,S1338
Aditi_1339_S1339,0,0,0,0,0,2122,2122,2122,Aditi,1339,S1339
Aditi_134_S134,0,0,0,0,0,2232,2232,2232,Aditi,134,S134
Aditi_1340_S1340,0,0,2,0,2,1448,1448,1446,Aditi,1340,S1340
Aditi_1341_S1341,0,0,2,0,2,1102,1102,1100,Aditi,1341,S1341
Aditi_1342_S1342,0,0,0,0,0,3038,3038,3038,Aditi,1342,S1342
Aditi_1343_S1343,0,0,2,0,2,1450,1450,1448,Aditi,1343,S1343
Aditi_1344_S1344,0,0,0,0,0,1938,1938,1938,Aditi,1344,S1344
Aditi_1345_S1345,0,0,18,0,18,2778,2778,2760,Aditi,1345,S1345
Aditi_1346_S1346,0,0,2,0,2,3016,3016,3014,Aditi,1346,S1346
Aditi_1347_S1347,0,0,2,0,2,3172,3172,3170,Aditi,1347,S1347
Aditi_1348_S1348,0,0,0,0,0,2000,2000,2000,Aditi,1348,S1348
Aditi_1349_S1349,0,143,15723,0,15866,19992,20188,4126,Aditi,1349,S1349
Aditi_135_S135,0,0,0,0,0,2208,2208,2208,Aditi,135,S135
Aditi_1350_S1350,0,0,0,0,0,2788,2788,2788,Aditi,1350,S1350
Aditi_1351_S1351,0,40,20117,0,20157,23321,23524,3164,Aditi,1351,S1351
Aditi_1352_S1352,0,0,0,0,0,1752,1752,1752,Aditi,1352,S1352
Aditi_136_S136,0,0,1,0,1,2511,2512,2510,Aditi,136,S136
Aditi_137_S137,0,0,0,0,0,1822,1822,1822,Aditi,137,S137
Aditi_138_S138,0,0,0,0,0,1300,1300,1300,Aditi,138,S138
Aditi_139_S139,0,98,0,0,98,4474,4474,4376,Aditi,139,S139
Aditi_14_S14,0,0,8,0,8,1920,1920,1912,Aditi,14,S14
Aditi_140_S140,0,0,0,0,0,2182,2182,2182,Aditi,140,S140
Aditi_141_S141,0,0,0,0,0,2002,2002,2002,Aditi,141,S141
Aditi_142_S142,0,0,0,0,0,1936,1936,1936,Aditi,142,S142
Aditi_143_S143,0,0,0,0,0,1834,1834,1834,Aditi,143,S143
Aditi_144_S144,0,0,0,0,0,8634,8634,8634,Aditi,144,S144
Aditi_145_S145,0,0,0,0,0,1600,1600,1600,Aditi,145,S145
Aditi_146_S146,0,0,1,0,1,2167,2168,2166,Aditi,146,S146
Aditi_147_S147,0,0,0,0,0,2358,2358,2358,Aditi,147,S147
Aditi_148_S148,0,0,0,0,0,2184,2184,2184,Aditi,148,S148
Aditi_149_S149,0,0,0,0,0,1864,1864,1864,Aditi,149,S149
Aditi_15_S15,0,0,6,0,6,1816,1816,1810,Aditi,15,S15
Aditi_150_S150,0,0,0,0,0,1992,1992,1992,Aditi,150,S150
Aditi_151_S151,0,0,0,0,0,4158,4158,4158,Aditi,151,S151
Aditi_152_S152,0,48,1,0,49,29639,29640,29590,Aditi,152,S152
Aditi_153_S153,0,0,4,0,4,2034,2034,2030,Aditi,153,S153
Aditi_154_S154,0,0,0,0,0,1930,1930,1930,Aditi,154,S154
Aditi_155_S155,0,0,0,0,0,1854,1854,1854,Aditi,155,S155
Aditi_156_S156,0,0,0,0,0,2210,2210,2210,Aditi,156,S156
Aditi_157_S157,0,0,1,0,1,1987,1988,1986,Aditi,157,S157
Aditi_158_S158,0,0,0,0,0,2128,2128,2128,Aditi,158,S158
Aditi_159_S159,0,0,0,0,0,2316,2316,2316,Aditi,159,S159
Aditi_16_S16,0,263,9,0,272,103574,103666,103302,Aditi,16,S16
Aditi_160_S160,0,0,34,0,34,5082,5082,5048,Aditi,160,S160
Aditi_161_S161,0,0,259,0,259,2521,2526,2262,Aditi,161,S161
Aditi_162_S162,0,0,0,0,0,1980,1980,1980,Aditi,162,S162
Aditi_163_S163,0,0,0,0,0,1330,1330,1330,Aditi,163,S163
Aditi_164_S164,0,0,0,0,0,2012,2012,2012,Aditi,164,S164
Aditi_165_S165,0,0,2,0,2,2278,2278,2276,Aditi,165,S165
Aditi_166_S166,0,0,0,0,0,2884,2884,2884,Aditi,166,S166
Aditi_167_S167,0,0,1,0,1,2285,2286,2284,Aditi,167,S167
Aditi_168_S168,0,2,0,0,2,8828,8828,8826,Aditi,168,S168
Aditi_169_S169,0,0,0,0,0,1472,1472,1472,Aditi,169,S169
Aditi_17_S17,0,0,0,0,0,1286,1286,1286,Aditi,17,S17
Aditi_170_S170,0,0,2,0,2,1990,1990,1988,Aditi,170,S170
Aditi_171_S171,0,0,0,0,0,2076,2076,2076,Aditi,171,S171
Aditi_172_S172,0,0,2,0,2,1458,1458,1456,Aditi,172,S172
Aditi_173_S173,0,0,12,0,12,2266,2266,2254,Aditi,173,S173
Aditi_174_S174,0,0,0,0,0,1656,1656,1656,Aditi,174,S174
Aditi_175_S175,0,0,0,0,0,2266,2266,2266,Aditi,175,S175
Aditi_176_S176,0,0,0,0,0,20682,20682,20682,Aditi,176,S176
Aditi_177_S177,0,0,0,0,0,1696,1696,1696,Aditi,177,S177
Aditi_178_S178,0,0,0,0,0,1956,1956,1956,Aditi,178,S178
Aditi_179_S179,0,0,0,0,0,2392,2392,2392,Aditi,179,S179
Aditi_18_S18,0,0,0,0,0,1788,1788,1788,Aditi,18,S18
Aditi_180_S180,0,0,0,0,0,2216,2216,2216,Aditi,180,S180
Aditi_181_S181,0,0,10,0,10,2600,2610,2590,Aditi,181,S181
Aditi_182_S182,0,0,1,0,1,1349,1350,1348,Aditi,182,S182
Aditi_183_S183,0,0,0,0,0,2076,2076,2076,Aditi,183,S183
Aditi_184_S184,0,3,0,0,3,6595,6598,6592,Aditi,184,S184
Aditi_185_S185,0,0,0,0,0,1712,1712,1712,Aditi,185,S185
Aditi_186_S186,0,0,1,0,1,1971,1972,1970,Aditi,186,S186
Aditi_187_S187,0,0,0,0,0,970,970,970,Aditi,187,S187
Aditi_188_S188,0,0,0,0,0,1628,1628,1628,Aditi,188,S188
Aditi_189_S189,0,0,0,0,0,1060,1060,1060,Aditi,189,S189
Aditi_19_S19,0,0,1,0,1,1661,1662,1660,Aditi,19,S19
Aditi_190_S190,0,0,0,0,0,2296,2296,2296,Aditi,190,S190
Aditi_191_S191,0,0,1,0,1,1059,1060,1058,Aditi,191,S191
Aditi_192_S192,0,3,2,0,5,3407,3408,3402,Aditi,192,S192
Aditi_193_S193,0,0,4,0,4,10,10,6,Aditi,193,S193
Aditi_194_S194,0,0,0,0,0,1490,1490,1490,Aditi,194,S194
Aditi_195_S195,0,0,0,0,0,1834,1834,1834,Aditi,195,S195
Aditi_196_S196,0,0,1,0,1,2055,2056,2054,Aditi,196,S196
Aditi_197_S197,0,0,1,0,1,1775,1776,1774,Aditi,197,S197
Aditi_198_S198,0,0,0,0,0,1212,1212,1212,Aditi,198,S198
Aditi_199_S199,0,0,0,0,0,1644,1644,1644,Aditi,199,S199
Aditi_2_S2,0,6,0,0,6,1548,1548,1542,Aditi,2,S2
Aditi_20_S20,0,0,0,0,0,1930,1930,1930,Aditi,20,S20
Aditi_200_S200,0,0,0,0,0,5200,5200,5200,Aditi,200,S200
Aditi_201_S201,0,0,0,0,0,714,714,714,Aditi,201,S201
Aditi_202_S202,0,0,0,0,0,1130,1130,1130,Aditi,202,S202
Aditi_203_S203,0,0,0,0,0,4016,4016,4016,Aditi,203,S203
Aditi_204_S204,0,0,0,0,0,1928,1928,1928,Aditi,204,S204
Aditi_205_S205,0,0,0,0,0,1674,1674,1674,Aditi,205,S205
Aditi_206_S206,0,0,0,0,0,1822,1822,1822,Aditi,206,S206
Aditi_207_S207,0,0,0,0,0,2112,2112,2112,Aditi,207,S207
Aditi_208_S208,0,355,0,0,355,6911,6912,6556,Aditi,208,S208
Aditi_209_S209,0,0,0,0,0,2242,2242,2242,Aditi,209,S209
Aditi_21_S21,0,0,5,0,5,1497,1498,1492,Aditi,21,S21
Aditi_210_S210,0,0,0,0,0,1966,1966,1966,Aditi,210,S210
Aditi_211_S211,0,0,0,0,0,4122,4122,4122,Aditi,211,S211
Aditi_212_S212,0,0,0,0,0,3930,3930,3930,Aditi,212,S212
Aditi_213_S213,0,0,0,0,0,1432,1432,1432,Aditi,213,S213
Aditi_214_S214,0,0,0,0,0,1636,1636,1636,Aditi,214,S214
Aditi_215_S215,0,0,2,0,2,2094,2094,2092,Aditi,215,S215
Aditi_216_S216,0,10,0,0,10,6418,6418,6408,Aditi,216,S216
Aditi_217_S217,0,0,0,0,0,1876,1876,1876,Aditi,217,S217
Aditi_218_S218,0,0,0,0,0,2168,2168,2168,Aditi,218,S218
Aditi_219_S219,0,0,2,0,2,4218,4220,4216,Aditi,219,S219
Aditi_22_S22,0,0,6,0,6,1518,1518,1512,Aditi,22,S22
Aditi_220_S220,0,0,42,0,42,2126,2126,2084,Aditi,220,S220
Aditi_221_S221,0,0,2,0,2,2996,2996,2994,Aditi,221,S221
Aditi_222_S222,0,0,0,0,0,1486,1486,1486,Aditi,222,S222
Aditi_223_S223,0,0,0,0,0,2066,2066,2066,Aditi,223,S223
Aditi_224_S224,0,0,1,0,1,5645,5646,5644,Aditi,224,S224
Aditi_225_S225,0,0,0,0,0,1894,1894,1894,Aditi,225,S225
Aditi_226_S226,0,0,0,0,0,1906,1906,1906,Aditi,226,S226
Aditi_227_S227,0,0,0,0,0,4932,4932,4932,Aditi,227,S227
Aditi_228_S228,0,0,0,0,0,2298,2298,2298,Aditi,228,S228
Aditi_229_S229,0,0,2,0,2,2090,2090,2088,Aditi,229,S229
Aditi_23_S23,0,0,2,0,2,1936,1936,1934,Aditi,23,S23
Aditi_230_S230,0,0,0,0,0,1894,1894,1894,Aditi,230,S230
Aditi_231_S231,0,0,0,0,0,2102,2102,2102,Aditi,231,S231
Aditi_232_S232,0,0,47,0,47,7017,7018,6970,Aditi,232,S232
Aditi_233_S233,0,0,1,0,1,2039,2040,2038,Aditi,233,S233
Aditi_234_S234,0,0,1,0,1,2021,2022,2020,Aditi,234,S234
Aditi_235_S235,0,238,2,0,240,3078,3078,2838,Aditi,235,S235
Aditi_236_S236,0,58,0,0,58,2448,2448,2390,Aditi,236,S236
Aditi_237_S237,0,0,0,0,0,1766,1766,1766,Aditi,237,S237
Aditi_238_S238,0,0,0,0,0,1788,1788,1788,Aditi,238,S238
Aditi_239_S239,0,0,0,0,0,2004,2004,2004,Aditi,239,S239
Aditi_24_S24,0,0,3,0,3,2203,2204,2200,Aditi,24,S24
Aditi_240_S240,0,0,0,0,0,2662,2662,2662,Aditi,240,S240
Aditi_241_S241,0,0,0,0,0,1344,1344,1344,Aditi,241,S241
Aditi_242_S242,0,0,0,0,0,2308,2308,2308,Aditi,242,S242
Aditi_243_S243,0,0,2,0,2,2078,2078,2076,Aditi,243,S243
Aditi_244_S244,0,0,0,0,0,2386,2386,2386,Aditi,244,S244
Aditi_245_S245,0,0,0,0,0,1734,1734,1734,Aditi,245,S245
Aditi_246_S246,0,0,0,0,0,1966,1966,1966,Aditi,246,S246
Aditi_247_S247,0,0,0,0,0,2464,2464,2464,Aditi,247,S247
Aditi_248_S248,0,42,2,0,44,4112,4112,4068,Aditi,248,S248
Aditi_249_S249,0,0,0,0,0,2326,2326,2326,Aditi,249,S249
Aditi_25_S25,0,0,0,0,0,1752,1752,1752,Aditi,25,S25
Aditi_250_S250,0,0,0,0,0,1788,1788,1788,Aditi,250,S250
Aditi_251_S251,0,0,0,0,0,2002,2002,2002,Aditi,251,S251
Aditi_252_S252,0,0,1,0,1,1685,1686,1684,Aditi,252,S252
Aditi_253_S253,0,0,0,0,0,2032,2032,2032,Aditi,253,S253
Aditi_254_S254,0,0,1,0,1,2557,2558,2556,Aditi,254,S254
Aditi_255_S255,0,0,0,0,0,2592,2592,2592,Aditi,255,S255
Aditi_256_S256,0,0,0,0,0,5718,5718,5718,Aditi,256,S256
Aditi_257_S257,0,0,0,0,0,2320,2320,2320,Aditi,257,S257
Aditi_258_S258,0,0,0,0,0,2032,2032,2032,Aditi,258,S258
Aditi_259_S259,0,0,0,0,0,2070,2070,2070,Aditi,259,S259
Aditi_26_S26,0,0,4,0,4,1828,1828,1824,Aditi,26,S26
Aditi_260_S260,0,0,2,0,2,2138,2138,2136,Aditi,260,S260
Aditi_261_S261,0,0,0,0,0,2230,2230,2230,Aditi,261,S261
Aditi_262_S262,0,0,2,0,2,2820,2820,2818,Aditi,262,S262
Aditi_263_S263,0,0,1,0,1,2761,2762,2760,Aditi,263,S263
Aditi_264_S264,0,0,0,0,0,20584,20584,20584,Aditi,264,S264
Aditi_265_S265,0,0,0,0,0,2074,2074,2074,Aditi,265,S265
Aditi_266_S266,0,0,0,0,0,2462,2462,2462,Aditi,266,S266
Aditi_267_S267,0,0,0,0,0,2316,2316,2316,Aditi,267,S267
Aditi_268_S268,0,0,1,0,1,1653,1654,1652,Aditi,268,S268
Aditi_269_S269,0,0,0,0,0,1782,1782,1782,Aditi,269,S269
Aditi_27_S27,0,0,9,0,9,1257,1258,1248,Aditi,27,S27
Aditi_270_S270,0,0,0,0,0,1980,1980,1980,Aditi,270,S270
Aditi_271_S271,0,0,0,0,0,2452,2452,2452,Aditi,271,S271
Aditi_272_S272,0,0,0,0,0,8216,8216,8216,Aditi,272,S272
Aditi_273_S273,0,0,0,0,0,2158,2158,2158,Aditi,273,S273
Aditi_274_S274,0,0,1,0,1,2157,2158,2156,Aditi,274,S274
Aditi_275_S275,0,0,1,0,1,2455,2456,2454,Aditi,275,S275
Aditi_276_S276,0,0,2,0,2,2010,2010,2008,Aditi,276,S276
Aditi_277_S277,0,0,9,0,9,2801,2810,2792,Aditi,277,S277
Aditi_278_S278,0,0,0,0,0,1762,1762,1762,Aditi,278,S278
Aditi_279_S279,0,0,0,0,0,4652,4652,4652,Aditi,279,S279
Aditi_28_S28,0,0,10,0,10,1706,1706,1696,Aditi,28,S28
Aditi_280_S280,0,0,0,0,0,9448,9448,9448,Aditi,280,S280
Aditi_281_S281,0,0,6,0,6,1802,1802,1796,Aditi,281,S281
Aditi_282_S282,0,0,9,0,9,2073,2074,2064,Aditi,282,S282
Aditi_283_S283,0,0,1,0,1,3095,3096,3094,Aditi,283,S283
Aditi_284_S284,0,0,2,0,2,1900,1900,1898,Aditi,284,S284
Aditi_285_S285,0,2,0,0,2,1234,1234,1232,Aditi,285,S285
Aditi_286_S286,0,0,0,0,0,3594,3594,3594,Aditi,286,S286
Aditi_287_S287,0,0,3,0,3,4041,4042,4038,Aditi,287,S287
Aditi_288_S288,0,0,2,0,2,4216,4216,4214,Aditi,288,S288
Aditi_289_S289,0,0,7,0,7,2099,2100,2092,Aditi,289,S289
Aditi_29_S29,0,0,2,0,2,2516,2516,2514,Aditi,29,S29
Aditi_290_S290,0,0,0,0,0,2682,2682,2682,Aditi,290,S290
Aditi_291_S291,0,0,1,0,1,2569,2570,2568,Aditi,291,S291
Aditi_292_S292,0,0,1,0,1,2707,2708,2706,Aditi,292,S292
Aditi_293_S293,0,0,1,0,1,2379,2380,2378,Aditi,293,S293
Aditi_294_S294,0,0,0,0,0,2284,2284,2284,Aditi,294,S294
Aditi_295_S295,0,0,4,0,4,2202,2202,2198,Aditi,295,S295
Aditi_296_S296,0,2,0,0,2,2758,2758,2756,Aditi,296,S296
Aditi_297_S297,0,0,0,0,0,1854,1854,1854,Aditi,297,S297
Aditi_298_S298,0,0,0,0,0,2464,2464,2464,Aditi,298,S298
Aditi_299_S299,0,0,0,0,0,2526,2526,2526,Aditi,299,S299
Aditi_3_S3,0,4,0,0,4,1712,1712,1708,Aditi,3,S3
Aditi_30_S30,0,0,4,0,4,1292,1292,1288,Aditi,30,S30
Aditi_300_S300,0,0,0,0,0,2170,2170,2170,Aditi,300,S300
Aditi_301_S301,0,0,0,0,0,1952,1952,1952,Aditi,301,S301
Aditi_302_S302,0,18,0,0,18,2502,2502,2484,Aditi,302,S302
Aditi_303_S303,0,0,0,0,0,2436,2436,2436,Aditi,303,S303
Aditi_304_S304,0,13,1,0,14,5042,5044,5028,Aditi,304,S304
Aditi_305_S305,0,0,0,0,0,2884,2884,2884,Aditi,305,S305
Aditi_306_S306,0,0,0,0,0,2844,2844,2844,Aditi,306,S306
Aditi_307_S307,0,0,0,0,0,2774,2774,2774,Aditi,307,S307
Aditi_308_S308,0,0,2,0,2,2120,2120,2118,Aditi,308,S308
Aditi_309_S309,0,0,0,0,0,1842,1842,1842,Aditi,309,S309
Aditi_31_S31,0,0,4,0,4,1844,1844,1840,Aditi,31,S31
Aditi_310_S310,0,0,6,0,6,2286,2286,2280,Aditi,310,S310
Aditi_311_S311,0,0,2,0,2,2608,2608,2606,Aditi,311,S311
Aditi_312_S312,0,0,1,0,1,5649,5650,5648,Aditi,312,S312
Aditi_313_S313,0,0,0,0,0,2762,2762,2762,Aditi,313,S313
Aditi_314_S314,0,0,2,0,2,2562,2562,2560,Aditi,314,S314
Aditi_315_S315,0,0,0,0,0,1406,1406,1406,Aditi,315,S315
Aditi_316_S316,0,0,0,0,0,2770,2770,2770,Aditi,316,S316
Aditi_317_S317,0,0,0,0,0,2956,2956,2956,Aditi,317,S317
Aditi_318_S318,0,0,2,0,2,2110,2110,2108,Aditi,318,S318
Aditi_319_S319,0,0,4,0,4,1826,1826,1822,Aditi,319,S319
Aditi_32_S32,0,0,4,0,4,6138,6138,6134,Aditi,32,S32
Aditi_320_S320,0,0,1,0,1,7821,7822,7820,Aditi,320,S320
Aditi_321_S321,0,0,2,0,2,2690,2690,2688,Aditi,321,S321
Aditi_322_S322,0,0,0,0,0,2544,2544,2544,Aditi,322,S322
Aditi_323_S323,0,0,4,0,4,6178,6178,6174,Aditi,323,S323
Aditi_324_S324,0,0,1,0,1,2807,2808,2806,Aditi,324,S324
Aditi_325_S325,0,0,0,0,0,2454,2454,2454,Aditi,325,S325
Aditi_326_S326,0,0,0,0,0,2424,2424,2424,Aditi,326,S326
Aditi_327_S327,0,0,0,0,0,1776,1776,1776,Aditi,327,S327
Aditi_328_S328,0,4,2,0,6,10846,10846,10840,Aditi,328,S328
Aditi_329_S329,0,0,2,0,2,2602,2602,2600,Aditi,329,S329
Aditi_33_S33,0,0,0,0,0,1438,1438,1438,Aditi,33,S33
Aditi_330_S330,0,0,0,0,0,2464,2464,2464,Aditi,330,S330
Aditi_331_S331,0,13,1,0,14,16616,16628,16602,Aditi,331,S331
Aditi_332_S332,0,0,0,0,0,2998,2998,2998,Aditi,332,S332
Aditi_333_S333,0,0,0,0,0,2468,2468,2468,Aditi,333,S333
Aditi_334_S334,0,0,0,0,0,2256,2256,2256,Aditi,334,S334
Aditi_335_S335,0,0,1,0,1,2443,2444,2442,Aditi,335,S335
Aditi_336_S336,0,0,2,0,2,6688,6688,6686,Aditi,336,S336
Aditi_337_S337,0,0,0,0,0,2350,2350,2350,Aditi,337,S337
Aditi_338_S338,0,0,0,0,0,2974,2974,2974,Aditi,338,S338
Aditi_339_S339,0,0,3,0,3,2735,2736,2732,Aditi,339,S339
Aditi_34_S34,0,0,4,0,4,1620,1620,1616,Aditi,34,S34
Aditi_340_S340,0,0,2,0,2,2736,2736,2734,Aditi,340,S340
Aditi_341_S341,0,0,0,0,0,2334,2334,2334,Aditi,341,S341
Aditi_342_S342,0,0,1,0,1,2409,2410,2408,Aditi,342,S342
Aditi_343_S343,0,0,4,0,4,2430,2430,2426,Aditi,343,S343
Aditi_344_S344,0,20,1,0,21,6245,6246,6224,Aditi,344,S344
Aditi_345_S345,0,0,3,0,3,2655,2656,2652,Aditi,345,S345
Aditi_346_S346,0,0,0,0,0,2370,2370,2370,Aditi,346,S346
Aditi_347_S347,0,0,0,0,0,2366,2366,2366,Aditi,347,S347
Aditi_348_S348,0,0,0,0,0,2780,2780,2780,Aditi,348,S348
Aditi_349_S349,0,0,0,0,0,2570,2570,2570,Aditi,349,S349
Aditi_35_S35,0,0,0,0,0,2002,2002,2002,Aditi,35,S35
Aditi_350_S350,0,0,0,0,0,2380,2380,2380,Aditi,350,S350
Aditi_351_S351,0,0,2,0,2,2728,2728,2726,Aditi,351,S351
Aditi_352_S352,0,18,7,0,25,11641,11644,11616,Aditi,352,S352
Aditi_353_S353,0,0,0,0,0,2876,2876,2876,Aditi,353,S353
Aditi_354_S354,0,0,0,0,0,2342,2342,2342,Aditi,354,S354
Aditi_355_S355,0,0,3,0,3,2505,2506,2502,Aditi,355,S355
Aditi_356_S356,0,0,0,0,0,2980,2980,2980,Aditi,356,S356
Aditi_357_S357,0,0,0,0,0,2486,2486,2486,Aditi,357,S357
Aditi_358_S358,0,0,0,0,0,3792,3792,3792,Aditi,358,S358
Aditi_359_S359,0,0,0,0,0,2630,2630,2630,Aditi,359,S359
Aditi_36_S36,0,0,5,0,5,1911,1912,1906,Aditi,36,S36
Aditi_360_S360,0,93,4,0,97,40123,40128,40026,Aditi,360,S360
Aditi_361_S361,0,0,2,0,2,2036,2036,2034,Aditi,361,S361
Aditi_362_S362,0,0,4,0,4,2768,2770,2764,Aditi,362,S362
Aditi_363_S363,0,0,0,0,0,2360,2360,2360,Aditi,363,S363
Aditi_364_S364,0,0,0,0,0,1888,1888,1888,Aditi,364,S364
Aditi_365_S365,0,0,1,0,1,2397,2398,2396,Aditi,365,S365
Aditi_366_S366,0,0,2,0,2,2370,2370,2368,Aditi,366,S366
Aditi_367_S367,0,0,0,0,0,5976,5976,5976,Aditi,367,S367
Aditi_368_S368,0,123,2,0,125,10085,10084,9960,Aditi,368,S368
Aditi_369_S369,0,0,0,0,0,2436,2436,2436,Aditi,369,S369
Aditi_37_S37,0,0,1,0,1,1879,1880,1878,Aditi,37,S37
Aditi_370_S370,0,0,0,0,0,2298,2298,2298,Aditi,370,S370
Aditi_371_S371,0,0,0,0,0,2704,2704,2704,Aditi,371,S371
Aditi_372_S372,0,0,1,0,1,1941,1942,1940,Aditi,372,S372
Aditi_373_S373,0,0,5,0,5,2667,2672,2662,Aditi,373,S373
Aditi_374_S374,0,0,0,0,0,1882,1882,1882,Aditi,374,S374
Aditi_375_S375,0,0,0,0,0,3648,3648,3648,Aditi,375,S375
Aditi_376_S376,0,6,0,0,6,3120,3120,3114,Aditi,376,S376
Aditi_377_S377,0,0,0,0,0,2292,2292,2292,Aditi,377,S377
Aditi_378_S378,0,0,0,0,0,2320,2320,2320,Aditi,378,S378
Aditi_379_S379,0,0,0,0,0,2358,2358,2358,Aditi,379,S379
Aditi_38_S38,0,0,0,0,0,1898,1898,1898,Aditi,38,S38
Aditi_380_S380,0,0,2,0,2,2376,2376,2374,Aditi,380,S380
Aditi_381_S381,0,0,0,0,0,1486,1486,1486,Aditi,381,S381
Aditi_382_S382,0,0,0,0,0,3438,3438,3438,Aditi,382,S382
Aditi_383_S383,0,0,0,0,0,1796,1796,1796,Aditi,383,S383
Aditi_384_S384,0,0,0,0,0,1968,1968,1968,Aditi,384,S384
Aditi_385_S385,0,0,3,0,3,1651,1652,1648,Aditi,385,S385
Aditi_386_S386,0,0,2,0,2,3702,3702,3700,Aditi,386,S386
Aditi_387_S387,0,0,0,0,0,4118,4118,4118,Aditi,387,S387
Aditi_388_S388,0,0,2,0,2,3504,3504,3502,Aditi,388,S388
Aditi_389_S389,0,0,3,0,3,3715,3716,3712,Aditi,389,S389
Aditi_39_S39,0,0,6,0,6,2216,2216,2210,Aditi,39,S39
Aditi_390_S390,0,0,1,0,1,3559,3560,3558,Aditi,390,S390
Aditi_391_S391,0,0,3,0,3,4641,4642,4638,Aditi,391,S391
Aditi_392_S392,0,0,0,0,0,5912,5912,5912,Aditi,392,S392
Aditi_393_S393,0,0,4,0,4,2770,2770,2766,Aditi,393,S393
Aditi_394_S394,0,0,0,0,0,3186,3186,3186,Aditi,394,S394
Aditi_395_S395,0,0,2,0,2,3172,3172,3170,Aditi,395,S395
Aditi_396_S396,0,0,0,0,0,2214,2214,2214,Aditi,396,S396
Aditi_397_S397,0,0,1,0,1,3975,3976,3974,Aditi,397,S397
Aditi_398_S398,0,0,2,0,2,5016,5016,5014,Aditi,398,S398
Aditi_399_S399,0,0,0,0,0,3786,3786,3786,Aditi,399,S399
Aditi_4_S4,0,0,6,0,6,2062,2062,2056,Aditi,4,S4
Aditi_40_S40,0,0,2,0,2,4292,4292,4290,Aditi,40,S40
Aditi_400_S400,0,0,0,0,0,4324,4324,4324,Aditi,400,S400
Aditi_401_S401,0,0,0,0,0,4002,4002,4002,Aditi,401,S401
Aditi_402_S402,0,0,0,0,0,3460,3460,3460,Aditi,402,S402
Aditi_403_S403,0,0,2,0,2,3080,3080,3078,Aditi,403,S403
Aditi_404_S404,0,0,0,0,0,2652,2652,2652,Aditi,404,S404
Aditi_405_S405,0,0,1,0,1,3531,3532,3530,Aditi,405,S405
Aditi_406_S406,0,0,2,0,2,4038,4038,4036,Aditi,406,S406
Aditi_407_S407,0,0,0,0,0,4730,4730,4730,Aditi,407,S407
Aditi_408_S408,0,0,1,0,1,4563,4564,4562,Aditi,408,S408
Aditi_409_S409,0,0,2,0,2,3538,3538,3536,Aditi,409,S409
Aditi_41_S41,0,0,2,0,2,1584,1584,1582,Aditi,41,S41
Aditi_410_S410,0,0,1,0,1,3175,3176,3174,Aditi,410,S410
Aditi_411_S411,0,0,0,0,0,2668,2668,2668,Aditi,411,S411
Aditi_412_S412,0,0,3,0,3,2975,2976,2972,Aditi,412,S412
Aditi_413_S413,0,0,0,0,0,5914,5914,5914,Aditi,413,S413
Aditi_414_S414,0,0,0,0,0,3438,3438,3438,Aditi,414,S414
Aditi_415_S415,0,0,1,0,1,6511,6512,6510,Aditi,415,S415
Aditi_416_S416,0,0,0,0,0,5578,5578,5578,Aditi,416,S416
Aditi_417_S417,0,0,2,0,2,3028,3028,3026,Aditi,417,S417
Aditi_418_S418,0,0,0,0,0,2954,2954,2954,Aditi,418,S418
Aditi_419_S419,0,0,0,0,0,1672,1672,1672,Aditi,419,S419
Aditi_42_S42,0,0,0,0,0,1810,1810,1810,Aditi,42,S42
Aditi_420_S420,0,0,1,0,1,3609,3610,3608,Aditi,420,S420
Aditi_421_S421,0,0,0,0,0,5068,5068,5068,Aditi,421,S421
Aditi_422_S422,0,0,0,0,0,4518,4518,4518,Aditi,422,S422
Aditi_423_S423,0,0,1,0,1,4515,4516,4514,Aditi,423,S423
Aditi_424_S424,0,0,0,0,0,5252,5252,5252,Aditi,424,S424
Aditi_425_S425,0,0,2,0,2,3292,3292,3290,Aditi,425,S425
Aditi_426_S426,0,0,0,0,0,3238,3238,3238,Aditi,426,S426
Aditi_427_S427,0,0,0,0,0,3314,3314,3314,Aditi,427,S427
Aditi_428_S428,0,0,1,0,1,3491,3492,3490,Aditi,428,S428
Aditi_429_S429,0,0,0,0,0,4904,4904,4904,Aditi,429,S429
Aditi_43_S43,0,0,6,0,6,1912,1912,1906,Aditi,43,S43
Aditi_430_S430,0,0,1,0,1,3741,3742,3740,Aditi,430,S430
Aditi_431_S431,0,0,0,0,0,4606,4606,4606,Aditi,431,S431
Aditi_432_S432,0,0,0,0,0,7404,7404,7404,Aditi,432,S432
Aditi_433_S433,0,0,0,0,0,3978,3978,3978,Aditi,433,S433
Aditi_434_S434,0,0,0,0,0,4822,4822,4822,Aditi,434,S434
Aditi_435_S435,0,0,5,0,5,2357,2358,2352,Aditi,435,S435
Aditi_436_S436,0,0,0,0,0,3292,3292,3292,Aditi,436,S436
Aditi_437_S437,0,0,2,0,2,4494,4494,4492,Aditi,437,S437
Aditi_438_S438,0,0,2,0,2,3926,3926,3924,Aditi,438,S438
Aditi_439_S439,0,0,0,0,0,4686,4686,4686,Aditi,439,S439
Aditi_44_S44,0,0,4,0,4,1738,1738,1734,Aditi,44,S44
Aditi_440_S440,0,0,0,0,0,3244,3244,3244,Aditi,440,S440
Aditi_441_S441,0,0,0,0,0,3666,3666,3666,Aditi,441,S441
Aditi_442_S442,0,0,1,0,1,3847,3848,3846,Aditi,442,S442
Aditi_443_S443,0,0,0,0,0,2992,2992,2992,Aditi,443,S443
Aditi_444_S444,0,0,0,0,0,2458,2458,2458,Aditi,444,S444
Aditi_445_S445,0,0,0,0,0,4876,4876,4876,Aditi,445,S445
Aditi_446_S446,0,0,4,0,4,5052,5052,5048,Aditi,446,S446
Aditi_447_S447,0,0,0,0,0,5198,5198,5198,Aditi,447,S447
Aditi_448_S448,0,0,2,0,2,4130,4130,4128,Aditi,448,S448
Aditi_449_S449,0,0,2,0,2,3102,3102,3100,Aditi,449,S449
Aditi_45_S45,0,0,4,0,4,2252,2252,2248,Aditi,45,S45
Aditi_450_S450,0,0,1,0,1,3791,3792,3790,Aditi,450,S450
Aditi_451_S451,0,0,1,0,1,3003,3004,3002,Aditi,451,S451
Aditi_452_S452,0,0,0,0,0,2960,2960,2960,Aditi,452,S452
Aditi_453_S453,0,0,0,0,0,5726,5726,5726,Aditi,453,S453
Aditi_454_S454,0,0,1,0,1,5611,5612,5610,Aditi,454,S454
Aditi_455_S455,0,0,0,0,0,5940,5940,5940,Aditi,455,S455
Aditi_456_S456,0,0,0,0,0,5842,5842,5842,Aditi,456,S456
Aditi_457_S457,0,0,0,0,0,2946,2946,2946,Aditi,457,S457
Aditi_458_S458,0,0,0,0,0,3852,3852,3852,Aditi,458,S458
Aditi_459_S459,0,0,4,0,4,3604,3604,3600,Aditi,459,S459
Aditi_46_S46,0,0,4,0,4,2026,2026,2022,Aditi,46,S46
Aditi_460_S460,0,0,0,0,0,3354,3354,3354,Aditi,460,S460
Aditi_461_S461,0,0,0,0,0,4426,4426,4426,Aditi,461,S461
Aditi_462_S462,0,0,0,0,0,2634,2634,2634,Aditi,462,S462
Aditi_463_S463,0,0,0,0,0,5076,5076,5076,Aditi,463,S463
Aditi_464_S464,0,0,0,0,0,7690,7690,7690,Aditi,464,S464
Aditi_465_S465,0,0,0,0,0,2824,2824,2824,Aditi,465,S465
Aditi_466_S466,0,0,2,0,2,3106,3106,3104,Aditi,466,S466
Aditi_467_S467,0,0,2,0,2,4094,4096,4092,Aditi,467,S467
Aditi_468_S468,0,0,0,0,0,3430,3430,3430,Aditi,468,S468
Aditi_469_S469,0,0,38,0,38,8418,8456,8380,Aditi,469,S469
Aditi_47_S47,0,0,0,0,0,1996,1996,1996,Aditi,47,S47
Aditi_470_S470,0,0,0,0,0,2842,2842,2842,Aditi,470,S470
Aditi_471_S471,0,0,0,0,0,4524,4524,4524,Aditi,471,S471
Aditi_472_S472,0,0,0,0,0,5304,5304,5304,Aditi,472,S472
Aditi_473_S473,0,0,0,0,0,3140,3140,3140,Aditi,473,S473
Aditi_474_S474,0,0,0,0,0,2988,2988,2988,Aditi,474,S474
Aditi_475_S475,0,0,2,0,2,3584,3584,3582,Aditi,475,S475
Aditi_476_S476,0,0,0,0,0,2878,2878,2878,Aditi,476,S476
Aditi_477_S477,0,0,0,0,0,190,190,190,Aditi,477,S477
Aditi_478_S478,0,0,1,0,1,5539,5540,5538,Aditi,478,S478
Aditi_479_S479,0,0,4,0,4,5520,5520,5516,Aditi,479,S479
Aditi_48_S48,0,0,1,0,1,4653,4654,4652,Aditi,48,S48
Aditi_480_S480,0,0,0,0,0,4544,4544,4544,Aditi,480,S480
Aditi_481_S481,0,0,4,0,4,3382,3382,3378,Aditi,481,S481
Aditi_482_S482,0,0,2,0,2,4542,4542,4540,Aditi,482,S482
Aditi_483_S483,0,0,0,0,0,4964,4964,4964,Aditi,483,S483
Aditi_484_S484,0,0,0,0,0,3818,3818,3818,Aditi,484,S484
Aditi_485_S485,0,0,4,0,4,4402,4404,4398,Aditi,485,S485
Aditi_486_S486,0,0,5,0,5,4293,4294,4288,Aditi,486,S486
Aditi_487_S487,0,0,2,0,2,4438,4438,4436,Aditi,487,S487
Aditi_488_S488,0,0,1,0,1,5123,5124,5122,Aditi,488,S488
Aditi_489_S489,0,0,0,0,0,3330,3330,3330,Aditi,489,S489
Aditi_49_S49,0,0,0,0,0,1764,1764,1764,Aditi,49,S49
Aditi_490_S490,0,0,0,0,0,3326,3326,3326,Aditi,490,S490
Aditi_491_S491,0,0,0,0,0,3854,3854,3854,Aditi,491,S491
Aditi_492_S492,0,0,5,0,5,3385,3386,3380,Aditi,492,S492
Aditi_493_S493,0,0,0,0,0,4032,4032,4032,Aditi,493,S493
Aditi_494_S494,0,0,0,0,0,3588,3588,3588,Aditi,494,S494
Aditi_495_S495,0,0,2,0,2,4456,4456,4454,Aditi,495,S495
Aditi_496_S496,0,0,2,0,2,4382,4382,4380,Aditi,496,S496
Aditi_497_S497,0,0,0,0,0,3060,3060,3060,Aditi,497,S497
Aditi_498_S498,0,0,0,0,0,4190,4190,4190,Aditi,498,S498
Aditi_499_S499,0,0,0,0,0,3658,3658,3658,Aditi,499,S499
Aditi_5_S5,0,5,4,0,9,1703,1702,1694,Aditi,5,S5
Aditi_50_S50,0,0,3,0,3,1865,1866,1862,Aditi,50,S50
Aditi_500_S500,0,0,2,0,2,4116,4116,4114,Aditi,500,S500
Aditi_501_S501,0,0,3,0,3,3305,3308,3302,Aditi,501,S501
Aditi_502_S502,0,0,0,0,0,3096,3096,3096,Aditi,502,S502
Aditi_503_S503,0,0,2,0,2,3848,3848,3846,Aditi,503,S503
Aditi_504_S504,0,0,0,0,0,3578,3578,3578,Aditi,504,S504
Aditi_505_S505,0,0,0,0,0,2942,2942,2942,Aditi,505,S505
Aditi_506_S506,0,0,1,0,1,3689,3690,3688,Aditi,506,S506
Aditi_507_S507,0,0,0,0,0,3002,3002,3002,Aditi,507,S507
Aditi_508_S508,0,0,0,0,0,3986,3986,3986,Aditi,508,S508
Aditi_509_S509,0,0,0,0,0,4640,4640,4640,Aditi,509,S509
Aditi_51_S51,0,0,19,0,19,1915,1916,1896,Aditi,51,S51
Aditi_510_S510,0,0,0,0,0,3204,3204,3204,Aditi,510,S510
Aditi_511_S511,0,0,2,0,2,4282,4284,4280,Aditi,511,S511
Aditi_512_S512,0,0,2,0,2,3560,3560,3558,Aditi,512,S512
Aditi_513_S513,0,0,0,0,0,2680,2680,2680,Aditi,513,S513
Aditi_514_S514,0,0,0,0,0,3628,3628,3628,Aditi,514,S514
Aditi_515_S515,0,0,2,0,2,4124,4124,4122,Aditi,515,S515
Aditi_516_S516,0,0,3,0,3,3763,3764,3760,Aditi,516,S516
Aditi_517_S517,0,0,1,0,1,3565,3566,3564,Aditi,517,S517
Aditi_518_S518,0,0,0,0,0,3670,3670,3670,Aditi,518,S518
Aditi_519_S519,0,0,0,0,0,3686,3686,3686,Aditi,519,S519
Aditi_52_S52,0,0,4,0,4,1782,1782,1778,Aditi,52,S52
Aditi_520_S520,0,0,1,0,1,4243,4244,4242,Aditi,520,S520
Aditi_521_S521,0,0,0,0,0,3512,3512,3512,Aditi,521,S521
Aditi_522_S522,0,0,0,0,0,3422,3422,3422,Aditi,522,S522
Aditi_523_S523,0,0,0,0,0,4438,4438,4438,Aditi,523,S523
Aditi_524_S524,0,0,1,0,1,3851,3852,3850,Aditi,524,S524
Aditi_525_S525,0,0,0,0,0,3604,3604,3604,Aditi,525,S525
Aditi_526_S526,0,0,0,0,0,3078,3078,3078,Aditi,526,S526
Aditi_527_S527,0,0,2,0,2,3740,3740,3738,Aditi,527,S527
Aditi_528_S528,0,0,0,0,0,6172,6172,6172,Aditi,528,S528
Aditi_529_S529,0,0,1,0,1,3449,3450,3448,Aditi,529,S529
Aditi_53_S53,0,0,0,0,0,1748,1748,1748,Aditi,53,S53
Aditi_530_S530,0,0,0,0,0,4816,4816,4816,Aditi,530,S530
Aditi_531_S531,0,0,2,0,2,3712,3712,3710,Aditi,531,S531
Aditi_532_S532,0,0,0,0,0,3162,3162,3162,Aditi,532,S532
Aditi_533_S533,0,0,4,0,4,3046,3046,3042,Aditi,533,S533
Aditi_534_S534,0,0,2,0,2,4060,4060,4058,Aditi,534,S534
Aditi_535_S535,0,0,2,0,2,3524,3524,3522,Aditi,535,S535
Aditi_536_S536,0,0,0,0,0,3074,3074,3074,Aditi,536,S536
Aditi_537_S537,0,0,0,0,0,3478,3478,3478,Aditi,537,S537
Aditi_538_S538,0,0,0,0,0,3644,3644,3644,Aditi,538,S538
Aditi_539_S539,0,0,0,0,0,2882,2882,2882,Aditi,539,S539
Aditi_54_S54,0,0,4,0,4,2096,2096,2092,Aditi,54,S54
Aditi_540_S540,0,0,0,0,0,3544,3544,3544,Aditi,540,S540
Aditi_541_S541,0,0,2,0,2,3770,3772,3768,Aditi,541,S541
Aditi_542_S542,0,0,0,0,0,3922,3922,3922,Aditi,542,S542
Aditi_543_S543,0,0,0,0,0,3964,3964,3964,Aditi,543,S543
Aditi_544_S544,0,0,0,0,0,2918,2918,2918,Aditi,544,S544
Aditi_545_S545,0,0,2,0,2,3158,3158,3156,Aditi,545,S545
Aditi_546_S546,0,0,0,0,0,3504,3504,3504,Aditi,546,S546
Aditi_547_S547,0,0,3,0,3,3921,3922,3918,Aditi,547,S547
Aditi_548_S548,0,0,1,0,1,3839,3840,3838,Aditi,548,S548
Aditi_549_S549,0,0,0,0,0,4476,4476,4476,Aditi,549,S549
Aditi_55_S55,0,0,0,0,0,4808,4808,4808,Aditi,55,S55
Aditi_550_S550,0,0,0,0,0,4232,4232,4232,Aditi,550,S550
Aditi_551_S551,0,0,0,0,0,4166,4166,4166,Aditi,551,S551
Aditi_552_S552,0,0,0,0,0,3668,3668,3668,Aditi,552,S552
Aditi_553_S553,0,0,0,0,0,3698,3698,3698,Aditi,553,S553
Aditi_554_S554,0,0,0,0,0,3970,3970,3970,Aditi,554,S554
Aditi_555_S555,0,0,1,0,1,3811,3812,3810,Aditi,555,S555
Aditi_556_S556,0,0,2,0,2,2886,2886,2884,Aditi,556,S556
Aditi_557_S557,0,0,0,0,0,3468,3468,3468,Aditi,557,S557
Aditi_558_S558,0,0,2,0,2,3152,3152,3150,Aditi,558,S558
Aditi_559_S559,0,0,0,0,0,4280,4280,4280,Aditi,559,S559
Aditi_56_S56,0,0,201,0,201,44089,44092,43888,Aditi,56,S56
Aditi_560_S560,0,0,3,0,3,5913,5916,5910,Aditi,560,S560
Aditi_561_S561,0,0,3,0,3,3473,3474,3470,Aditi,561,S561
Aditi_562_S562,0,0,0,0,0,3072,3072,3072,Aditi,562,S562
Aditi_563_S563,0,0,1,0,1,5247,5248,5246,Aditi,563,S563
Aditi_564_S564,0,0,0,0,0,4208,4208,4208,Aditi,564,S564
Aditi_565_S565,0,0,16,0,16,4362,4378,4346,Aditi,565,S565
Aditi_566_S566,0,0,0,0,0,2714,2714,2714,Aditi,566,S566
Aditi_567_S567,0,0,1,0,1,3443,3444,3442,Aditi,567,S567
Aditi_568_S568,0,0,2,0,2,3934,3934,3932,Aditi,568,S568
Aditi_569_S569,0,0,0,0,0,1804,1804,1804,Aditi,569,S569
Aditi_57_S57,0,0,4,0,4,1802,1802,1798,Aditi,57,S57
Aditi_570_S570,0,0,0,0,0,2730,2730,2730,Aditi,570,S570
Aditi_571_S571,0,0,3,0,3,4733,4736,4730,Aditi,571,S571
Aditi_572_S572,0,0,1,0,1,3219,3220,3218,Aditi,572,S572
Aditi_573_S573,0,0,0,0,0,1964,1964,1964,Aditi,573,S573
Aditi_574_S574,0,0,0,0,0,3120,3120,3120,Aditi,574,S574
Aditi_575_S575,0,0,0,0,0,3792,3792,3792,Aditi,575,S575
Aditi_576_S576,0,0,0,0,0,2778,2778,2778,Aditi,576,S576
Aditi_577_S577,0,0,208,0,208,1498,1500,1290,Aditi,577,S577
Aditi_578_S578,0,0,134,0,134,1752,1760,1618,Aditi,578,S578
Aditi_579_S579,0,0,55,0,55,1801,1802,1746,Aditi,579,S579
Aditi_58_S58,0,0,2,0,2,1776,1776,1774,Aditi,58,S58
Aditi_580_S580,0,0,30,0,30,3938,3938,3908,Aditi,580,S580
Aditi_581_S581,0,0,41,0,41,2369,2372,2328,Aditi,581,S581
Aditi_582_S582,0,0,47,0,47,2173,2174,2126,Aditi,582,S582
Aditi_583_S583,0,0,592,0,592,1992,1996,1400,Aditi,583,S583
Aditi_584_S584,0,0,168,0,168,2240,2244,2072,Aditi,584,S584
Aditi_585_S585,0,0,87332,0,87332,92108,93104,4776,Aditi,585,S585
Aditi_586_S586,0,0,6351,0,6351,8585,8666,2234,Aditi,586,S586
Aditi_587_S587,0,0,308,0,308,2386,2390,2078,Aditi,587,S587
Aditi_588_S588,0,0,94,0,94,1830,1832,1736,Aditi,588,S588
Aditi_589_S589,0,0,11190,0,11190,12766,12898,1576,Aditi,589,S589
Aditi_59_S59,0,0,12,0,12,1658,1658,1646,Aditi,59,S59
Aditi_590_S590,0,0,132,0,132,2840,2844,2708,Aditi,590,S590
Aditi_591_S591,0,0,257,0,257,2977,2986,2720,Aditi,591,S591
Aditi_592_S592,0,0,99351,0,99351,102507,103586,3156,Aditi,592,S592
Aditi_593_S593,0,0,195,0,195,2917,2926,2722,Aditi,593,S593
Aditi_594_S594,0,0,9897,0,9897,12223,12318,2326,Aditi,594,S594
Aditi_595_S595,0,0,185,0,185,2645,2648,2460,Aditi,595,S595
Aditi_596_S596,0,0,123,0,123,2495,2500,2372,Aditi,596,S596
Aditi_597_S597,0,0,10447,0,10447,12233,12326,1786,Aditi,597,S597
Aditi_598_S598,0,0,38,0,38,3294,3294,3256,Aditi,598,S598
Aditi_599_S599,0,0,24,0,24,1958,1960,1934,Aditi,599,S599
Aditi_6_S6,0,10,4,0,14,1342,1340,1328,Aditi,6,S6
Aditi_60_S60,0,0,0,0,0,2112,2112,2112,Aditi,60,S60
Aditi_600_S600,0,0,58978,0,58978,61506,62184,2528,Aditi,600,S600
Aditi_601_S601,0,0,73,0,73,1895,1898,1822,Aditi,601,S601
Aditi_602_S602,0,0,3802,0,3802,7128,7186,3326,Aditi,602,S602
Aditi_603_S603,0,0,780,0,780,3928,3936,3148,Aditi,603,S603
Aditi_604_S604,0,0,129,0,129,2933,2940,2804,Aditi,604,S604
Aditi_605_S605,0,0,67,0,67,3419,3424,3352,Aditi,605,S605
Aditi_606_S606,0,0,1037,0,1037,2907,2920,1870,Aditi,606,S606
Aditi_607_S607,0,0,338,0,338,4068,4076,3730,Aditi,607,S607
Aditi_608_S608,0,0,623,0,623,3593,3602,2970,Aditi,608,S608
Aditi_609_S609,0,0,106,0,106,2806,2810,2700,Aditi,609,S609
Aditi_61_S61,0,0,0,0,0,1626,1626,1626,Aditi,61,S61
Aditi_610_S610,0,0,78187,0,78187,80735,81630,2548,Aditi,610,S610
Aditi_611_S611,0,0,14,0,14,3078,3078,3064,Aditi,611,S611
Aditi_612_S612,0,0,254,0,254,2720,2724,2466,Aditi,612,S612
Aditi_613_S613,0,0,1443,0,1443,3371,3382,1928,Aditi,613,S613
Aditi_614_S614,0,0,55,0,55,2595,2600,2540,Aditi,614,S614
Aditi_615_S615,0,0,32,0,32,3220,3224,3188,Aditi,615,S615
Aditi_616_S616,0,0,49,0,49,1241,1242,1192,Aditi,616,S616
Aditi_617_S617,0,0,192,0,192,3406,3410,3214,Aditi,617,S617
Aditi_618_S618,0,0,271,0,271,2021,2026,1750,Aditi,618,S618
Aditi_619_S619,0,0,39868,0,39868,41888,42260,2020,Aditi,619,S619
Aditi_62_S62,0,0,0,0,0,2296,2296,2296,Aditi,62,S62
Aditi_620_S620,0,0,1420,0,1420,3782,3800,2362,Aditi,620,S620
Aditi_621_S621,0,0,88,0,88,1992,1992,1904,Aditi,621,S621
Aditi_622_S622,0,0,28870,0,28870,31354,31650,2484,Aditi,622,S622
Aditi_623_S623,0,0,92,0,92,2678,2682,2586,Aditi,623,S623
Aditi_624_S624,0,0,3427,0,3427,7623,7652,4196,Aditi,624,S624
Aditi_625_S625,0,0,399,0,399,2497,2502,2098,Aditi,625,S625
Aditi_626_S626,0,0,23,0,23,2133,2134,2110,Aditi,626,S626
Aditi_627_S627,0,0,150,0,150,2004,2008,1854,Aditi,627,S627
Aditi_628_S628,0,0,229,0,229,1911,1914,1682,Aditi,628,S628
Aditi_629_S629,0,0,167,0,167,1759,1762,1592,Aditi,629,S629
Aditi_63_S63,0,0,0,0,0,3528,3528,3528,Aditi,63,S63
Aditi_630_S630,0,0,221,0,221,2867,2870,2646,Aditi,630,S630
Aditi_631_S631,0,0,164,0,164,3324,3332,3160,Aditi,631,S631
Aditi_632_S632,0,0,14,0,14,2754,2754,2740,Aditi,632,S632
Aditi_633_S633,0,0,160220,0,160220,165932,167526,5712,Aditi,633,S633
Aditi_634_S634,0,0,326,0,326,1480,1486,1154,Aditi,634,S634
Aditi_635_S635,0,0,2343,0,2343,5097,5132,2754,Aditi,635,S635
Aditi_636_S636,0,0,481,0,481,1797,1816,1316,Aditi,636,S636
Aditi_637_S637,0,0,5338,0,5338,7408,7450,2070,Aditi,637,S637
Aditi_638_S638,0,0,136,0,136,2708,2712,2572,Aditi,638,S638
Aditi_639_S639,0,0,40,0,40,3040,3042,3000,Aditi,639,S639
Aditi_64_S64,0,18,2,0,20,19604,19618,19584,Aditi,64,S64
Aditi_640_S640,0,0,2608,0,2608,4672,4704,2064,Aditi,640,S640
Aditi_641_S641,0,0,102460,0,102460,104618,105606,2158,Aditi,641,S641
Aditi_642_S642,0,0,39,0,39,2213,2214,2174,Aditi,642,S642
Aditi_643_S643,0,0,91,0,91,2219,2220,2128,Aditi,643,S643
Aditi_644_S644,0,0,6637,0,6637,8851,8934,2214,Aditi,644,S644
Aditi_645_S645,0,0,325,0,325,2701,2716,2376,Aditi,645,S645
Aditi_646_S646,0,0,226,0,226,2294,2300,2068,Aditi,646,S646
Aditi_647_S647,0,0,61,0,61,3147,3148,3086,Aditi,647,S647
Aditi_648_S648,0,0,228,0,228,5800,5802,5572,Aditi,648,S648
Aditi_649_S649,0,0,42293,0,42293,44741,45138,2448,Aditi,649,S649
Aditi_65_S65,0,0,4,0,4,694,694,690,Aditi,65,S65
Aditi_650_S650,0,0,221,0,221,2603,2610,2382,Aditi,650,S650
Aditi_651_S651,0,0,52,0,52,2236,2238,2184,Aditi,651,S651
Aditi_652_S652,0,0,50607,0,50607,54587,55094,3980,Aditi,652,S652
Aditi_653_S653,0,0,184,0,184,4630,4632,4446,Aditi,653,S653
Aditi_654_S654,0,0,37,0,37,1741,1742,1704,Aditi,654,S654
Aditi_655_S655,0,0,4666,0,4666,8164,8230,3498,Aditi,655,S655
Aditi_656_S656,0,0,66,0,66,4966,4970,4900,Aditi,656,S656
Aditi_657_S657,0,0,306,0,306,3510,3518,3204,Aditi,657,S657
Aditi_658_S658,0,0,497,0,497,3139,3146,2642,Aditi,658,S658
Aditi_659_S659,0,0,107,0,107,3221,3222,3114,Aditi,659,S659
Aditi_66_S66,0,0,2,0,2,1770,1770,1768,Aditi,66,S66
Aditi_660_S660,0,0,45,0,45,2215,2216,2170,Aditi,660,S660
Aditi_661_S661,0,0,19,0,19,4213,4224,4194,Aditi,661,S661
Aditi_662_S662,0,0,15,0,15,1903,1904,1888,Aditi,662,S662
Aditi_663_S663,0,0,577,0,577,2921,2928,2344,Aditi,663,S663
Aditi_664_S664,0,0,4567,0,4567,7855,7910,3288,Aditi,664,S664
Aditi_665_S665,0,0,444,0,444,3566,3568,3122,Aditi,665,S665
Aditi_666_S666,0,0,87,0,87,1729,1730,1642,Aditi,666,S666
Aditi_667_S667,0,0,10,0,10,2232,2232,2222,Aditi,667,S667
Aditi_668_S668,0,0,99,0,99,2959,2966,2860,Aditi,668,S668
Aditi_669_S669,0,0,77636,0,77636,79380,80160,1744,Aditi,669,S669
Aditi_67_S67,0,0,5,0,5,1601,1602,1596,Aditi,67,S67
Aditi_670_S670,0,0,121783,0,121783,125027,126204,3244,Aditi,670,S670
Aditi_671_S671,0,0,60,0,60,2064,2066,2004,Aditi,671,S671
Aditi_672_S672,0,0,207391,0,207391,211049,213164,3658,Aditi,672,S672
Aditi_673_S673,0,0,55,0,55,3511,3512,3456,Aditi,673,S673
Aditi_674_S674,0,0,5,0,5,3851,3852,3846,Aditi,674,S674
Aditi_675_S675,0,0,12,0,12,6946,6946,6934,Aditi,675,S675
Aditi_676_S676,0,0,8,0,8,3490,3490,3482,Aditi,676,S676
Aditi_677_S677,0,0,1,0,1,3813,3814,3812,Aditi,677,S677
Aditi_678_S678,0,0,1,0,1,3175,3176,3174,Aditi,678,S678
Aditi_679_S679,0,0,2,0,2,3416,3416,3414,Aditi,679,S679
Aditi_68_S68,0,0,0,0,0,1886,1886,1886,Aditi,68,S68
Aditi_680_S680,0,0,1,0,1,3871,3872,3870,Aditi,680,S680
Aditi_681_S681,0,0,18,0,18,3218,3218,3200,Aditi,681,S681
Aditi_682_S682,0,0,79,0,79,3915,3916,3836,Aditi,682,S682
Aditi_683_S683,0,0,0,0,0,3598,3598,3598,Aditi,683,S683
Aditi_684_S684,0,0,15,0,15,2435,2436,2420,Aditi,684,S684
Aditi_685_S685,0,0,3,0,3,3209,3210,3206,Aditi,685,S685
Aditi_686_S686,0,0,30293,0,30293,34889,35198,4596,Aditi,686,S686
Aditi_687_S687,0,0,0,0,0,2642,2642,2642,Aditi,687,S687
Aditi_688_S688,0,0,6,0,6,4254,4256,4248,Aditi,688,S688
Aditi_689_S689,0,0,5598,0,5598,9902,9976,4304,Aditi,689,S689
Aditi_69_S69,0,0,1,0,1,2057,2058,2056,Aditi,69,S69
Aditi_690_S690,0,0,4,0,4,5554,5554,5550,Aditi,690,S690
Aditi_691_S691,0,0,5,0,5,3175,3176,3170,Aditi,691,S691
Aditi_692_S692,0,0,68,0,68,3398,3400,3330,Aditi,692,S692
Aditi_693_S693,0,0,0,0,0,3264,3264,3264,Aditi,693,S693
Aditi_694_S694,0,0,1,0,1,3307,3308,3306,Aditi,694,S694
Aditi_695_S695,0,0,0,0,0,4756,4756,4756,Aditi,695,S695
Aditi_696_S696,0,0,0,0,0,3700,3700,3700,Aditi,696,S696
Aditi_697_S697,0,0,402,0,402,4970,4972,4568,Aditi,697,S697
Aditi_698_S698,0,0,17,0,17,4307,4308,4290,Aditi,698,S698
Aditi_699_S699,0,0,1,0,1,3597,3598,3596,Aditi,699,S699
Aditi_7_S7,0,0,12,0,12,1808,1808,1796,Aditi,7,S7
Aditi_70_S70,0,0,2,0,2,1918,1918,1916,Aditi,70,S70
Aditi_700_S700,0,0,15,0,15,3859,3860,3844,Aditi,700,S700
Aditi_701_S701,0,0,4,0,4,4304,4304,4300,Aditi,701,S701
Aditi_702_S702,0,0,11,0,11,2739,2740,2728,Aditi,702,S702
Aditi_703_S703,0,0,0,0,0,5096,5096,5096,Aditi,703,S703
Aditi_704_S704,0,0,18,0,18,3432,3432,3414,Aditi,704,S704
Aditi_705_S705,0,0,10,0,10,4194,4196,4184,Aditi,705,S705
Aditi_706_S706,0,0,16,0,16,3370,3370,3354,Aditi,706,S706
Aditi_707_S707,0,0,2,0,2,3634,3634,3632,Aditi,707,S707
Aditi_708_S708,0,0,16,0,16,4312,4312,4296,Aditi,708,S708
Aditi_709_S709,0,0,0,0,0,3808,3808,3808,Aditi,709,S709
Aditi_71_S71,0,0,3,0,3,2385,2386,2382,Aditi,71,S71
Aditi_710_S710,0,0,10,0,10,3488,3488,3478,Aditi,710,S710
Aditi_711_S711,0,0,10,0,10,2776,2776,2766,Aditi,711,S711
Aditi_712_S712,0,0,2,0,2,3582,3582,3580,Aditi,712,S712
Aditi_713_S713,0,0,10,0,10,4462,4462,4452,Aditi,713,S713
Aditi_714_S714,0,0,0,0,0,3770,3770,3770,Aditi,714,S714
Aditi_715_S715,0,0,17,0,17,3413,3414,3396,Aditi,715,S715
Aditi_716_S716,0,0,160,0,160,2282,2286,2122,Aditi,716,S716
Aditi_717_S717,0,0,18,0,18,2756,2756,2738,Aditi,717,S717
Aditi_718_S718,0,0,0,0,0,3372,3372,3372,Aditi,718,S718
Aditi_719_S719,0,0,11,0,11,3621,3622,3610,Aditi,719,S719
Aditi_72_S72,0,70,0,0,70,44108,44108,44038,Aditi,72,S72
Aditi_720_S720,0,0,2,0,2,3544,3546,3542,Aditi,720,S720
Aditi_721_S721,0,0,0,0,0,4104,4104,4104,Aditi,721,S721
Aditi_722_S722,0,0,20,0,20,5068,5068,5048,Aditi,722,S722
Aditi_723_S723,0,0,2,0,2,4352,4352,4350,Aditi,723,S723
Aditi_724_S724,0,2,8,0,10,4302,4302,4292,Aditi,724,S724
Aditi_725_S725,0,0,6,0,6,3860,3860,3854,Aditi,725,S725
Aditi_726_S726,0,0,4,0,4,3670,3670,3666,Aditi,726,S726
Aditi_727_S727,0,0,0,0,0,4084,4084,4084,Aditi,727,S727
Aditi_728_S728,0,0,0,0,0,2278,2278,2278,Aditi,728,S728
Aditi_729_S729,0,0,4,0,4,4464,4464,4460,Aditi,729,S729
Aditi_73_S73,0,0,0,0,0,1686,1686,1686,Aditi,73,S73
Aditi_730_S730,0,0,14,0,14,3252,3252,3238,Aditi,730,S730
Aditi_731_S731,0,0,3,0,3,3877,3878,3874,Aditi,731,S731
Aditi_732_S732,0,0,7,0,7,3671,3672,3664,Aditi,732,S732
Aditi_733_S733,0,0,3,0,3,3303,3304,3300,Aditi,733,S733
Aditi_734_S734,0,0,0,0,0,4012,4012,4012,Aditi,734,S734
Aditi_735_S735,0,0,0,0,0,2956,2956,2956,Aditi,735,S735
Aditi_736_S736,0,0,18,0,18,3198,3198,3180,Aditi,736,S736
Aditi_737_S737,0,0,26,0,26,4974,4974,4948,Aditi,737,S737
Aditi_738_S738,0,0,10,0,10,4032,4034,4022,Aditi,738,S738
Aditi_739_S739,0,0,23322,0,23322,26152,26398,2830,Aditi,739,S739
Aditi_74_S74,0,0,8,0,8,1910,1910,1902,Aditi,74,S74
Aditi_740_S740,0,0,1545,0,1545,4849,4860,3304,Aditi,740,S740
Aditi_741_S741,0,0,12,0,12,4352,4352,4340,Aditi,741,S741
Aditi_742_S742,0,0,0,0,0,3912,3912,3912,Aditi,742,S742
Aditi_743_S743,0,0,5,0,5,3425,3426,3420,Aditi,743,S743
Aditi_744_S744,0,0,6,0,6,4074,4074,4068,Aditi,744,S744
Aditi_745_S745,0,0,2,0,2,4674,4674,4672,Aditi,745,S745
Aditi_746_S746,0,0,4,0,4,4258,4258,4254,Aditi,746,S746
Aditi_747_S747,0,0,13,0,13,3567,3568,3554,Aditi,747,S747
Aditi_748_S748,0,0,2,0,2,3500,3500,3498,Aditi,748,S748
Aditi_749_S749,0,0,0,0,0,4206,4206,4206,Aditi,749,S749
Aditi_75_S75,0,0,6,0,6,1910,1910,1904,Aditi,75,S75
Aditi_750_S750,0,0,0,0,0,3012,3012,3012,Aditi,750,S750
Aditi_751_S751,0,0,8,0,8,3098,3098,3090,Aditi,751,S751
Aditi_752_S752,0,0,2,0,2,3510,3510,3508,Aditi,752,S752
Aditi_753_S753,0,0,12,0,12,3152,3152,3140,Aditi,753,S753
Aditi_754_S754,0,0,6,0,6,2808,2808,2802,Aditi,754,S754
Aditi_755_S755,0,0,2,0,2,3376,3376,3374,Aditi,755,S755
Aditi_756_S756,0,0,4,0,4,3882,3882,3878,Aditi,756,S756
Aditi_757_S757,0,0,27,0,27,4817,4826,4790,Aditi,757,S757
Aditi_758_S758,0,0,0,0,0,2250,2250,2250,Aditi,758,S758
Aditi_759_S759,0,0,8,0,8,2904,2904,2896,Aditi,759,S759
Aditi_76_S76,0,0,11,0,11,1891,1892,1880,Aditi,76,S76
Aditi_760_S760,0,0,13,0,13,2757,2758,2744,Aditi,760,S760
Aditi_761_S761,0,0,5,0,5,3907,3908,3902,Aditi,761,S761
Aditi_762_S762,0,0,0,0,0,3708,3708,3708,Aditi,762,S762
Aditi_763_S763,0,0,4,0,4,3392,3392,3388,Aditi,763,S763
Aditi_764_S764,0,0,98208,0,98208,102612,103516,4404,Aditi,764,S764
Aditi_765_S765,0,0,4,0,4,1890,1890,1886,Aditi,765,S765
Aditi_766_S766,0,0,9,0,9,3645,3646,3636,Aditi,766,S766
Aditi_767_S767,0,0,4,0,4,2534,2534,2530,Aditi,767,S767
Aditi_768_S768,0,0,4,0,4,210,210,206,Aditi,768,S768
Aditi_769_S769,0,0,0,0,0,5742,5742,5742,Aditi,769,S769
Aditi_77_S77,0,0,4,0,4,1752,1752,1748,Aditi,77,S77
Aditi_770_S770,0,0,0,0,0,5606,5606,5606,Aditi,770,S770
Aditi_771_S771,0,0,0,0,0,5428,5428,5428,Aditi,771,S771
Aditi_772_S772,0,0,1,0,1,5349,5350,5348,Aditi,772,S772
Aditi_773_S773,0,2,4,0,6,6586,6586,6580,Aditi,773,S773
Aditi_774_S774,0,0,0,0,0,5342,5342,5342,Aditi,774,S774
Aditi_775_S775,0,0,3,0,3,5455,5456,5452,Aditi,775,S775
Aditi_776_S776,0,0,0,0,0,2886,2886,2886,Aditi,776,S776
Aditi_777_S777,0,0,5,0,5,4915,4916,4910,Aditi,777,S777
Aditi_778_S778,0,0,1,0,1,5715,5716,5714,Aditi,778,S778
Aditi_779_S779,0,0,3,0,3,6045,6046,6042,Aditi,779,S779
Aditi_78_S78,0,0,0,0,0,1848,1848,1848,Aditi,78,S78
Aditi_780_S780,0,0,0,0,0,4254,4254,4254,Aditi,780,S780
Aditi_781_S781,0,0,1,0,1,6041,6042,6040,Aditi,781,S781
Aditi_782_S782,0,0,4,0,4,6400,6402,6396,Aditi,782,S782
Aditi_783_S783,0,0,1,0,1,4551,4552,4550,Aditi,783,S783
Aditi_784_S784,0,0,0,0,0,6350,6350,6350,Aditi,784,S784
Aditi_785_S785,0,0,1,0,1,4381,4382,4380,Aditi,785,S785
Aditi_786_S786,0,0,0,0,0,6084,6084,6084,Aditi,786,S786
Aditi_787_S787,0,0,0,0,0,6740,6740,6740,Aditi,787,S787
Aditi_788_S788,0,0,2755,0,2755,7581,7618,4826,Aditi,788,S788
Aditi_789_S789,0,0,1,0,1,5083,5084,5082,Aditi,789,S789
Aditi_79_S79,0,0,2,0,2,3208,3208,3206,Aditi,79,S79
Aditi_790_S790,0,0,0,0,0,5114,5114,5114,Aditi,790,S790
Aditi_791_S791,0,0,0,0,0,7118,7118,7118,Aditi,791,S791
Aditi_792_S792,0,0,2,0,2,6562,6564,6560,Aditi,792,S792
Aditi_793_S793,0,0,0,0,0,4412,4412,4412,Aditi,793,S793
Aditi_794_S794,0,0,3,0,3,5883,5884,5880,Aditi,794,S794
Aditi_795_S795,0,0,0,0,0,4288,4288,4288,Aditi,795,S795
Aditi_796_S796,0,0,4,0,4,5082,5084,5078,Aditi,796,S796
Aditi_797_S797,0,0,4,0,4,6380,6382,6376,Aditi,797,S797
Aditi_798_S798,0,0,31,0,31,5389,5390,5358,Aditi,798,S798
Aditi_799_S799,0,0,1,0,1,5983,5984,5982,Aditi,799,S799
Aditi_8_S8,0,2,16,0,18,8532,8532,8514,Aditi,8,S8
Aditi_80_S80,0,64,8,0,72,7794,7798,7722,Aditi,80,S80
Aditi_800_S800,0,0,1,0,1,4229,4230,4228,Aditi,800,S800
Aditi_801_S801,0,0,2,0,2,3572,3572,3570,Aditi,801,S801
Aditi_802_S802,0,0,3,0,3,7129,7130,7126,Aditi,802,S802
Aditi_803_S803,0,0,1,0,1,5487,5488,5486,Aditi,803,S803
Aditi_804_S804,0,0,2,0,2,4500,4500,4498,Aditi,804,S804
Aditi_805_S805,0,0,0,0,0,5878,5878,5878,Aditi,805,S805
Aditi_806_S806,0,0,3,0,3,6081,6084,6078,Aditi,806,S806
Aditi_807_S807,0,0,1,0,1,7207,7208,7206,Aditi,807,S807
Aditi_808_S808,0,0,5,0,5,5831,5832,5826,Aditi,808,S808
Aditi_809_S809,0,0,0,0,0,4744,4744,4744,Aditi,809,S809
Aditi_81_S81,0,0,0,0,0,1384,1384,1384,Aditi,81,S81
Aditi_810_S810,0,4,1,0,5,6331,6332,6326,Aditi,810,S810
Aditi_811_S811,0,0,3,0,3,6427,6430,6424,Aditi,811,S811
Aditi_812_S812,0,4,4,0,8,8576,8576,8568,Aditi,812,S812
Aditi_813_S813,0,0,1,0,1,4827,4828,4826,Aditi,813,S813
Aditi_814_S814,0,0,1,0,1,5349,5350,5348,Aditi,814,S814
Aditi_815_S815,0,0,0,0,0,7578,7578,7578,Aditi,815,S815
Aditi_816_S816,0,0,0,0,0,7012,7012,7012,Aditi,816,S816
Aditi_817_S817,0,0,2,0,2,2830,2832,2828,Aditi,817,S817
Aditi_818_S818,0,0,0,0,0,5916,5916,5916,Aditi,818,S818
Aditi_819_S819,0,0,1,0,1,5887,5888,5886,Aditi,819,S819
Aditi_82_S82,0,0,2,0,2,346,346,344,Aditi,82,S82
Aditi_820_S820,0,0,0,0,0,5500,5500,5500,Aditi,820,S820
Aditi_821_S821,0,0,1,0,1,5213,5214,5212,Aditi,821,S821
Aditi_822_S822,0,0,0,0,0,7480,7480,7480,Aditi,822,S822
Aditi_823_S823,0,0,2,0,2,5550,5552,5548,Aditi,823,S823
Aditi_824_S824,0,0,0,0,0,3626,3626,3626,Aditi,824,S824
Aditi_825_S825,0,0,0,0,0,2590,2590,2590,Aditi,825,S825
Aditi_826_S826,0,0,0,0,0,5956,5956,5956,Aditi,826,S826
Aditi_827_S827,0,0,2,0,2,5850,5850,5848,Aditi,827,S827
Aditi_828_S828,0,0,0,0,0,5782,5782,5782,Aditi,828,S828
Aditi_829_S829,0,0,0,0,0,5832,5832,5832,Aditi,829,S829
Aditi_83_S83,0,0,0,0,0,2100,2100,2100,Aditi,83,S83
Aditi_830_S830,0,0,0,0,0,5926,5926,5926,Aditi,830,S830
Aditi_831_S831,0,0,0,0,0,3722,3722,3722,Aditi,831,S831
Aditi_832_S832,0,0,0,0,0,4438,4438,4438,Aditi,832,S832
Aditi_833_S833,0,0,0,0,0,6684,6684,6684,Aditi,833,S833
Aditi_834_S834,0,0,1,0,1,6917,6918,6916,Aditi,834,S834
Aditi_835_S835,0,0,0,0,0,7784,7784,7784,Aditi,835,S835
Aditi_836_S836,0,0,0,0,0,6850,6850,6850,Aditi,836,S836
Aditi_837_S837,0,0,0,0,0,7090,7090,7090,Aditi,837,S837
Aditi_838_S838,0,0,4,0,4,7244,7246,7240,Aditi,838,S838
Aditi_839_S839,0,0,2,0,2,6610,6610,6608,Aditi,839,S839
Aditi_84_S84,0,0,0,0,0,1892,1892,1892,Aditi,84,S84
Aditi_840_S840,0,0,0,0,0,5510,5510,5510,Aditi,840,S840
Aditi_841_S841,0,0,2,0,2,4210,4210,4208,Aditi,841,S841
Aditi_842_S842,0,0,6,0,6,7414,7418,7408,Aditi,842,S842
Aditi_843_S843,0,0,1,0,1,6723,6724,6722,Aditi,843,S843
Aditi_844_S844,0,0,1,0,1,6321,6322,6320,Aditi,844,S844
Aditi_845_S845,0,0,3,0,3,3839,3840,3836,Aditi,845,S845
Aditi_846_S846,0,0,1,0,1,4991,4992,4990,Aditi,846,S846
Aditi_847_S847,0,0,3,0,3,3071,3072,3068,Aditi,847,S847
Aditi_848_S848,0,0,0,0,0,4154,4154,4154,Aditi,848,S848
Aditi_849_S849,0,0,1,0,1,5201,5202,5200,Aditi,849,S849
Aditi_85_S85,0,0,8,0,8,2742,2750,2734,Aditi,85,S85
Aditi_850_S850,0,0,2,0,2,5220,5220,5218,Aditi,850,S850
Aditi_851_S851,0,0,4,0,4,8656,8660,8652,Aditi,851,S851
Aditi_852_S852,0,0,2,0,2,6154,6154,6152,Aditi,852,S852
Aditi_853_S853,0,12,35,0,47,10913,10944,10866,Aditi,853,S853
Aditi_854_S854,0,0,0,0,0,2190,2190,2190,Aditi,854,S854
Aditi_855_S855,0,0,0,0,0,2938,2938,2938,Aditi,855,S855
Aditi_856_S856,0,0,2,0,2,2816,2816,2814,Aditi,856,S856
Aditi_857_S857,0,0,2,0,2,5026,5028,5024,Aditi,857,S857
Aditi_858_S858,0,0,0,0,0,5784,5784,5784,Aditi,858,S858
Aditi_859_S859,0,0,1,0,1,5595,5596,5594,Aditi,859,S859
Aditi_86_S86,0,0,0,0,0,1616,1616,1616,Aditi,86,S86
Aditi_860_S860,0,0,0,0,0,5016,5016,5016,Aditi,860,S860
Aditi_861_S861,0,0,0,0,0,2664,2664,2664,Aditi,861,S861
Aditi_862_S862,0,0,1,0,1,7419,7420,7418,Aditi,862,S862
Aditi_863_S863,0,0,8,0,8,1596,1598,1588,Aditi,863,S863
Aditi_864_S864,0,0,0,0,0,1422,1422,1422,Aditi,864,S864
Aditi_865_S865,0,0,52679,0,52679,57907,58474,5228,Aditi,865,S865
Aditi_866_S866,0,0,13591,0,13591,18229,18360,4638,Aditi,866,S866
Aditi_867_S867,0,0,54525,0,54525,57803,58376,3278,Aditi,867,S867
Aditi_868_S868,0,0,31688,0,31688,35094,35458,3406,Aditi,868,S868
Aditi_869_S869,0,0,50098,0,50098,54214,54676,4116,Aditi,869,S869
Aditi_87_S87,0,0,0,0,0,2084,2084,2084,Aditi,87,S87
Aditi_870_S870,0,0,50037,0,50037,57643,58102,7606,Aditi,870,S870
Aditi_871_S871,0,0,129,0,129,135,138,6,Aditi,871,S871
Aditi_872_S872,0,0,48381,0,48381,56041,56520,7660,Aditi,872,S872
Aditi_873_S873,0,0,36042,0,36042,41858,42216,5816,Aditi,873,S873
Aditi_874_S874,0,0,27162,0,27162,34070,34366,6908,Aditi,874,S874
Aditi_875_S875,0,0,43267,0,43267,48795,49218,5528,Aditi,875,S875
Aditi_876_S876,0,0,38564,0,38564,42386,42754,3822,Aditi,876,S876
Aditi_877_S877,0,0,48820,0,48820,52228,52666,3408,Aditi,877,S877
Aditi_878_S878,0,0,19132,0,19132,21748,21968,2616,Aditi,878,S878
Aditi_879_S879,0,0,24487,0,24487,28627,28892,4140,Aditi,879,S879
Aditi_88_S88,0,0,0,0,0,9330,9330,9330,Aditi,88,S88
Aditi_880_S880,0,0,61809,0,61809,67809,68448,6000,Aditi,880,S880
Aditi_881_S881,0,0,38371,0,38371,44453,44840,6082,Aditi,881,S881
Aditi_882_S882,0,0,33335,0,33335,41691,42012,8356,Aditi,882,S882
Aditi_883_S883,0,0,32765,0,32765,38735,39102,5970,Aditi,883,S883
Aditi_884_S884,0,0,42030,0,42030,45708,46144,3678,Aditi,884,S884
Aditi_885_S885,0,0,110380,0,110380,116154,117262,5774,Aditi,885,S885
Aditi_886_S886,0,0,3483,0,3483,6715,6766,3232,Aditi,886,S886
Aditi_887_S887,0,0,45701,0,45701,51533,52002,5832,Aditi,887,S887
Aditi_888_S888,0,0,41843,0,41843,45981,46394,4138,Aditi,888,S888
Aditi_889_S889,0,0,12162,0,12162,15674,15800,3512,Aditi,889,S889
Aditi_89_S89,0,0,0,0,0,1416,1416,1416,Aditi,89,S89
Aditi_890_S890,0,0,27410,0,27410,34432,34718,7022,Aditi,890,S890
Aditi_891_S891,0,0,2414,0,2414,6450,6466,4036,Aditi,891,S891
Aditi_892_S892,0,0,38874,0,38874,42984,43374,4110,Aditi,892,S892
Aditi_893_S893,0,0,24961,0,24961,30885,31124,5924,Aditi,893,S893
Aditi_894_S894,0,0,38327,0,38327,42089,42502,3762,Aditi,894,S894
Aditi_895_S895,0,0,33175,0,33175,37039,37394,3864,Aditi,895,S895
Aditi_896_S896,0,0,19659,0,19659,22749,22958,3090,Aditi,896,S896
Aditi_897_S897,0,0,103955,0,103955,109803,110806,5848,Aditi,897,S897
Aditi_898_S898,0,0,383,0,383,3377,3386,2994,Aditi,898,S898
Aditi_899_S899,0,0,36758,0,36758,40728,41098,3970,Aditi,899,S899
Aditi_9_S9,0,0,4,0,4,1256,1256,1252,Aditi,9,S9
Aditi_90_S90,0,0,0,0,0,1604,1604,1604,Aditi,90,S90
Aditi_900_S900,0,0,61758,0,61758,66802,67470,5044,Aditi,900,S900
Aditi_901_S901,0,0,75104,0,75104,81406,82158,6302,Aditi,901,S901
Aditi_902_S902,0,0,46625,0,46625,48697,49116,2072,Aditi,902,S902
Aditi_903_S903,0,0,43079,0,43079,47679,48148,4600,Aditi,903,S903
Aditi_904_S904,0,0,26836,0,26836,30572,30838,3736,Aditi,904,S904
Aditi_905_S905,0,0,46409,0,46409,50599,51070,4190,Aditi,905,S905
Aditi_906_S906,0,0,39131,0,39131,44729,45152,5598,Aditi,906,S906
Aditi_907_S907,0,0,56775,0,56775,60921,61518,4146,Aditi,907,S907
Aditi_908_S908,0,0,94537,0,94537,100605,101494,6068,Aditi,908,S908
Aditi_909_S909,0,0,51897,0,51897,56715,57274,4818,Aditi,909,S909
Aditi_91_S91,0,0,1,0,1,1653,1654,1652,Aditi,91,S91
Aditi_910_S910,0,0,128213,0,128213,134907,136172,6694,Aditi,910,S910
Aditi_911_S911,0,0,108160,0,108160,112410,113384,4250,Aditi,911,S911
Aditi_912_S912,0,0,10059,0,10059,15369,15486,5310,Aditi,912,S912
Aditi_913_S913,0,0,14250,0,14250,17164,17314,2914,Aditi,913,S913
Aditi_914_S914,0,0,22047,0,22047,27133,27358,5086,Aditi,914,S914
Aditi_915_S915,0,0,25523,0,25523,29025,29312,3502,Aditi,915,S915
Aditi_916_S916,0,0,29286,0,29286,33422,33704,4136,Aditi,916,S916
Aditi_917_S917,0,0,15750,0,15750,20196,20378,4446,Aditi,917,S917
Aditi_918_S918,0,0,85031,0,85031,91053,91906,6022,Aditi,918,S918
Aditi_919_S919,0,0,12905,0,12905,16969,17098,4064,Aditi,919,S919
Aditi_92_S92,0,0,0,0,0,1532,1532,1532,Aditi,92,S92
Aditi_920_S920,0,0,16776,0,16776,21090,21266,4314,Aditi,920,S920
Aditi_921_S921,0,0,2814,0,2814,8358,8384,5544,Aditi,921,S921
Aditi_922_S922,0,0,6131,0,6131,11961,12046,5830,Aditi,922,S922
Aditi_923_S923,0,0,15899,0,15899,20975,21138,5076,Aditi,923,S923
Aditi_924_S924,0,0,28789,0,28789,32963,33270,4174,Aditi,924,S924
Aditi_925_S925,0,0,35925,0,35925,41959,42318,6034,Aditi,925,S925
Aditi_926_S926,0,0,30204,0,30204,34418,34744,4214,Aditi,926,S926
Aditi_927_S927,0,0,275,0,275,3769,3774,3494,Aditi,927,S927
Aditi_928_S928,0,0,49916,0,49916,55368,55902,5452,Aditi,928,S928
Aditi_929_S929,0,0,52671,0,52671,56543,57034,3872,Aditi,929,S929
Aditi_93_S93,0,0,5,0,5,1177,1178,1172,Aditi,93,S93
Aditi_930_S930,0,0,79312,0,79312,83694,84472,4382,Aditi,930,S930
Aditi_931_S931,0,0,200291,0,200291,206525,208402,6234,Aditi,931,S931
Aditi_932_S932,0,0,50739,0,50739,55209,55676,4470,Aditi,932,S932
Aditi_933_S933,0,0,99945,0,99945,106407,107352,6462,Aditi,933,S933
Aditi_934_S934,0,0,5432,0,5432,11450,11498,6018,Aditi,934,S934
Aditi_935_S935,0,0,57126,0,57126,61376,61980,4250,Aditi,935,S935
Aditi_936_S936,0,0,14465,0,14465,20349,20500,5884,Aditi,936,S936
Aditi_937_S937,0,0,47463,0,47463,52171,52612,4708,Aditi,937,S937
Aditi_938_S938,0,0,37063,0,37063,42067,42436,5004,Aditi,938,S938
Aditi_939_S939,0,0,20747,0,20747,23989,24228,3242,Aditi,939,S939
Aditi_94_S94,0,0,0,0,0,1854,1854,1854,Aditi,94,S94
Aditi_940_S940,0,0,54810,0,54810,57996,58580,3186,Aditi,940,S940
Aditi_941_S941,0,0,30878,0,30878,33632,33912,2754,Aditi,941,S941
Aditi_942_S942,0,0,1660,0,1660,5806,5838,4146,Aditi,942,S942
Aditi_943_S943,0,0,1114,0,1114,5518,5536,4404,Aditi,943,S943
Aditi_944_S944,0,0,496,0,496,5160,5170,4664,Aditi,944,S944
Aditi_945_S945,0,0,25901,0,25901,29089,29344,3188,Aditi,945,S945
Aditi_946_S946,0,0,158,0,158,5002,5008,4844,Aditi,946,S946
Aditi_947_S947,0,0,3692,0,3692,8026,8056,4334,Aditi,947,S947
Aditi_948_S948,0,0,50803,0,50803,55155,55724,4352,Aditi,948,S948
Aditi_949_S949,0,0,1616,0,1616,7698,7732,6082,Aditi,949,S949
Aditi_95_S95,0,0,2,0,2,1756,1756,1754,Aditi,95,S95
Aditi_950_S950,0,0,9621,0,9621,12649,12726,3028,Aditi,950,S950
Aditi_951_S951,0,0,62198,0,62198,69098,69684,6900,Aditi,951,S951
Aditi_952_S952,0,0,73052,0,73052,80630,81310,7578,Aditi,952,S952
Aditi_953_S953,0,0,29299,0,29299,33971,34280,4672,Aditi,953,S953
Aditi_954_S954,0,0,331,0,331,2771,2778,2440,Aditi,954,S954
Aditi_955_S955,0,0,52566,0,52566,56212,56656,3646,Aditi,955,S955
Aditi_956_S956,0,0,80763,0,80763,83439,84218,2676,Aditi,956,S956
Aditi_957_S957,0,0,34331,0,34331,36177,36574,1846,Aditi,957,S957
Aditi_958_S958,0,0,54220,0,54220,58928,59530,4708,Aditi,958,S958
Aditi_959_S959,0,0,37188,0,37188,41932,42306,4744,Aditi,959,S959
Aditi_96_S96,0,82,0,0,82,1190,1192,1108,Aditi,96,S96
Aditi_960_S960,0,0,31258,0,31258,33114,33460,1856,Aditi,960,S960
Aditi_961_S961,0,1375,47105,0,48480,51338,51796,2858,Aditi,961,S961
Aditi_962_S962,0,0,50717,0,50717,52613,53134,1896,Aditi,962,S962
Aditi_963_S963,0,0,462,0,462,494,498,32,Aditi,963,S963
Aditi_964_S964,0,0,14603,0,14603,14775,14952,172,Aditi,964,S964
Aditi_965_S965,0,0,26628,0,26628,30862,31160,4234,Aditi,965,S965
Aditi_966_S966,0,0,68686,0,68686,71110,71852,2424,Aditi,966,S966
Aditi_967_S967,0,0,249,0,249,1113,1116,864,Aditi,967,S967
Aditi_968_S968,0,0,1281,0,1281,2167,2180,886,Aditi,968,S968
Aditi_969_S969,0,0,32041,0,32041,35845,36174,3804,Aditi,969,S969
Aditi_97_S97,0,0,0,0,0,410,410,410,Aditi,97,S97
Aditi_970_S970,0,0,15849,0,15849,19419,19582,3570,Aditi,970,S970
Aditi_971_S971,0,0,55544,0,55544,57000,57576,1456,Aditi,971,S971
Aditi_972_S972,0,0,13765,0,13765,18223,18404,4458,Aditi,972,S972
Aditi_973_S973,0,0,42900,0,42900,43344,43830,444,Aditi,973,S973
Aditi_974_S974,0,0,45884,0,45884,47372,47858,1488,Aditi,974,S974
Aditi_975_S975,0,0,2210,0,2210,2456,2482,246,Aditi,975,S975
Aditi_976_S976,0,0,44790,0,44790,47676,48146,2886,Aditi,976,S976
Aditi_977_S977,0,0,43551,0,43551,48125,48620,4574,Aditi,977,S977
Aditi_978_S978,0,0,148,0,148,2348,2358,2200,Aditi,978,S978
Aditi_979_S979,0,0,39549,0,39549,40297,40736,748,Aditi,979,S979
Aditi_98_S98,0,0,0,0,0,1762,1762,1762,Aditi,98,S98
Aditi_980_S980,0,0,10088,0,10088,11930,12038,1842,Aditi,980,S980
Aditi_981_S981,0,0,5411,0,5411,6193,6238,782,Aditi,981,S981
Aditi_982_S982,0,0,75463,0,75463,78333,79124,2870,Aditi,982,S982
Aditi_983_S983,0,0,48116,0,48116,52922,53368,4806,Aditi,983,S983
Aditi_984_S984,0,0,19115,0,19115,20507,20698,1392,Aditi,984,S984
Aditi_985_S985,0,0,52059,0,52059,55515,56048,3456,Aditi,985,S985
Aditi_986_S986,0,0,89880,0,89880,94488,95350,4608,Aditi,986,S986
Aditi_987_S987,0,0,75838,0,75838,78150,78902,2312,Aditi,987,S987
Aditi_988_S988,0,0,78802,0,78802,81686,82544,2884,Aditi,988,S988
Aditi_989_S989,0,0,41869,0,41869,44213,44674,2344,Aditi,989,S989
Aditi_99_S99,0,0,0,0,0,2142,2142,2142,Aditi,99,S99
Aditi_990_S990,0,0,61623,0,61623,62273,62906,650,Aditi,990,S990
Aditi_991_S991,0,0,54814,0,54814,57398,57998,2584,Aditi,991,S991
Aditi_992_S992,0,0,81781,0,81781,84195,85056,2414,Aditi,992,S992
Aditi_993_S993,0,0,28541,0,28541,28857,29160,316,Aditi,993,S993
Aditi_994_S994,0,0,64288,0,64288,66930,67584,2642,Aditi,994,S994
Aditi_995_S995,0,0,30005,0,30005,30323,30632,318,Aditi,995,S995
Aditi_996_S996,0,0,38216,0,38216,41082,41506,2866,Aditi,996,S996
Aditi_997_S997,0,0,48803,0,48803,51009,51464,2206,Aditi,997,S997
Aditi_998_S998,0,0,21156,0,21156,23734,23950,2578,Aditi,998,S998
Aditi_999_S999,0,0,24440,0,24440,25948,26232,1508,Aditi,999,S999