Sort_id,exp,fcs.name,SingleCells.count,NonEry.count,CD56neg.count,CD14neg.count,IntermediateNeut.count,IntermediateNeut.freq.of.CD14neg,MatureNeut.count,MatureNeut.freq.of.CD14neg,MatureNeut.FSC.A,MatureNeut.SSC.A,EarlyNeut.count,EarlyNeut.freq.of.CD14neg,Mono.count,Mono.freq.of.NonEry,Mono.freq.of.CD56neg,Mono.CD11b.Median,Mono.CD14.Median,Mono.FSC.A,Mono.SSC.A,Mono2.count,Mono2.freq.of.NonEry,Mono2.freq.of.CD56neg,Mono2.CD11b.Median,Mono2.CD14.Median,Mono2.FSC.A,Mono2.SSC.A,Ery.count,IntermediateNeut.FSC.A,IntermediateNeut.SSC.A,EarlyNeut.FSC.A,EarlyNeut.SSC.A,TrueFalse,Plate_well,variable,#Events,%Parent,FSC-A,FSC-W,SSC-A,CD38,CD45RA,CD34,CD19,ZOMBIE,CD33,CD49F,CD90,Cell_seeded
1_A4,AML1,HSC_pool_A4_A04_004.fcs,13706,13703,13465,7948,NA,NA,NA,NA,NA,NA,NA,NA,4790,35,35.6,NA,2524,84864,17600,4790,35,35.6,NA,2524,84864,17600,0,NA,NA,NA,NA,TRUE,Plate 1_A4,Plate 1,1,NA,102050,79443,17880,51,1,2037,24,279,22,2242,427,HSC
1_A6,AML1,HSC_pool_A6_A06_005.fcs,4833,4827,4628,3172,NA,NA,NA,NA,NA,NA,NA,NA,1427,29.6,30.8,NA,5039,104576,31552,1427,29.6,30.8,NA,5039,104576,31552,0,NA,NA,NA,NA,TRUE,Plate 1_A6,Plate 1,1,NA,99054,81096,17581,-92,25,1647,26,75,46,167,159,HSC
1_A8,AML1,HSC_pool_A8_A08_007.fcs,11543,11538,11071,2853,NA,NA,NA,NA,NA,NA,NA,NA,8037,69.7,72.6,NA,5213,99840,24960,8037,69.7,72.6,NA,5213,99840,24960,0,NA,NA,NA,NA,TRUE,Plate 1_A8,Plate 1,1,NA,96270,87987,32102,48,47,1562,60,311,115,820,8813,HSC
1_A12,AML1,HSC_pool_A12_A12_010.fcs,14868,14860,14285,3622,NA,NA,NA,NA,NA,NA,NA,NA,10389,69.9,72.7,NA,6616,122496,34624,10377,69.8,72.6,NA,6631,122496,34624,0,NA,NA,NA,NA,TRUE,Plate 1_A12,Plate 1,1,NA,117813,82146,26342,52,64,1772,72,273,-136,4417,4059,HSC
1_B2,AML1,HSC_pool_B2_B02_012.fcs,988,985,975,517,NA,NA,NA,NA,NA,NA,NA,NA,380,38.6,39,NA,16420,112256,35712,380,38.6,39,NA,16420,112256,35712,0,NA,NA,NA,NA,TRUE,Plate 1_B2,Plate 1,1,NA,90548,77759,13637,17,16,1498,40,140,25,355,112,HSC
1_B3,AML1,HSC_pool_B3_B03_013.fcs,510,5,5,4,NA,NA,NA,NA,NA,NA,NA,NA,1,20,20,NA,1287,197376,182208,1,20,20,NA,1287,197376,182208,488,NA,NA,NA,NA,TRUE,Plate 1_B3,Plate 1,1,NA,108436,79965,20754,74,54,2039,29,201,29,421,132,HSC
1_B4,AML1,HSC_pool_B4_B04_014.fcs,25961,25943,25769,7022,NA,NA,NA,NA,NA,NA,NA,NA,17955,69.2,69.7,NA,5180,89600,18496,17955,69.2,69.7,NA,5180,89600,18496,0,NA,NA,NA,NA,TRUE,Plate 1_B4,Plate 1,1,NA,102292,80190,19795,-15,30,1681,22,214,24,1369,862,HSC
1_B6,AML1,HSC_pool_B6_B06_016.fcs,22749,22743,22219,10158,NA,NA,NA,NA,NA,NA,NA,NA,11115,48.9,50,NA,3345,93440,20032,11113,48.9,50,NA,3345,93440,20032,0,NA,NA,NA,NA,TRUE,Plate 1_B6,Plate 1,1,NA,100079,79794,19667,-174,-2,1538,55,231,47,717,132,HSC
1_B8,AML1,HSC_pool_B8_B08_018.fcs,1101,989,952,711,NA,NA,NA,NA,NA,NA,NA,NA,236,23.9,24.8,NA,7800,103232,30464,236,23.9,24.8,NA,7800,103232,30464,109,NA,NA,NA,NA,TRUE,Plate 1_B8,Plate 1,1,NA,111902,87879,44159,-65,15,1780,80,232,-28,676,148,HSC
1_B9,AML1,HSC_pool_B9_B09_019.fcs,14897,14892,14443,8881,NA,NA,NA,NA,NA,NA,NA,NA,4837,32.5,33.5,NA,3234,110528,21696,4837,32.5,33.5,NA,3234,110528,21696,0,NA,NA,NA,NA,TRUE,Plate 1_B9,Plate 1,1,NA,100668,78545,21083,-3,25,1801,-1,145,68,1119,187,HSC
1_B11,AML1,HSC_pool_B11_B11_021.fcs,8964,8405,8321,6404,NA,NA,NA,NA,NA,NA,NA,NA,1790,21.3,21.5,NA,15893,103360,35392,1789,21.3,21.5,NA,15893,103360,35392,0,NA,NA,NA,NA,TRUE,Plate 1_B11,Plate 1,1,NA,97565,80140,20443,16,20,1342,-9,185,131,380,55,HSC
1_C1,AML1,HSC_pool_C1_C01_023.fcs,8665,8644,8288,1817,NA,NA,NA,NA,NA,NA,NA,NA,6378,73.8,77,NA,7817,120384,34816,6378,73.8,77,NA,7817,120384,34816,0,NA,NA,NA,NA,TRUE,Plate 1_C1,Plate 1,1,NA,109496,80989,20696,7,2,1654,7,190,56,777,-39,HSC
1_C2,AML1,HSC_pool_C2_C02_024.fcs,32105,32077,31809,8357,NA,NA,NA,NA,NA,NA,NA,NA,22437,69.9,70.5,NA,4852,99840,21568,22436,69.9,70.5,NA,4852,99840,21568,0,NA,NA,NA,NA,TRUE,Plate 1_C2,Plate 1,1,NA,111379,81384,23329,58,16,2041,51,152,112,2569,424,HSC
1_C3,AML1,HSC_pool_C3_C03_025.fcs,21411,21401,20642,3591,NA,NA,NA,NA,NA,NA,NA,NA,16136,75.4,78.2,NA,4325,91648,18688,16134,75.4,78.2,NA,4325,91648,18688,0,NA,NA,NA,NA,TRUE,Plate 1_C3,Plate 1,1,NA,90970,77848,15714,-11,45,988,18,139,-8,1172,410,HSC
1_C6,AML1,HSC_pool_C6_C06_028.fcs,1534,1168,1166,1162,NA,NA,NA,NA,NA,NA,NA,NA,2,0.17,0.17,NA,1609,84288,15616,2,0.17,0.17,NA,1609,84288,15616,330,NA,NA,NA,NA,TRUE,Plate 1_C6,Plate 1,1,NA,90727,78200,16600,-7,-4,1228,21,181,2,1291,-26,HSC
1_C8,AML1,HSC_pool_C8_C08_030.fcs,20936,20918,20222,2843,NA,NA,NA,NA,NA,NA,NA,NA,17095,81.7,84.5,NA,5837,113600,27456,17094,81.7,84.5,NA,5837,113600,27456,0,NA,NA,NA,NA,TRUE,Plate 1_C8,Plate 1,1,NA,91427,76768,16739,33,30,1291,24,128,-47,851,208,HSC
1_C9,AML1,HSC_pool_C9_C09_031.fcs,3664,3662,3593,1272,NA,NA,NA,NA,NA,NA,NA,NA,2225,60.8,61.9,NA,16652,145088,45248,2225,60.8,61.9,NA,16652,145088,45248,0,NA,NA,NA,NA,TRUE,Plate 1_C9,Plate 1,1,NA,113728,81669,28700,-56,-18,1626,33,221,28,963,249,HSC
1_C10,AML1,HSC_pool_C10_C10_032.fcs,19102,19093,18444,10367,NA,NA,NA,NA,NA,NA,NA,NA,7211,37.8,39.1,NA,3878,115456,23616,7211,37.8,39.1,NA,3878,115456,23616,0,NA,NA,NA,NA,TRUE,Plate 1_C10,Plate 1,1,NA,91425,77010,16530,39,1,1148,9,167,53,1380,371,HSC
1_C11,AML1,HSC_pool_C11_C11_033.fcs,10325,10230,10052,6834,NA,NA,NA,NA,NA,NA,NA,NA,3053,29.8,30.4,NA,6531,94464,27200,3053,29.8,30.4,NA,6531,94464,27200,0,NA,NA,NA,NA,TRUE,Plate 1_C11,Plate 1,1,NA,104973,79500,19557,-165,8,2487,1,255,41,423,77,HSC
1_C12,AML1,HSC_pool_C12_C12_034.fcs,834,756,753,753,NA,NA,NA,NA,NA,NA,NA,NA,0,0,0,NA,NA,NA,NA,0,0,0,NA,NA,NA,NA,0,NA,NA,NA,NA,TRUE,Plate 1_C12,Plate 1,1,NA,76790,74811,17862,250,-1,1351,17,150,-12,413,-41,HSC
1_D1,AML1,HSC_pool_D1_D01_035.fcs,3594,3592,3273,306,NA,NA,NA,NA,NA,NA,NA,NA,2931,81.6,89.6,NA,14516,117184,33600,2931,81.6,89.6,NA,14516,117184,33600,0,NA,NA,NA,NA,TRUE,Plate 1_D1,Plate 1,1,NA,101770,78704,18159,121,88,1760,32,171,-26,880,1607,HSC
1_D2,AML1,HSC_pool_D2_D02_036.fcs,21069,20443,19917,3983,NA,NA,NA,NA,NA,NA,NA,NA,15625,76.4,78.5,NA,6573,93952,21760,15625,76.4,78.5,NA,6573,93952,21760,398,NA,NA,NA,NA,TRUE,Plate 1_D2,Plate 1,1,NA,98167,78371,15900,28,28,948,40,143,42,236,384,HSC
1_D3,AML1,HSC_pool_D3_D03_037.fcs,885,8,8,3,NA,NA,NA,NA,NA,NA,NA,NA,5,62.5,62.5,NA,10650,117632,27328,5,62.5,62.5,NA,10650,117632,27328,852,NA,NA,NA,NA,TRUE,Plate 1_D3,Plate 1,1,NA,88659,77305,14423,8,32,1177,19,103,44,82,43,HSC
1_D6,AML1,HSC_pool_D6_D06_040.fcs,13655,13642,13066,1788,NA,NA,NA,NA,NA,NA,NA,NA,11106,81.4,85,NA,7365,122752,32000,11106,81.4,85,NA,7365,122752,32000,0,NA,NA,NA,NA,TRUE,Plate 1_D6,Plate 1,1,NA,98546,81390,40244,73,84,1814,49,319,28,1861,152,HSC
1_D7,AML1,HSC_pool_D7_D07_041.fcs,4185,4179,4050,70,NA,NA,NA,NA,NA,NA,NA,NA,3966,94.9,97.9,NA,25398,158912,61696,3966,94.9,97.9,NA,25398,158912,61696,0,NA,NA,NA,NA,TRUE,Plate 1_D7,Plate 1,1,NA,100326,78301,17350,34,32,1178,32,224,36,303,206,HSC
1_D8,AML1,HSC_pool_D8_D08_042.fcs,61,2,2,1,NA,NA,NA,NA,NA,NA,NA,NA,1,50,50,NA,1467,84928,9664,1,50,50,NA,1467,84928,9664,57,NA,NA,NA,NA,TRUE,Plate 1_D8,Plate 1,1,NA,101064,79962,24046,-67,34,1162,42,161,5,140,107,HSC
1_D9,AML1,HSC_pool_D9_D09_043.fcs,20169,20158,19438,5612,NA,NA,NA,NA,NA,NA,NA,NA,13451,66.7,69.2,NA,5158,108416,26560,13447,66.7,69.2,NA,5158,108416,26560,0,NA,NA,NA,NA,TRUE,Plate 1_D9,Plate 1,1,NA,103497,80549,18132,-67,11,1770,31,182,19,265,319,HSC
1_D11,AML1,HSC_pool_D11_D11_045.fcs,3624,3620,3511,1177,NA,NA,NA,NA,NA,NA,NA,NA,2309,63.8,65.8,NA,19854,117568,38976,2309,63.8,65.8,NA,19854,117568,38976,0,NA,NA,NA,NA,TRUE,Plate 1_D11,Plate 1,1,NA,96889,78775,20313,174,22,939,21,116,17,191,439,HSC
1_D12,AML1,HSC_pool_D12_D12_046.fcs,654,652,616,33,NA,NA,NA,NA,NA,NA,NA,NA,561,86,91.1,NA,25519,156480,51840,560,85.9,90.9,NA,25519,156416,51584,0,NA,NA,NA,NA,TRUE,Plate 1_D12,Plate 1,1,NA,86095,77616,25873,11,57,1249,45,173,19,237,341,HSC
1_E1,AML1,HSC_pool_E1_E01_047.fcs,2279,2279,2268,2089,NA,NA,NA,NA,NA,NA,NA,NA,163,7.15,7.19,NA,7126,87680,22848,162,7.11,7.14,NA,7126,87680,22784,0,NA,NA,NA,NA,TRUE,Plate 1_E1,Plate 1,1,NA,117120,83243,20196,40,61,1392,43,170,55,1457,449,HSC
1_E2,AML1,HSC_pool_E2_E02_048.fcs,7623,7617,7349,1075,NA,NA,NA,NA,NA,NA,NA,NA,6196,81.3,84.3,NA,11455,126784,39488,6196,81.3,84.3,NA,11455,126784,39488,0,NA,NA,NA,NA,TRUE,Plate 1_E2,Plate 1,1,NA,115140,83329,22285,-99,72,1562,-3,201,25,578,562,HSC
1_E3,AML1,HSC_pool_E3_E03_049.fcs,4619,4615,4474,344,NA,NA,NA,NA,NA,NA,NA,NA,4088,88.6,91.4,NA,22448,138496,50048,4088,88.6,91.4,NA,22448,138496,50048,0,NA,NA,NA,NA,TRUE,Plate 1_E3,Plate 1,1,NA,113498,80235,19737,176,37,2173,-3,210,43,1145,492,HSC
1_E4,AML1,HSC_pool_E4_E04_050.fcs,4218,3806,3553,725,NA,NA,NA,NA,NA,NA,NA,NA,2780,73,78.2,NA,27872,140672,49536,2780,73,78.2,NA,27872,140672,49536,0,NA,NA,NA,NA,TRUE,Plate 1_E4,Plate 1,1,NA,112145,81243,27129,-89,37,1243,51,130,72,819,248,HSC
1_E5,AML1,HSC_pool_E5_E05_051.fcs,7280,7274,7161,4309,NA,NA,NA,NA,NA,NA,NA,NA,2640,36.3,36.9,NA,15563,109952,33664,2640,36.3,36.9,NA,15563,109952,33664,0,NA,NA,NA,NA,TRUE,Plate 1_E5,Plate 1,1,NA,100740,78506,16735,14,16,1104,26,195,54,937,126,HSC
1_E7,AML1,HSC_pool_E7_E07_053.fcs,1743,1674,1663,1659,NA,NA,NA,NA,NA,NA,NA,NA,3,0.18,0.18,NA,1597,83584,43008,3,0.18,0.18,NA,1597,83584,43008,31,NA,NA,NA,NA,TRUE,Plate 1_E7,Plate 1,1,NA,106220,80732,28844,144,-18,1520,15,200,55,264,14,HSC
1_E9,AML1,HSC_pool_E9_E09_055.fcs,2147,2145,2084,1872,NA,NA,NA,NA,NA,NA,NA,NA,204,9.51,9.79,NA,4976,96064,27712,204,9.51,9.79,NA,4976,96064,27712,0,NA,NA,NA,NA,TRUE,Plate 1_E9,Plate 1,1,NA,100221,81050,23321,22,-13,1475,86,269,36,1199,31,HSC
1_E10,AML1,HSC_pool_E10_E10_056.fcs,4025,4025,3939,187,NA,NA,NA,NA,NA,NA,NA,NA,3681,91.5,93.5,NA,17904,143488,42752,3681,91.5,93.5,NA,17904,143488,42752,0,NA,NA,NA,NA,TRUE,Plate 1_E10,Plate 1,1,NA,112509,80358,18124,-57,17,1691,22,188,149,1295,-24,HSC
1_E11,AML1,HSC_pool_E11_E11_057.fcs,23468,23450,22773,5201,NA,NA,NA,NA,NA,NA,NA,NA,16497,70.3,72.4,NA,4167,89344,20288,16496,70.3,72.4,NA,4167,89344,20288,0,NA,NA,NA,NA,TRUE,Plate 1_E11,Plate 1,1,NA,89154,78070,19974,97,53,1800,92,178,183,889,898,HSC
1_E12,AML1,HSC_pool_E12_E12_058.fcs,562,562,412,25,NA,NA,NA,NA,NA,NA,NA,NA,385,68.5,93.4,NA,31263,167616,60160,385,68.5,93.4,NA,31263,167616,60160,0,NA,NA,NA,NA,TRUE,Plate 1_E12,Plate 1,1,NA,95751,77791,13961,-34,-35,1377,-4,183,6,534,88,HSC
1_F1,AML1,HSC_pool_F1_F01_059.fcs,12124,12116,11611,1623,NA,NA,NA,NA,NA,NA,NA,NA,9699,80.1,83.5,NA,5887,123200,30912,9698,80,83.5,NA,5887,123136,30912,0,NA,NA,NA,NA,TRUE,Plate 1_F1,Plate 1,1,NA,96349,78282,18371,36,15,1178,6,185,-58,436,12,HSC
1_F3,AML1,HSC_pool_F3_F03_061.fcs,23116,23095,22567,13728,NA,NA,NA,NA,NA,NA,NA,NA,7739,33.5,34.3,NA,2917,107008,23168,7738,33.5,34.3,NA,2917,107008,23168,0,NA,NA,NA,NA,TRUE,Plate 1_F3,Plate 1,1,NA,103422,78562,19339,86,43,1326,-7,214,18,993,96,HSC
1_F5,AML1,HSC_pool_F5_F05_063.fcs,8008,7999,7901,6327,NA,NA,NA,NA,NA,NA,NA,NA,1404,17.6,17.8,NA,2877,99264,27776,1403,17.5,17.8,NA,2877,99456,27776,0,NA,NA,NA,NA,TRUE,Plate 1_F5,Plate 1,1,NA,106933,81342,26122,148,11,965,41,160,52,144,12,HSC
1_F7,AML1,HSC_pool_F7_F07_065.fcs,5328,5320,5255,4188,NA,NA,NA,NA,NA,NA,NA,NA,920,17.3,17.5,NA,2837,90368,25088,917,17.2,17.5,NA,2849,90304,25088,0,NA,NA,NA,NA,TRUE,Plate 1_F7,Plate 1,1,NA,92568,84613,29189,73,9,1602,92,260,64,428,451,HSC
1_F8,AML1,HSC_pool_F8_F08_066.fcs,252,252,251,251,NA,NA,NA,NA,NA,NA,NA,NA,0,0,0,NA,NA,NA,NA,0,0,0,NA,NA,NA,NA,0,NA,NA,NA,NA,TRUE,Plate 1_F8,Plate 1,1,NA,107556,79650,21107,-114,24,1155,9,169,64,176,85,HSC
1_F9,AML1,HSC_pool_F9_F09_067.fcs,10239,10235,10073,1179,NA,NA,NA,NA,NA,NA,NA,NA,8769,85.7,87.1,NA,9599,121088,33920,8767,85.7,87,NA,9599,121024,33920,0,NA,NA,NA,NA,TRUE,Plate 1_F9,Plate 1,1,NA,97320,79000,18561,143,21,1507,24,233,24,835,481,HSC
1_F11,AML1,HSC_pool_F11_F11_069.fcs,42721,42694,42124,19399,NA,NA,NA,NA,NA,NA,NA,NA,21664,50.7,51.4,NA,3120,87936,20928,21661,50.7,51.4,NA,3120,87936,20928,1,NA,NA,NA,NA,TRUE,Plate 1_F11,Plate 1,1,NA,99813,77777,16281,29,10,1781,17,144,71,360,27,HSC
1_F12,AML1,HSC_pool_F12_F12_070.fcs,3666,3604,3527,2058,NA,NA,NA,NA,NA,NA,NA,NA,1398,38.8,39.6,NA,5071,79808,23168,1398,38.8,39.6,NA,5071,79808,23168,7,NA,NA,NA,NA,TRUE,Plate 1_F12,Plate 1,1,NA,100242,80637,25761,-13,-26,1440,17,170,60,492,20,HSC
1_G1,AML1,HSC_pool_G1_G01_071.fcs,2279,4,4,1,NA,NA,NA,NA,NA,NA,NA,NA,3,75,75,NA,1794,69248,21824,3,75,75,NA,1794,69248,21824,2200,NA,NA,NA,NA,TRUE,Plate 1_G1,Plate 1,1,NA,103874,80602,22480,-109,75,2273,37,193,33,686,-30,HSC
1_G2,AML1,HSC_pool_G2_G02_072.fcs,4510,4482,4462,4164,NA,NA,NA,NA,NA,NA,NA,NA,277,6.18,6.21,NA,4852,83520,27392,277,6.18,6.21,NA,4852,83520,27392,0,NA,NA,NA,NA,TRUE,Plate 1_G2,Plate 1,1,NA,109802,81272,22747,75,17,1411,77,188,117,-43,96,HSC
1_G3,AML1,HSC_pool_G3_G03_073.fcs,23264,23247,22696,8577,NA,NA,NA,NA,NA,NA,NA,NA,12839,55.2,56.6,NA,4074,95040,19392,12838,55.2,56.6,NA,4074,95040,19392,0,NA,NA,NA,NA,TRUE,Plate 1_G3,Plate 1,1,NA,100984,78132,23582,-56,6,1293,21,177,38,1309,2,HSC
1_G4,AML1,HSC_pool_G4_G04_074.fcs,7178,7173,7126,6731,NA,NA,NA,NA,NA,NA,NA,NA,342,4.77,4.8,NA,4721,98368,30016,341,4.75,4.79,NA,4731,98368,30016,0,NA,NA,NA,NA,TRUE,Plate 1_G4,Plate 1,1,NA,126386,88848,26516,35,55,1717,40,167,112,397,-9,HSC
1_G5,AML1,HSC_pool_G5_G05_075.fcs,3899,3896,3480,1358,NA,NA,NA,NA,NA,NA,NA,NA,1989,51.1,57.2,NA,7463,130624,30272,1989,51.1,57.2,NA,7463,130624,30272,0,NA,NA,NA,NA,TRUE,Plate 1_G5,Plate 1,1,NA,105663,79803,16741,-75,23,1396,43,215,5,1593,883,HSC
1_G6,AML1,HSC_pool_G6_G06_076.fcs,13387,13380,12788,6548,NA,NA,NA,NA,NA,NA,NA,NA,6058,45.3,47.4,NA,4585,99776,24896,6057,45.3,47.4,NA,4585,99840,24896,0,NA,NA,NA,NA,TRUE,Plate 1_G6,Plate 1,1,NA,110614,80774,20107,162,-2,1450,-11,177,39,908,-34,HSC
1_G7,AML1,HSC_pool_G7_G07_077.fcs,13952,13944,13361,3358,NA,NA,NA,NA,NA,NA,NA,NA,9659,69.3,72.3,NA,8244,120320,34048,9659,69.3,72.3,NA,8244,120320,34048,0,NA,NA,NA,NA,TRUE,Plate 1_G7,Plate 1,1,NA,88078,76906,24734,75,22,1456,27,142,23,1357,59,HSC
1_G8,AML1,HSC_pool_G8_G08_078.fcs,12917,12908,12315,4731,NA,NA,NA,NA,NA,NA,NA,NA,7457,57.8,60.6,NA,7237,97600,25472,7409,57.4,60.2,NA,7301,97664,25536,0,NA,NA,NA,NA,TRUE,Plate 1_G8,Plate 1,1,NA,100270,79700,15370,10,32,1197,32,192,25,748,593,HSC
1_G9,AML1,HSC_pool_G9_G09_079.fcs,16582,13943,13160,4872,NA,NA,NA,NA,NA,NA,NA,NA,8124,58.3,61.7,NA,4721,96576,24384,8123,58.3,61.7,NA,4721,96576,24384,2571,NA,NA,NA,NA,TRUE,Plate 1_G9,Plate 1,1,NA,81250,75304,13496,-42,52,1223,27,181,36,125,80,HSC
1_G10,AML1,HSC_pool_G10_G10_080.fcs,1966,1961,1787,45,NA,NA,NA,NA,NA,NA,NA,NA,1726,88,96.6,NA,15819,143808,50752,1726,88,96.6,NA,15819,143808,50752,0,NA,NA,NA,NA,TRUE,Plate 1_G10,Plate 1,1,NA,96817,78704,22201,-143,39,1288,70,209,75,736,300,HSC
1_G11,AML1,HSC_pool_G11_G11_081.fcs,25710,25700,25242,8291,NA,NA,NA,NA,NA,NA,NA,NA,15207,59.2,60.2,NA,3157,89536,19584,15207,59.2,60.2,NA,3157,89536,19584,0,NA,NA,NA,NA,TRUE,Plate 1_G11,Plate 1,1,NA,104103,78859,19955,82,-12,1380,6,123,224,1452,644,HSC
1_G12,AML1,HSC_pool_G12_G12_082.fcs,27888,27877,27319,17931,NA,NA,NA,NA,NA,NA,NA,NA,8222,29.5,30.1,NA,3189,92992,19456,8222,29.5,30.1,NA,3189,92992,19456,0,NA,NA,NA,NA,TRUE,Plate 1_G12,Plate 1,1,NA,98613,79379,24774,47,4,2297,32,190,67,876,382,HSC
1_H2,AML1,HSC_pool_H2_H02_084.fcs,15267,15256,14617,2691,NA,NA,NA,NA,NA,NA,NA,NA,11345,74.4,77.6,NA,4791,96768,21120,11342,74.3,77.6,NA,4781,96768,21120,0,NA,NA,NA,NA,TRUE,Plate 1_H2,Plate 1,1,NA,106650,79768,19022,-304,55,1582,26,172,4,3193,302,HSC
1_H3,AML1,HSC_pool_H3_H03_085.fcs,1986,1985,1711,115,NA,NA,NA,NA,NA,NA,NA,NA,1576,79.4,92.1,NA,21614,136192,45184,1576,79.4,92.1,NA,21614,136192,45184,0,NA,NA,NA,NA,TRUE,Plate 1_H3,Plate 1,1,NA,86353,76876,21749,-93,-19,1700,21,180,71,4465,1445,HSC
1_H4,AML1,HSC_pool_H4_H04_086.fcs,16983,16974,16526,4933,NA,NA,NA,NA,NA,NA,NA,NA,10990,64.7,66.5,NA,7033,107840,25024,10990,64.7,66.5,NA,7033,107840,25024,0,NA,NA,NA,NA,TRUE,Plate 1_H4,Plate 1,1,NA,102898,79980,20433,48,-28,1448,50,217,-21,993,421,HSC
1_H5,AML1,HSC_pool_H5_H05_087.fcs,5127,5081,4903,3835,NA,NA,NA,NA,NA,NA,NA,NA,1039,20.4,21.2,NA,9884,105344,37248,1039,20.4,21.2,NA,9884,105344,37248,0,NA,NA,NA,NA,TRUE,Plate 1_H5,Plate 1,1,NA,108166,80777,28685,2,8,1568,31,219,1,385,356,HSC
1_H6,AML1,HSC_pool_H6_H06_088.fcs,1280,1279,1276,1236,NA,NA,NA,NA,NA,NA,NA,NA,37,2.89,2.9,NA,4701,81792,23616,36,2.81,2.82,NA,4701,78080,23616,0,NA,NA,NA,NA,TRUE,Plate 1_H6,Plate 1,1,NA,91097,78657,19455,-178,63,1121,-3,56,-16,961,50,HSC
1_H8,AML1,HSC_pool_H8_H08_090.fcs,4410,4404,3988,1066,NA,NA,NA,NA,NA,NA,NA,NA,2848,64.7,71.4,NA,12669,124352,40640,2848,64.7,71.4,NA,12669,124352,40640,0,NA,NA,NA,NA,TRUE,Plate 1_H8,Plate 1,1,NA,99754,79231,22730,-32,-7,1501,48,384,83,1354,124,HSC
1_H10,AML1,HSC_pool_H10_H10_092.fcs,2225,2225,2137,29,NA,NA,NA,NA,NA,NA,NA,NA,2101,94.4,98.3,NA,39861,139072,51008,2101,94.4,98.3,NA,39861,139072,51008,0,NA,NA,NA,NA,TRUE,Plate 1_H10,Plate 1,1,NA,122604,82373,21462,-87,39,2251,17,266,22,430,1607,HSC
2_A4,AML1,HSC_pool_A4_A04_004.fcs,506,505,504,504,NA,NA,NA,NA,NA,NA,NA,NA,0,0,0,NA,NA,NA,NA,0,0,0,NA,NA,NA,NA,0,NA,NA,NA,NA,TRUE,Plate 2_A4,Plate 2,1,NA,89290,78639,16008,-9,29,1293,32,168,26,724,41,HSC
2_A5,AML1,HSC_pool_A5_A05_005.fcs,3258,3256,2575,701,NA,NA,NA,NA,NA,NA,NA,NA,1842,56.6,71.5,NA,23819,140672,50560,1842,56.6,71.5,NA,23819,140672,50560,0,NA,NA,NA,NA,TRUE,Plate 2_A5,Plate 2,1,NA,102733,79563,25203,113,31,2422,46,211,-10,1680,663,HSC
2_A6,AML1,HSC_pool_A6_A06_006.fcs,4368,4365,4042,1907,NA,NA,NA,NA,NA,NA,NA,NA,2005,45.9,49.6,NA,18458,128128,45824,2004,45.9,49.6,NA,18458,128128,45824,0,NA,NA,NA,NA,TRUE,Plate 2_A6,Plate 2,1,NA,104861,78840,20835,-109,-9,1795,49,210,-25,789,-87,HSC
2_A8,AML1,HSC_pool_A8_A08_008.fcs,4422,4417,4057,2957,NA,NA,NA,NA,NA,NA,NA,NA,999,22.6,24.6,NA,4398,88768,17216,999,22.6,24.6,NA,4398,88768,17216,0,NA,NA,NA,NA,TRUE,Plate 2_A8,Plate 2,1,NA,98052,77175,17727,38,43,1196,24,95,91,860,128,HSC
2_A9,AML1,HSC_pool_A9_A09_009.fcs,180,180,163,69,NA,NA,NA,NA,NA,NA,NA,NA,77,42.8,47.2,NA,3319,100672,19776,75,41.7,46,NA,3299,100096,19456,0,NA,NA,NA,NA,TRUE,Plate 2_A9,Plate 2,1,NA,111685,80023,27418,146,71,1405,30,213,124,92,2709,HSC
2_B1,AML1,HSC_pool_B1_B01_013.fcs,15079,15074,14690,7634,NA,NA,NA,NA,NA,NA,NA,NA,6211,41.2,42.3,NA,3266,89088,16576,6210,41.2,42.3,NA,3266,89088,16576,0,NA,NA,NA,NA,TRUE,Plate 2_B1,Plate 2,1,NA,107395,82631,29501,183,11,1801,35,203,87,417,988,HSC
2_B2,AML1,HSC_pool_B2_B02_014.fcs,6868,6861,6687,1617,NA,NA,NA,NA,NA,NA,NA,NA,4912,71.6,73.5,NA,4343,96768,25408,4912,71.6,73.5,NA,4343,96768,25408,0,NA,NA,NA,NA,TRUE,Plate 2_B2,Plate 2,1,NA,94464,77413,17352,91,16,1251,38,132,24,554,57,HSC
2_B3,AML1,HSC_pool_B3_B03_015.fcs,11088,11080,10514,1654,NA,NA,NA,NA,NA,NA,NA,NA,8527,77,81.1,NA,3983,95744,20416,8526,76.9,81.1,NA,3983,95744,20416,0,NA,NA,NA,NA,TRUE,Plate 2_B3,Plate 2,1,NA,93330,77703,14183,-45,34,1170,16,95,27,2196,20,HSC
2_B4,AML1,HSC_pool_B4_B04_016.fcs,5578,5573,5228,698,NA,NA,NA,NA,NA,NA,NA,NA,4446,79.8,85,NA,6028,100864,28608,4445,79.8,85,NA,6028,100864,28608,0,NA,NA,NA,NA,TRUE,Plate 2_B4,Plate 2,1,NA,98317,79153,20764,-9,-12,1549,10,153,43,234,102,HSC
2_B5,AML1,HSC_pool_B5_B05_017.fcs,767,2,2,1,NA,NA,NA,NA,NA,NA,NA,NA,1,50,50,NA,19714,155648,63168,1,50,50,NA,19714,155648,63168,737,NA,NA,NA,NA,TRUE,Plate 2_B5,Plate 2,1,NA,85410,77491,22430,17,65,1938,13,169,167,684,223,HSC
2_B7,AML1,HSC_pool_B7_B07_019.fcs,3358,3350,3309,880,NA,NA,NA,NA,NA,NA,NA,NA,2301,68.7,69.5,NA,2723,87680,19392,2300,68.7,69.5,NA,2723,87680,19392,0,NA,NA,NA,NA,TRUE,Plate 2_B7,Plate 2,1,NA,83778,76330,16320,-91,9,1078,42,161,3,234,7,HSC
2_B9,AML1,HSC_pool_B9_B09_021.fcs,14668,14653,14000,3071,NA,NA,NA,NA,NA,NA,NA,NA,10697,73,76.4,NA,4398,103680,22912,10693,73,76.4,NA,4398,103680,22912,0,NA,NA,NA,NA,TRUE,Plate 2_B9,Plate 2,1,NA,101121,78510,22279,-45,-2,1268,39,135,68,832,422,HSC
2_B10,AML1,HSC_pool_B10_B10_022.fcs,275,275,211,17,NA,NA,NA,NA,NA,NA,NA,NA,190,69.1,90,NA,20472,131264,32768,190,69.1,90,NA,20472,131264,32768,0,NA,NA,NA,NA,TRUE,Plate 2_B10,Plate 2,1,NA,106849,79661,25660,-83,3,1958,-2,155,3,600,293,HSC
2_B11,AML1,HSC_pool_B11_B11_023.fcs,1629,1625,1585,747,NA,NA,NA,NA,NA,NA,NA,NA,779,47.9,49.1,NA,3010,92480,21312,778,47.9,49.1,NA,3010,92480,21248,0,NA,NA,NA,NA,TRUE,Plate 2_B11,Plate 2,1,NA,122411,81851,17980,102,33,1630,12,153,43,428,188,HSC
2_B12,AML1,HSC_pool_B12_B12_024.fcs,3272,3266,2869,1044,NA,NA,NA,NA,NA,NA,NA,NA,1797,55,62.6,NA,4389,101952,25216,1797,55,62.6,NA,4389,101952,25216,0,NA,NA,NA,NA,TRUE,Plate 2_B12,Plate 2,1,NA,101095,78509,16818,-147,15,1997,6,222,22,175,236,HSC
2_C1,AML1,HSC_pool_C1_C01_025.fcs,3563,3556,3316,886,NA,NA,NA,NA,NA,NA,NA,NA,2362,66.4,71.2,NA,5900,87680,24512,2362,66.4,71.2,NA,5900,87680,24512,1,NA,NA,NA,NA,TRUE,Plate 2_C1,Plate 2,1,NA,87843,77204,13037,-203,25,1427,-6,118,-28,967,264,HSC
2_C2,AML1,HSC_pool_C2_C02_026.fcs,2369,2354,2272,373,NA,NA,NA,NA,NA,NA,NA,NA,1869,79.4,82.3,NA,5462,98048,25280,1869,79.4,82.3,NA,5462,98048,25280,0,NA,NA,NA,NA,TRUE,Plate 2_C2,Plate 2,1,NA,100372,78583,19478,43,-19,1287,-9,127,43,860,16,HSC
2_C3,AML1,HSC_pool_C3_C03_027.fcs,21353,21338,20837,3761,NA,NA,NA,NA,NA,NA,NA,NA,16417,76.9,78.8,NA,4811,96768,19456,16415,76.9,78.8,NA,4811,96768,19456,0,NA,NA,NA,NA,TRUE,Plate 2_C3,Plate 2,1,NA,100625,82410,38915,61,53,1593,42,168,3,1305,162,HSC
2_C4,AML1,HSC_pool_C4_C04_028.fcs,5428,5421,4304,1695,NA,NA,NA,NA,NA,NA,NA,NA,2349,43.3,54.6,NA,2905,97024,17152,2349,43.3,54.6,NA,2905,97024,17152,0,NA,NA,NA,NA,TRUE,Plate 2_C4,Plate 2,1,NA,87235,77241,18322,21,-34,1542,27,262,39,2307,336,HSC
2_C5,AML1,HSC_pool_C5_C05_029.fcs,10510,10504,9562,2315,NA,NA,NA,NA,NA,NA,NA,NA,6868,65.4,71.8,NA,3723,119808,26240,6868,65.4,71.8,NA,3723,119808,26240,0,NA,NA,NA,NA,TRUE,Plate 2_C5,Plate 2,1,NA,102132,78785,21927,-27,35,1203,62,154,-6,589,202,HSC
2_C7,AML1,HSC_pool_C7_C07_031.fcs,6001,5998,5690,620,NA,NA,NA,NA,NA,NA,NA,NA,5003,83.4,87.9,NA,16535,120256,38656,5003,83.4,87.9,NA,16535,120256,38656,0,NA,NA,NA,NA,TRUE,Plate 2_C7,Plate 2,1,NA,110063,81985,22086,-87,72,2211,20,155,-8,970,-5,HSC
2_C8,AML1,HSC_pool_C8_C08_032.fcs,302,301,223,221,NA,NA,NA,NA,NA,NA,NA,NA,2,0.66,0.9,NA,5640,113664,26624,2,0.66,0.9,NA,5640,113664,26624,0,NA,NA,NA,NA,TRUE,Plate 2_C8,Plate 2,1,NA,99169,77920,15574,-18,10,1654,19,212,176,1101,63,HSC
2_C12,AML1,HSC_pool_C12_C12_036.fcs,4008,4003,3780,887,NA,NA,NA,NA,NA,NA,NA,NA,2826,70.6,74.8,NA,3959,91136,24832,2825,70.6,74.7,NA,3959,91136,24832,0,NA,NA,NA,NA,TRUE,Plate 2_C12,Plate 2,1,NA,102504,79135,17096,111,49,804,36,180,-52,978,254,HSC
2_D1,AML1,HSC_pool_D1_D01_037.fcs,12992,12973,12174,3845,NA,NA,NA,NA,NA,NA,NA,NA,7830,60.4,64.3,NA,3967,112000,23424,7829,60.3,64.3,NA,3967,112000,23424,0,NA,NA,NA,NA,TRUE,Plate 2_D1,Plate 2,1,NA,99582,79473,14636,9,75,1362,38,202,46,718,290,HSC
2_D3,AML1,HSC_pool_D3_D03_039.fcs,6562,6557,6454,5621,NA,NA,NA,NA,NA,NA,NA,NA,794,12.1,12.3,NA,4361,105600,28352,792,12.1,12.3,NA,4361,105408,28352,0,NA,NA,NA,NA,TRUE,Plate 2_D3,Plate 2,1,NA,92051,77801,12404,-6,22,980,40,86,8,301,190,HSC
2_D6,AML1,HSC_pool_D6_D06_042.fcs,23344,23316,22987,9790,NA,NA,NA,NA,NA,NA,NA,NA,12797,54.9,55.7,NA,5370,94272,21824,12796,54.9,55.7,NA,5370,94272,21824,0,NA,NA,NA,NA,TRUE,Plate 2_D6,Plate 2,1,NA,111774,81517,20632,-30,39,1419,17,252,107,340,28,HSC
2_D7,AML1,HSC_pool_D7_D07_043.fcs,36,5,5,3,NA,NA,NA,NA,NA,NA,NA,NA,2,40,40,NA,4547,79872,18816,2,40,40,NA,4547,79872,18816,30,NA,NA,NA,NA,TRUE,Plate 2_D7,Plate 2,1,NA,99925,78719,19450,-24,19,1642,40,122,20,526,128,HSC
2_D8,AML1,HSC_pool_D8_D08_044.fcs,171,170,85,34,NA,NA,NA,NA,NA,NA,NA,NA,50,29.4,58.8,NA,13924,139456,31808,50,29.4,58.8,NA,13924,139456,31808,0,NA,NA,NA,NA,TRUE,Plate 2_D8,Plate 2,1,NA,110691,80522,24382,-34,37,1641,19,233,105,504,152,HSC
2_D9,AML1,HSC_pool_D9_D09_045.fcs,14081,14076,13702,6275,NA,NA,NA,NA,NA,NA,NA,NA,6989,49.7,51,NA,3649,102528,24640,6989,49.7,51,NA,3649,102528,24640,0,NA,NA,NA,NA,TRUE,Plate 2_D9,Plate 2,1,NA,112047,80550,17341,102,58,1818,38,199,82,557,200,HSC
2_D10,AML1,HSC_pool_D10_D10_046.fcs,261,261,261,249,NA,NA,NA,NA,NA,NA,NA,NA,10,3.83,3.83,NA,7886,118400,39488,9,3.45,3.45,NA,14151,143616,39488,0,NA,NA,NA,NA,TRUE,Plate 2_D10,Plate 2,1,NA,90338,78317,17626,-40,28,1236,20,100,59,2164,61,HSC
2_D11,AML1,HSC_pool_D11_D11_047.fcs,12763,12754,12721,9145,NA,NA,NA,NA,NA,NA,NA,NA,3294,25.8,25.9,NA,3701,87360,22656,3293,25.8,25.9,NA,3701,87360,22656,0,NA,NA,NA,NA,TRUE,Plate 2_D11,Plate 2,1,NA,115148,82092,25938,191,39,1569,33,189,49,263,212,HSC
2_E1,AML1,HSC_pool_E1_E01_049.fcs,18396,18383,17783,3503,NA,NA,NA,NA,NA,NA,NA,NA,14019,76.3,78.8,NA,7512,106176,26880,14017,76.2,78.8,NA,7512,106176,26880,0,NA,NA,NA,NA,TRUE,Plate 2_E1,Plate 2,1,NA,104885,80333,20068,-50,24,1704,25,191,70,1119,-21,HSC
2_E2,AML1,HSC_pool_E2_E02_050.fcs,14264,14248,13777,4197,NA,NA,NA,NA,NA,NA,NA,NA,9306,65.3,67.5,NA,3511,102464,24320,9305,65.3,67.5,NA,3511,102464,24320,0,NA,NA,NA,NA,TRUE,Plate 2_E2,Plate 2,1,NA,101303,79688,20174,-12,-29,933,58,191,91,1423,-13,HSC
2_E3,AML1,HSC_pool_E3_E03_051.fcs,12959,12947,12595,2155,NA,NA,NA,NA,NA,NA,NA,NA,10278,79.4,81.6,NA,5837,97728,25088,10278,79.4,81.6,NA,5837,97728,25088,0,NA,NA,NA,NA,TRUE,Plate 2_E3,Plate 2,1,NA,91028,77780,16540,-57,36,999,21,66,33,478,120,HSC
2_E4,AML1,HSC_pool_E4_E04_052.fcs,9832,9814,9684,2247,NA,NA,NA,NA,NA,NA,NA,NA,7286,74.2,75.2,NA,6160,90112,23872,7285,74.2,75.2,NA,6160,90112,23872,0,NA,NA,NA,NA,TRUE,Plate 2_E4,Plate 2,1,NA,108788,80485,22920,4,-7,1368,32,171,120,733,200,HSC
2_E5,AML1,HSC_pool_E5_E05_053.fcs,668,666,651,127,NA,NA,NA,NA,NA,NA,NA,NA,507,76.1,77.9,NA,4008,76672,18816,506,76,77.7,NA,4008,76672,18816,0,NA,NA,NA,NA,TRUE,Plate 2_E5,Plate 2,1,NA,108658,80850,16335,108,42,921,2,166,85,16,18,HSC
2_E6,AML1,HSC_pool_E6_E06_054.fcs,1315,10,7,6,NA,NA,NA,NA,NA,NA,NA,NA,1,10,14.3,NA,1892,67072,12672,1,10,14.3,NA,1892,67072,12672,1279,NA,NA,NA,NA,TRUE,Plate 2_E6,Plate 2,1,NA,97616,82260,29562,120,36,1403,43,208,25,407,126,HSC
2_E7,AML1,HSC_pool_E7_E07_055.fcs,3612,3608,3549,870,NA,NA,NA,NA,NA,NA,NA,NA,2478,68.7,69.8,NA,3942,100800,24192,2478,68.7,69.8,NA,3942,100800,24192,1,NA,NA,NA,NA,TRUE,Plate 2_E7,Plate 2,1,NA,91038,77090,15388,83,36,1362,28,122,80,257,68,HSC
2_E9,AML1,HSC_pool_E9_E09_057.fcs,61,60,38,15,NA,NA,NA,NA,NA,NA,NA,NA,20,33.3,52.6,NA,1363,104768,28416,20,33.3,52.6,NA,1363,104768,28416,0,NA,NA,NA,NA,TRUE,Plate 2_E9,Plate 2,1,NA,94983,78833,24029,26,9,1705,46,151,39,285,38,HSC
2_E10,AML1,HSC_pool_E10_E10_058.fcs,1231,1227,1144,64,NA,NA,NA,NA,NA,NA,NA,NA,1056,86.1,92.3,NA,8794,110784,27520,1056,86.1,92.3,NA,8794,110784,27520,0,NA,NA,NA,NA,TRUE,Plate 2_E10,Plate 2,1,NA,96933,78365,16672,53,27,1261,24,197,18,244,43,HSC
2_E11,AML1,HSC_pool_E11_E11_059.fcs,3154,3145,3127,1409,NA,NA,NA,NA,NA,NA,NA,NA,1651,52.5,52.8,NA,5268,86144,23744,1651,52.5,52.8,NA,5268,86144,23744,0,NA,NA,NA,NA,TRUE,Plate 2_E11,Plate 2,1,NA,111766,80564,24552,19,37,2191,77,189,21,599,267,HSC
2_F1,AML1,HSC_pool_F1_F01_061.fcs,14474,13575,13490,11474,NA,NA,NA,NA,NA,NA,NA,NA,1890,13.9,14,NA,9406,87424,26368,1890,13.9,14,NA,9406,87424,26368,775,NA,NA,NA,NA,TRUE,Plate 2_F1,Plate 2,1,NA,113454,81030,25256,-15,24,1730,25,207,5,994,552,HSC
2_F3,AML1,HSC_pool_F3_F03_063.fcs,2909,2894,2888,2877,NA,NA,NA,NA,NA,NA,NA,NA,8,0.28,0.28,NA,1618,116352,32000,8,0.28,0.28,NA,1618,116352,32000,0,NA,NA,NA,NA,TRUE,Plate 2_F3,Plate 2,1,NA,76060,76820,23585,109,33,1714,66,214,77,44,69,HSC
2_F4,AML1,HSC_pool_F4_F04_064.fcs,3187,3185,2900,1292,NA,NA,NA,NA,NA,NA,NA,NA,1377,43.2,47.5,NA,2368,90112,16704,1376,43.2,47.4,NA,2359,90112,16704,0,NA,NA,NA,NA,TRUE,Plate 2_F4,Plate 2,1,NA,97130,78324,17411,-36,8,1352,30,408,53,807,3787,HSC
2_F5,AML1,HSC_pool_F5_F05_065.fcs,16100,16089,15417,3778,NA,NA,NA,NA,NA,NA,NA,NA,11158,69.4,72.4,NA,4741,102784,23744,11157,69.3,72.4,NA,4741,102784,23744,0,NA,NA,NA,NA,TRUE,Plate 2_F5,Plate 2,1,NA,96177,78505,14832,-60,56,1520,20,246,97,197,601,HSC
2_F7,AML1,HSC_pool_F7_F07_067.fcs,1661,1661,1514,180,NA,NA,NA,NA,NA,NA,NA,NA,1317,79.3,87,NA,35421,142464,50560,1317,79.3,87,NA,35421,142464,50560,0,NA,NA,NA,NA,TRUE,Plate 2_F7,Plate 2,1,NA,102431,79930,17976,167,9,1191,41,172,8,377,524,HSC
2_F8,AML1,HSC_pool_F8_F08_068.fcs,255,3,2,0,NA,NA,NA,NA,NA,NA,NA,NA,2,66.7,100,NA,26321,115904,48320,2,66.7,100,NA,26321,115904,48320,242,NA,NA,NA,NA,TRUE,Plate 2_F8,Plate 2,1,NA,121026,85556,41657,-3,21,1481,77,213,100,196,-15,HSC
2_F10,AML1,HSC_pool_F10_F10_070.fcs,1602,1594,1589,1521,NA,NA,NA,NA,NA,NA,NA,NA,60,3.76,3.78,NA,4016,84224,26240,60,3.76,3.78,NA,4016,84224,26240,0,NA,NA,NA,NA,TRUE,Plate 2_F10,Plate 2,1,NA,101583,78854,17487,57,37,1389,19,158,26,480,148,HSC
2_F11,AML1,HSC_pool_F11_F11_071.fcs,8990,8982,8773,4050,NA,NA,NA,NA,NA,NA,NA,NA,4598,51.2,52.4,NA,6573,100416,24000,4598,51.2,52.4,NA,6573,100416,24000,0,NA,NA,NA,NA,TRUE,Plate 2_F11,Plate 2,1,NA,98681,78043,21863,-77,-8,1868,88,253,-4,410,735,HSC
2_G1,AML1,HSC_pool_G1_G01_073.fcs,20267,20236,19116,6942,NA,NA,NA,NA,NA,NA,NA,NA,11470,56.7,60,NA,4692,107904,26752,11468,56.7,60,NA,4692,107904,26752,0,NA,NA,NA,NA,TRUE,Plate 2_G1,Plate 2,1,NA,93212,77528,14882,-209,-50,1483,43,209,19,1572,86,HSC
2_G3,AML1,HSC_pool_G3_G03_075.fcs,2537,2356,2309,1593,NA,NA,NA,NA,NA,NA,NA,NA,685,29.1,29.7,NA,6631,82816,25088,685,29.1,29.7,NA,6631,82816,25088,0,NA,NA,NA,NA,TRUE,Plate 2_G3,Plate 2,1,NA,96167,78214,18739,144,45,1111,24,133,65,329,242,HSC
2_G4,AML1,HSC_pool_G4_G04_076.fcs,3696,2418,2194,1218,NA,NA,NA,NA,NA,NA,NA,NA,948,39.2,43.2,NA,6942,107456,28352,948,39.2,43.2,NA,6942,107456,28352,1256,NA,NA,NA,NA,TRUE,Plate 2_G4,Plate 2,1,NA,89870,77072,17165,-50,89,1708,28,222,44,138,-8,HSC
2_G5,AML1,HSC_pool_G5_G05_077.fcs,25304,25282,25050,9287,NA,NA,NA,NA,NA,NA,NA,NA,15367,60.8,61.3,NA,6377,95872,23808,15366,60.8,61.3,NA,6377,95872,23808,3,NA,NA,NA,NA,TRUE,Plate 2_G5,Plate 2,1,NA,101057,79394,25704,6,-34,1354,28,188,48,311,-77,HSC
2_G6,AML1,HSC_pool_G6_G06_078.fcs,17517,17496,16646,3285,NA,NA,NA,NA,NA,NA,NA,NA,13040,74.5,78.3,NA,5268,102464,23488,13039,74.5,78.3,NA,5268,102464,23488,0,NA,NA,NA,NA,TRUE,Plate 2_G6,Plate 2,1,NA,109127,80810,30224,53,29,1569,34,235,70,833,117,HSC
2_G7,AML1,HSC_pool_G7_G07_079.fcs,24903,24873,24592,8083,NA,NA,NA,NA,NA,NA,NA,NA,15910,64,64.7,NA,4361,83264,19776,15907,64,64.7,NA,4361,83264,19776,0,NA,NA,NA,NA,TRUE,Plate 2_G7,Plate 2,1,NA,97154,79724,20447,-84,19,1069,55,138,52,236,145,HSC
2_G8,AML1,HSC_pool_G8_G08_080.fcs,10243,10223,9784,3317,NA,NA,NA,NA,NA,NA,NA,NA,5740,56.1,58.7,NA,2593,84672,17600,5740,56.1,58.7,NA,2593,84672,17600,0,NA,NA,NA,NA,TRUE,Plate 2_G8,Plate 2,1,NA,93082,81823,29665,-94,10,1476,79,238,73,456,305,HSC
2_G9,AML1,HSC_pool_G9_G09_081.fcs,1037,1036,1009,949,NA,NA,NA,NA,NA,NA,NA,NA,39,3.76,3.87,NA,1917,95040,18496,39,3.76,3.87,NA,1917,95040,18496,0,NA,NA,NA,NA,TRUE,Plate 2_G9,Plate 2,1,NA,104097,78839,16386,69,51,1095,51,173,-29,783,72,HSC
2_G10,AML1,HSC_pool_G10_G10_082.fcs,8612,8604,7976,3087,NA,NA,NA,NA,NA,NA,NA,NA,4422,51.4,55.4,NA,4016,99200,21952,4422,51.4,55.4,NA,4016,99200,21952,0,NA,NA,NA,NA,TRUE,Plate 2_G10,Plate 2,1,NA,99529,82304,19885,-115,61,1562,24,151,-6,1576,551,HSC
2_G12,AML1,HSC_pool_G12_G12_084.fcs,8549,8546,8345,867,NA,NA,NA,NA,NA,NA,NA,NA,7350,86,88.1,NA,6866,112320,32832,7349,86,88.1,NA,6866,112320,32832,0,NA,NA,NA,NA,TRUE,Plate 2_G12,Plate 2,1,NA,101712,78782,16137,9,-20,1468,27,139,82,999,370,HSC
2_H1,AML1,HSC_pool_H1_H01_085.fcs,22672,22637,22288,10949,NA,NA,NA,NA,NA,NA,NA,NA,10648,47,47.8,NA,5544,86720,20544,10646,47,47.8,NA,5544,86720,20544,11,NA,NA,NA,NA,TRUE,Plate 2_H1,Plate 2,1,NA,93187,78632,18045,-31,15,1381,31,207,55,1167,179,HSC
2_H2,AML1,HSC_pool_H2_H02_086.fcs,26006,24920,24770,10730,NA,NA,NA,NA,NA,NA,NA,NA,13605,54.6,54.9,NA,6972,88704,22912,13605,54.6,54.9,NA,6972,88704,22912,874,NA,NA,NA,NA,TRUE,Plate 2_H2,Plate 2,1,NA,99575,80991,18695,-7,63,1729,48,311,-11,2597,329,HSC
2_H3,AML1,HSC_pool_H3_H03_087.fcs,22686,22667,22482,9266,NA,NA,NA,NA,NA,NA,NA,NA,12163,53.7,54.1,NA,3855,91520,21248,12163,53.7,54.1,NA,3855,91520,21248,6,NA,NA,NA,NA,TRUE,Plate 2_H3,Plate 2,1,NA,87899,77390,15704,140,15,1210,41,92,55,2212,108,HSC
2_H5,AML1,HSC_pool_H5_H05_089.fcs,4587,4568,4393,672,NA,NA,NA,NA,NA,NA,NA,NA,3675,80.5,83.7,NA,20042,126976,44032,3675,80.5,83.7,NA,20042,126976,44032,4,NA,NA,NA,NA,TRUE,Plate 2_H5,Plate 2,1,NA,106236,79311,15602,-75,32,1858,40,180,-36,361,2090,HSC
2_H6,AML1,HSC_pool_H6_H06_090.fcs,21598,21282,21118,10563,NA,NA,NA,NA,NA,NA,NA,NA,10038,47.2,47.5,NA,5799,94400,23360,10038,47.2,47.5,NA,5799,94400,23360,129,NA,NA,NA,NA,TRUE,Plate 2_H6,Plate 2,1,NA,101075,79881,16193,13,15,1450,0,195,-58,2459,366,HSC
2_H8,AML1,HSC_pool_H8_H08_092.fcs,1036,1035,1012,59,NA,NA,NA,NA,NA,NA,NA,NA,949,91.7,93.8,NA,27673,136896,49856,949,91.7,93.8,NA,27673,136896,49856,0,NA,NA,NA,NA,TRUE,Plate 2_H8,Plate 2,1,NA,102699,79570,27900,-47,12,1818,28,179,115,1994,29,HSC
2_H9,AML1,HSC_pool_H9_H09_093.fcs,4050,3176,3085,2171,NA,NA,NA,NA,NA,NA,NA,NA,880,27.7,28.5,NA,4976,97408,26560,880,27.7,28.5,NA,4976,97408,26560,855,NA,NA,NA,NA,TRUE,Plate 2_H9,Plate 2,1,NA,108498,81218,29119,19,25,1420,52,216,-10,1344,76,HSC
2_H10,AML1,HSC_pool_H10_H10_094.fcs,1544,1543,1513,666,NA,NA,NA,NA,NA,NA,NA,NA,817,52.9,54,NA,5925,105408,26112,817,52.9,54,NA,5925,105408,26112,0,NA,NA,NA,NA,TRUE,Plate 2_H10,Plate 2,1,NA,87346,76584,14203,-39,-17,900,81,126,-39,386,405,HSC
2_H11,AML1,HSC_pool_H11_H11_095.fcs,4235,4225,4201,3639,NA,NA,NA,NA,NA,NA,NA,NA,527,12.5,12.5,NA,3959,85568,21440,526,12.4,12.5,NA,3926,85504,21440,0,NA,NA,NA,NA,TRUE,Plate 2_H11,Plate 2,1,NA,109157,80591,20745,-107,-10,1809,-5,188,-12,1263,143,HSC
2_H12,AML1,HSC_pool_H12_H12_096.fcs,25231,25208,25042,8713,NA,NA,NA,NA,NA,NA,NA,NA,15135,60,60.4,NA,3483,86208,19648,15135,60,60.4,NA,3483,86208,19648,0,NA,NA,NA,NA,TRUE,Plate 2_H12,Plate 2,1,NA,106011,79689,18991,-18,64,1290,38,245,-6,1130,654,HSC
4_A5,AML1,HSC_pool_A5_A05_002.fcs,4742,4735,4529,867,NA,NA,NA,NA,NA,NA,NA,NA,3616,76.4,79.8,NA,15636,141824,44160,3616,76.4,79.8,NA,15636,141824,44160,0,NA,NA,NA,NA,TRUE,Plate 4_A5,Plate 4,1,NA,165178,93089,50165,183,99,2564,83,271,276,1149,409,HSC
4_A6,AML1,HSC_pool_A6_A06_003.fcs,19969,19948,19749,7056,NA,NA,NA,NA,NA,NA,NA,NA,12478,62.6,63.2,NA,10435,109440,31104,12477,62.5,63.2,NA,10435,109440,31104,1,NA,NA,NA,NA,TRUE,Plate 4_A6,Plate 4,1,NA,81625,76187,20167,-31,7,902,47,195,123,613,55,HSC
4_A7,AML1,HSC_pool_A7_A07_004.fcs,10639,10631,10314,4507,NA,NA,NA,NA,NA,NA,NA,NA,5733,53.9,55.6,NA,6836,117696,31296,5732,53.9,55.6,NA,6836,117696,31296,1,NA,NA,NA,NA,TRUE,Plate 4_A7,Plate 4,1,NA,91725,76916,15050,-77,40,1478,28,113,374,807,231,HSC
4_A8,AML1,HSC_pool_A8_A08_005.fcs,11815,11797,11484,4144,NA,NA,NA,NA,NA,NA,NA,NA,7228,61.3,62.9,NA,5750,100480,27200,7228,61.3,62.9,NA,5750,100480,27200,0,NA,NA,NA,NA,TRUE,Plate 4_A8,Plate 4,1,NA,98476,80645,24223,-124,66,1681,28,140,19,411,20,HSC
4_A9,AML1,HSC_pool_A9_A09_006.fcs,6191,6188,6054,1657,NA,NA,NA,NA,NA,NA,NA,NA,4136,66.8,68.3,NA,4453,117760,28608,4135,66.8,68.3,NA,4453,117760,28608,0,NA,NA,NA,NA,TRUE,Plate 4_A9,Plate 4,1,NA,90926,77491,20942,37,-18,1404,24,207,45,741,431,HSC
4_A10,AML1,HSC_pool_A10_A10_007.fcs,5971,5964,5910,2138,NA,NA,NA,NA,NA,NA,NA,NA,3471,58.2,58.7,NA,5060,96064,22016,3470,58.2,58.7,NA,5060,96064,22016,0,NA,NA,NA,NA,TRUE,Plate 4_A10,Plate 4,1,NA,106289,79840,26791,261,104,1302,73,164,46,238,-12,HSC
4_A11,AML1,HSC_pool_A11_A11_008.fcs,872,3,3,2,NA,NA,NA,NA,NA,NA,NA,NA,1,33.3,33.3,NA,6792,102464,21248,1,33.3,33.3,NA,6792,102464,21248,861,NA,NA,NA,NA,TRUE,Plate 4_A11,Plate 4,1,NA,112558,80145,25699,-25,74,1554,43,160,78,496,6,HSC
4_A12,AML1,HSC_pool_A12_A12_009.fcs,952,952,910,25,NA,NA,NA,NA,NA,NA,NA,NA,879,92.3,96.6,NA,20424,152512,45760,879,92.3,96.6,NA,20424,152512,45760,0,NA,NA,NA,NA,TRUE,Plate 4_A12,Plate 4,1,NA,100430,79136,21172,35,24,1572,55,214,-3,574,302,HSC
4_B1,AML1,HSC_pool_B1_B01_010.fcs,213,0,0,0,NA,NA,NA,NA,NA,NA,NA,NA,0,0,0,NA,NA,NA,NA,0,0,0,NA,NA,NA,NA,210,NA,NA,NA,NA,TRUE,Plate 4_B1,Plate 4,1,NA,110979,79890,25357,154,35,1238,47,232,66,499,-8,HSC
4_B2,AML1,HSC_pool_B2_B02_011.fcs,17098,17089,16688,4274,NA,NA,NA,NA,NA,NA,NA,NA,12021,70.3,72,NA,7579,112384,29440,12020,70.3,72,NA,7579,112384,29440,0,NA,NA,NA,NA,TRUE,Plate 4_B2,Plate 4,1,NA,100145,82236,14127,91,26,1009,45,116,146,56,45,HSC
4_B3,AML1,HSC_pool_B3_B03_012.fcs,12364,12355,12229,9670,NA,NA,NA,NA,NA,NA,NA,NA,2342,19,19.2,NA,6377,102080,24896,2341,18.9,19.1,NA,6390,102144,24960,0,NA,NA,NA,NA,TRUE,Plate 4_B3,Plate 4,1,NA,84088,77370,21433,-21,51,979,36,211,36,712,13,HSC
4_B4,AML1,HSC_pool_B4_B04_013.fcs,16375,16360,16071,1897,NA,NA,NA,NA,NA,NA,NA,NA,13917,85.1,86.6,NA,4751,109952,27648,13917,85.1,86.6,NA,4751,109952,27648,0,NA,NA,NA,NA,TRUE,Plate 4_B4,Plate 4,1,NA,103245,81105,18614,-30,-31,1476,46,230,140,2381,2898,HSC
4_B5,AML1,HSC_pool_B5_B05_014.fcs,1220,5,5,2,NA,NA,NA,NA,NA,NA,NA,NA,3,60,60,NA,6226,135616,27840,3,60,60,NA,6226,135616,27840,1194,NA,NA,NA,NA,TRUE,Plate 4_B5,Plate 4,1,NA,105026,82745,21890,-126,25,1449,26,300,123,1068,2160,HSC
4_B6,AML1,HSC_pool_B6_B06_015.fcs,17782,17768,17636,1658,NA,NA,NA,NA,NA,NA,NA,NA,15836,89.1,89.8,NA,9642,98624,26304,15834,89.1,89.8,NA,9642,98688,26304,1,NA,NA,NA,NA,TRUE,Plate 4_B6,Plate 4,1,NA,105317,80042,19451,42,31,1182,71,220,77,662,20,HSC
4_B7,AML1,HSC_pool_B7_B07_016.fcs,15968,15951,15751,4985,NA,NA,NA,NA,NA,NA,NA,NA,10231,64.1,65,NA,5837,87104,24448,10231,64.1,65,NA,5837,87104,24448,0,NA,NA,NA,NA,TRUE,Plate 4_B7,Plate 4,1,NA,100022,78283,20205,-12,35,1024,29,165,14,271,32,HSC
4_B8,AML1,HSC_pool_B8_B08_017.fcs,17070,17064,16790,9421,NA,NA,NA,NA,NA,NA,NA,NA,6486,38,38.6,NA,3716,109504,24192,6485,38,38.6,NA,3716,109568,24192,0,NA,NA,NA,NA,TRUE,Plate 4_B8,Plate 4,1,NA,98073,78453,17915,97,31,1322,16,214,-36,2388,11,HSC
4_B9,AML1,HSC_pool_B9_B09_018.fcs,26989,26973,26857,15497,NA,NA,NA,NA,NA,NA,NA,NA,10648,39.5,39.6,NA,5427,105408,24640,10648,39.5,39.6,NA,5427,105408,24640,0,NA,NA,NA,NA,TRUE,Plate 4_B9,Plate 4,1,NA,100546,79572,20809,-97,26,1370,37,153,67,880,329,HSC
4_B11,AML1,HSC_pool_B11_B11_020.fcs,23062,23037,22910,9097,NA,NA,NA,NA,NA,NA,NA,NA,13444,58.4,58.7,NA,5136,93248,24704,13444,58.4,58.7,NA,5136,93248,24704,0,NA,NA,NA,NA,TRUE,Plate 4_B11,Plate 4,1,NA,100601,79172,16966,-77,-15,1596,18,178,221,1209,28,HSC
4_B12,AML1,HSC_pool_B12_B12_021.fcs,3976,3972,3844,611,NA,NA,NA,NA,NA,NA,NA,NA,3159,79.5,82.2,NA,9577,113472,29760,3159,79.5,82.2,NA,9577,113472,29760,0,NA,NA,NA,NA,TRUE,Plate 4_B12,Plate 4,1,NA,111158,81962,30200,-40,35,1722,9,183,272,94,345,HSC
4_C1,AML1,HSC_pool_C1_C01_022.fcs,2657,2654,2606,1189,NA,NA,NA,NA,NA,NA,NA,NA,1287,48.5,49.4,NA,5347,111872,27072,1287,48.5,49.4,NA,5347,111872,27072,0,NA,NA,NA,NA,TRUE,Plate 4_C1,Plate 4,1,NA,95454,80452,30018,237,56,1447,85,252,30,341,43,HSC
4_C2,AML1,HSC_pool_C2_C02_023.fcs,38139,36783,36619,13071,NA,NA,NA,NA,NA,NA,NA,NA,21916,59.6,59.8,NA,4099,91968,18624,21916,59.6,59.8,NA,4099,91968,18624,1000,NA,NA,NA,NA,TRUE,Plate 4_C2,Plate 4,1,NA,98486,82355,29096,22,68,1213,-1,141,68,288,52,HSC
4_C3,AML1,HSC_pool_C3_C03_024.fcs,22828,22813,22560,10281,NA,NA,NA,NA,NA,NA,NA,NA,11493,50.4,50.9,NA,4741,102592,22592,11493,50.4,50.9,NA,4741,102592,22592,0,NA,NA,NA,NA,TRUE,Plate 4_C3,Plate 4,1,NA,91777,78598,15067,-75,73,1410,57,137,39,552,87,HSC
4_C4,AML1,HSC_pool_C4_C04_025.fcs,3132,3130,2781,1350,NA,NA,NA,NA,NA,NA,NA,NA,1322,42.2,47.5,NA,4976,98816,19776,1322,42.2,47.5,NA,4976,98816,19776,0,NA,NA,NA,NA,TRUE,Plate 4_C4,Plate 4,1,NA,113073,83028,18972,-61,21,1399,33,226,35,536,318,HSC
4_C5,AML1,HSC_pool_C5_C05_026.fcs,59,59,54,53,NA,NA,NA,NA,NA,NA,NA,NA,0,0,0,NA,NA,NA,NA,0,0,0,NA,NA,NA,NA,0,NA,NA,NA,NA,TRUE,Plate 4_C5,Plate 4,1,NA,98412,78191,23055,-3,15,1700,23,151,73,395,76,HSC
4_C6,AML1,HSC_pool_C6_C06_027.fcs,4581,3560,3531,3083,NA,NA,NA,NA,NA,NA,NA,NA,429,12.1,12.1,NA,6896,100544,27840,428,12,12.1,NA,6896,100416,27776,929,NA,NA,NA,NA,TRUE,Plate 4_C6,Plate 4,1,NA,100885,82932,18436,16,23,1408,43,196,132,592,571,HSC
4_C7,AML1,HSC_pool_C7_C07_028.fcs,3269,3267,3219,271,NA,NA,NA,NA,NA,NA,NA,NA,2915,89.2,90.6,NA,14652,114432,35456,2915,89.2,90.6,NA,14652,114432,35456,1,NA,NA,NA,NA,TRUE,Plate 4_C7,Plate 4,1,NA,97124,78641,21797,76,13,1133,17,156,-3,1304,1222,HSC
4_C8,AML1,HSC_pool_C8_C08_029.fcs,2126,2112,2063,489,NA,NA,NA,NA,NA,NA,NA,NA,1556,73.7,75.4,NA,21411,142464,42560,1556,73.7,75.4,NA,21411,142464,42560,12,NA,NA,NA,NA,TRUE,Plate 4_C8,Plate 4,1,NA,103314,78276,19973,-2,-8,1108,31,180,74,953,76,HSC
4_C9,AML1,HSC_pool_C9_C09_030.fcs,7041,7036,6985,128,NA,NA,NA,NA,NA,NA,NA,NA,6774,96.3,97,NA,10225,104512,28480,6774,96.3,97,NA,10225,104512,28480,0,NA,NA,NA,NA,TRUE,Plate 4_C9,Plate 4,1,NA,83318,76377,14487,66,-3,853,6,83,34,590,312,HSC
4_C10,AML1,HSC_pool_C10_C10_031.fcs,4369,4367,4163,2456,NA,NA,NA,NA,NA,NA,NA,NA,1411,32.3,33.9,NA,2052,92736,19136,1411,32.3,33.9,NA,2052,92736,19136,0,NA,NA,NA,NA,TRUE,Plate 4_C10,Plate 4,1,NA,111246,83846,19145,60,32,1839,15,209,137,588,70,HSC
4_C11,AML1,HSC_pool_C11_C11_032.fcs,11003,10435,10337,4351,NA,NA,NA,NA,NA,NA,NA,NA,5833,55.9,56.4,NA,10364,117824,30208,5832,55.9,56.4,NA,10364,117824,30208,523,NA,NA,NA,NA,TRUE,Plate 4_C11,Plate 4,1,NA,95516,77323,20384,158,31,1770,0,125,40,272,148,HSC
4_C12,AML1,HSC_pool_C12_C12_033.fcs,2459,2259,2212,1494,NA,NA,NA,NA,NA,NA,NA,NA,703,31.1,31.8,NA,12934,136576,39744,703,31.1,31.8,NA,12934,136576,39744,191,NA,NA,NA,NA,TRUE,Plate 4_C12,Plate 4,1,NA,89925,77471,22556,190,29,1018,21,174,8,796,34,HSC
4_D1,AML1,HSC_pool_D1_D01_034.fcs,20825,20814,20661,15629,NA,NA,NA,NA,NA,NA,NA,NA,4564,21.9,22.1,NA,5887,95296,22080,4561,21.9,22.1,NA,5887,95296,22080,0,NA,NA,NA,NA,TRUE,Plate 4_D1,Plate 4,1,NA,103323,80159,23890,-93,1,1847,-5,196,141,710,863,HSC
4_D2,AML1,HSC_pool_D2_D02_035.fcs,9226,8721,8644,3142,NA,NA,NA,NA,NA,NA,NA,NA,5438,62.4,62.9,NA,11908,129600,35840,5438,62.4,62.9,NA,11908,129600,35840,464,NA,NA,NA,NA,TRUE,Plate 4_D2,Plate 4,1,NA,114118,80559,20739,200,65,1830,40,335,72,1351,73,HSC
4_D4,AML1,HSC_pool_D4_D04_037.fcs,8926,8917,8789,2589,NA,NA,NA,NA,NA,NA,NA,NA,6068,68,69,NA,12268,112768,33024,6068,68,69,NA,12268,112768,33024,0,NA,NA,NA,NA,TRUE,Plate 4_D4,Plate 4,1,NA,95305,77938,20829,-71,3,1575,9,227,61,1300,136,HSC
4_D5,AML1,HSC_pool_D5_D05_038.fcs,18353,17287,17082,7026,NA,NA,NA,NA,NA,NA,NA,NA,8738,50.5,51.2,NA,2728,97408,18944,8738,50.5,51.2,NA,2728,97408,18944,731,NA,NA,NA,NA,TRUE,Plate 4_D5,Plate 4,1,NA,101355,80336,20732,-41,8,1688,12,195,125,1194,325,HSC
4_D6,AML1,HSC_pool_D6_D06_039.fcs,29916,29893,29755,10693,NA,NA,NA,NA,NA,NA,NA,NA,17918,59.9,60.2,NA,4290,93888,19776,17918,59.9,60.2,NA,4290,93888,19776,0,NA,NA,NA,NA,TRUE,Plate 4_D6,Plate 4,1,NA,92020,76500,17873,23,38,1234,11,146,53,1797,354,HSC
4_D7,AML1,HSC_pool_D7_D07_040.fcs,43416,43382,43211,18677,NA,NA,NA,NA,NA,NA,NA,NA,23392,53.9,54.1,NA,5018,83776,19904,23391,53.9,54.1,NA,5018,83776,19904,0,NA,NA,NA,NA,TRUE,Plate 4_D7,Plate 4,1,NA,100458,80711,22105,-45,56,1838,5,234,38,1048,9,HSC
4_D8,AML1,HSC_pool_D8_D08_041.fcs,14412,11709,11631,9355,NA,NA,NA,NA,NA,NA,NA,NA,2168,18.5,18.6,NA,6806,89856,23360,2168,18.5,18.6,NA,6806,89856,23360,2611,NA,NA,NA,NA,TRUE,Plate 4_D8,Plate 4,1,NA,111013,87102,21297,-98,62,1319,33,196,78,775,2,HSC
4_D9,AML1,HSC_pool_D9_D09_042.fcs,7530,7521,7244,1979,NA,NA,NA,NA,NA,NA,NA,NA,4770,63.4,65.8,NA,2087,101120,20736,4770,63.4,65.8,NA,2087,101120,20736,1,NA,NA,NA,NA,TRUE,Plate 4_D9,Plate 4,1,NA,84364,85634,27667,-18,15,983,32,184,48,696,48,HSC
4_D10,AML1,HSC_pool_D10_D10_043.fcs,20605,20582,20471,8631,NA,NA,NA,NA,NA,NA,NA,NA,11541,56.1,56.4,NA,6866,119616,29440,11541,56.1,56.4,NA,6866,119616,29440,0,NA,NA,NA,NA,TRUE,Plate 4_D10,Plate 4,1,NA,105632,79989,27754,132,22,1288,2,128,23,534,-65,HSC
4_D11,AML1,HSC_pool_D11_D11_044.fcs,14826,14815,14659,3603,NA,NA,NA,NA,NA,NA,NA,NA,10684,72.1,72.9,NA,7430,120128,32128,10684,72.1,72.9,NA,7430,120128,32128,0,NA,NA,NA,NA,TRUE,Plate 4_D11,Plate 4,1,NA,98237,78152,18817,-65,3,1439,37,153,8,1116,37,HSC
4_D12,AML1,HSC_pool_D12_D12_045.fcs,4106,4105,4020,3124,NA,NA,NA,NA,NA,NA,NA,NA,868,21.1,21.6,NA,5291,106880,28800,868,21.1,21.6,NA,5291,106880,28800,0,NA,NA,NA,NA,TRUE,Plate 4_D12,Plate 4,1,NA,91710,78358,16144,96,45,1083,57,150,77,201,-13,HSC
4_E1,AML1,HSC_pool_E1_E01_046.fcs,7425,5069,4766,2607,NA,NA,NA,NA,NA,NA,NA,NA,1959,38.6,41.1,NA,12524,125056,33728,1959,38.6,41.1,NA,12524,125056,33728,1366,NA,NA,NA,NA,TRUE,Plate 4_E1,Plate 4,1,NA,105946,79209,19036,71,41,1428,30,127,453,163,616,HSC
4_E2,AML1,HSC_pool_E2_E02_047.fcs,59035,58995,58858,24368,NA,NA,NA,NA,NA,NA,NA,NA,30503,51.7,51.8,NA,3077,88832,17280,30502,51.7,51.8,NA,3077,88832,17280,5,NA,NA,NA,NA,TRUE,Plate 4_E2,Plate 4,1,NA,95511,79648,20790,-10,17,1024,63,153,52,1000,-24,HSC
4_E3,AML1,HSC_pool_E3_E03_048.fcs,36934,36915,36578,16291,NA,NA,NA,NA,NA,NA,NA,NA,18634,50.5,50.9,NA,3462,91072,17216,18633,50.5,50.9,NA,3462,91072,17216,0,NA,NA,NA,NA,TRUE,Plate 4_E3,Plate 4,1,NA,92058,77588,17181,111,53,1083,12,108,86,1196,496,HSC
4_E5,AML1,HSC_pool_E5_E05_050.fcs,1109,933,933,933,NA,NA,NA,NA,NA,NA,NA,NA,0,0,0,NA,NA,NA,NA,0,0,0,NA,NA,NA,NA,116,NA,NA,NA,NA,TRUE,Plate 4_E5,Plate 4,1,NA,114133,80929,23283,135,37,1896,57,279,86,661,1480,HSC
4_E6,AML1,HSC_pool_E6_E06_051.fcs,19081,19077,18948,7362,NA,NA,NA,NA,NA,NA,NA,NA,10932,57.3,57.7,NA,4091,91328,19328,10932,57.3,57.7,NA,4091,91328,19328,0,NA,NA,NA,NA,TRUE,Plate 4_E6,Plate 4,1,NA,97652,80018,18122,121,49,1317,3,177,49,1018,2598,HSC
4_E7,AML1,HSC_pool_E7_E07_052.fcs,18357,18341,18018,5886,NA,NA,NA,NA,NA,NA,NA,NA,11467,62.5,63.6,NA,4882,109120,24256,11467,62.5,63.6,NA,4882,109120,24256,0,NA,NA,NA,NA,TRUE,Plate 4_E7,Plate 4,1,NA,95508,78556,22077,-17,-56,1112,-15,154,57,787,49,HSC
4_E8,AML1,HSC_pool_E8_E08_053.fcs,23994,23982,23743,9751,NA,NA,NA,NA,NA,NA,NA,NA,12846,53.6,54.1,NA,2837,108544,23040,12845,53.6,54.1,NA,2837,108544,23040,0,NA,NA,NA,NA,TRUE,Plate 4_E8,Plate 4,1,NA,95971,79259,15174,-74,25,1766,49,222,32,696,34,HSC
4_E9,AML1,HSC_pool_E9_E09_054.fcs,8145,8139,8008,3344,NA,NA,NA,NA,NA,NA,NA,NA,4107,50.5,51.3,NA,2975,99968,18688,4107,50.5,51.3,NA,2975,99968,18688,0,NA,NA,NA,NA,TRUE,Plate 4_E9,Plate 4,1,NA,91965,78903,15718,124,1,1364,28,197,80,1384,1004,HSC
4_E10,AML1,HSC_pool_E10_E10_055.fcs,3046,3042,3027,1429,NA,NA,NA,NA,NA,NA,NA,NA,1492,49,49.3,NA,3359,86144,21184,1492,49,49.3,NA,3359,86144,21184,0,NA,NA,NA,NA,TRUE,Plate 4_E10,Plate 4,1,NA,97832,79489,22713,-12,25,1124,34,142,13,219,76,HSC
4_E11,AML1,HSC_pool_E11_E11_056.fcs,7214,7210,7110,2062,NA,NA,NA,NA,NA,NA,NA,NA,4554,63.2,64.1,NA,3040,101184,18752,4554,63.2,64.1,NA,3040,101184,18752,0,NA,NA,NA,NA,TRUE,Plate 4_E11,Plate 4,1,NA,94323,79023,22856,-65,23,1598,22,236,58,818,2568,HSC
4_E12,AML1,HSC_pool_E12_E12_057.fcs,13962,13949,13713,5959,NA,NA,NA,NA,NA,NA,NA,NA,7363,52.8,53.7,NA,4193,115328,33216,7360,52.8,53.7,NA,4193,115328,33216,0,NA,NA,NA,NA,TRUE,Plate 4_E12,Plate 4,1,NA,91290,76886,16976,69,31,1389,53,188,64,1130,140,HSC
4_F1,AML1,HSC_pool_F1_F01_058.fcs,25275,25255,25166,4187,NA,NA,NA,NA,NA,NA,NA,NA,20681,81.9,82.2,NA,7957,90816,24704,20681,81.9,82.2,NA,7957,90816,24704,0,NA,NA,NA,NA,TRUE,Plate 4_F1,Plate 4,1,NA,96600,79894,25098,-24,45,1041,55,138,31,420,-2,HSC
4_F2,AML1,HSC_pool_F2_F02_059.fcs,623,623,621,615,NA,NA,NA,NA,NA,NA,NA,NA,6,0.96,0.97,NA,8045,95040,25856,6,0.96,0.97,NA,8045,95040,25856,0,NA,NA,NA,NA,TRUE,Plate 4_F2,Plate 4,1,NA,99387,79281,20439,-28,74,1609,14,196,36,306,115,HSC
4_F3,AML1,HSC_pool_F3_F03_060.fcs,6993,5423,5329,5026,NA,NA,NA,NA,NA,NA,NA,NA,282,5.2,5.29,NA,7446,86272,24832,282,5.2,5.29,NA,7446,86272,24832,1395,NA,NA,NA,NA,TRUE,Plate 4_F3,Plate 4,1,NA,116768,81505,21303,63,38,1843,55,178,6,576,178,HSC
4_F4,AML1,HSC_pool_F4_F04_061.fcs,23823,23810,23619,10452,NA,NA,NA,NA,NA,NA,NA,NA,11775,49.5,49.9,NA,3894,106816,22848,11775,49.5,49.9,NA,3894,106816,22848,1,NA,NA,NA,NA,TRUE,Plate 4_F4,Plate 4,1,NA,110480,80101,18966,16,34,2134,21,230,56,1101,468,HSC
4_F5,AML1,HSC_pool_F5_F05_062.fcs,14541,14531,14249,3226,NA,NA,NA,NA,NA,NA,NA,NA,10703,73.7,75.1,NA,8524,121472,28736,10702,73.6,75.1,NA,8524,121472,28736,0,NA,NA,NA,NA,TRUE,Plate 4_F5,Plate 4,1,NA,101068,81137,16079,-112,36,1388,14,145,93,191,54,HSC
4_F6,AML1,HSC_pool_F6_F06_063.fcs,4232,1798,1792,1767,NA,NA,NA,NA,NA,NA,NA,NA,20,1.11,1.12,NA,3070,87936,20608,19,1.06,1.06,NA,3138,87936,20608,2228,NA,NA,NA,NA,TRUE,Plate 4_F6,Plate 4,1,NA,112017,81079,26261,2,39,1820,34,209,-4,443,93,HSC
4_F7,AML1,HSC_pool_F7_F07_064.fcs,5644,5540,5377,1345,NA,NA,NA,NA,NA,NA,NA,NA,3974,71.7,73.9,NA,7939,125696,34624,3972,71.7,73.9,NA,7939,125696,34624,97,NA,NA,NA,NA,TRUE,Plate 4_F7,Plate 4,1,NA,101745,79746,19049,-18,9,1407,-6,194,81,140,349,HSC
4_F8,AML1,HSC_pool_F8_F08_065.fcs,4452,4448,4393,1030,NA,NA,NA,NA,NA,NA,NA,NA,3327,74.8,75.7,NA,11746,117376,36672,3327,74.8,75.7,NA,11746,117376,36672,0,NA,NA,NA,NA,TRUE,Plate 4_F8,Plate 4,1,NA,99999,80921,21080,39,62,1528,36,279,48,228,75,HSC
4_F9,AML1,HSC_pool_F9_F09_066.fcs,17292,17284,16996,6515,NA,NA,NA,NA,NA,NA,NA,NA,9908,57.3,58.3,NA,3800,104512,22720,9907,57.3,58.3,NA,3800,104576,22720,0,NA,NA,NA,NA,TRUE,Plate 4_F9,Plate 4,1,NA,93179,76852,14564,-26,72,940,51,140,-17,798,308,HSC
4_F10,AML1,HSC_pool_F10_F10_067.fcs,21409,21402,21308,5309,NA,NA,NA,NA,NA,NA,NA,NA,15280,71.4,71.7,NA,3240,94528,26368,15279,71.4,71.7,NA,3240,94528,26432,0,NA,NA,NA,NA,TRUE,Plate 4_F10,Plate 4,1,NA,103387,79759,17717,-5,-7,1164,22,203,50,1206,374,HSC
4_F11,AML1,HSC_pool_F11_F11_068.fcs,20238,20227,20068,7502,NA,NA,NA,NA,NA,NA,NA,NA,11746,58.1,58.5,NA,3950,105216,22144,11745,58.1,58.5,NA,3950,105216,22144,0,NA,NA,NA,NA,TRUE,Plate 4_F11,Plate 4,1,NA,115090,84333,23271,-68,67,1197,62,210,-2,1599,51,HSC
4_F12,AML1,HSC_pool_F12_F12_069.fcs,1966,15,15,9,NA,NA,NA,NA,NA,NA,NA,NA,5,33.3,33.3,NA,2323,93248,21248,5,33.3,33.3,NA,2323,93248,21248,1798,NA,NA,NA,NA,TRUE,Plate 4_F12,Plate 4,1,NA,121087,85099,28857,60,24,1628,36,308,76,275,-38,HSC
4_G1,AML1,HSC_pool_G1_G01_070.fcs,12519,12511,12100,3861,NA,NA,NA,NA,NA,NA,NA,NA,7878,63,65.1,NA,4623,98496,30016,7878,63,65.1,NA,4623,98496,30016,1,NA,NA,NA,NA,TRUE,Plate 4_G1,Plate 4,1,NA,98062,79238,21713,-56,24,1339,47,215,204,480,277,HSC
4_G3,AML1,HSC_pool_G3_G03_072.fcs,46,46,43,41,NA,NA,NA,NA,NA,NA,NA,NA,1,2.17,2.33,NA,9364,128000,37568,1,2.17,2.33,NA,9364,128000,37568,0,NA,NA,NA,NA,TRUE,Plate 4_G3,Plate 4,1,NA,106462,79949,19006,-65,-4,1402,28,150,-4,426,74,HSC
4_G4,AML1,HSC_pool_G4_G04_073.fcs,15687,14954,14650,9605,NA,NA,NA,NA,NA,NA,NA,NA,4283,28.6,29.2,NA,2433,107328,23040,4283,28.6,29.2,NA,2433,107328,23040,248,NA,NA,NA,NA,TRUE,Plate 4_G4,Plate 4,1,NA,138135,84831,39077,78,35,2088,33,241,-42,368,10,HSC
4_G5,AML1,HSC_pool_G5_G05_074.fcs,18891,18871,18654,6096,NA,NA,NA,NA,NA,NA,NA,NA,11949,63.3,64.1,NA,4944,116352,26688,11946,63.3,64,NA,4944,116352,26688,0,NA,NA,NA,NA,TRUE,Plate 4_G5,Plate 4,1,NA,91917,80170,21657,-19,33,1969,84,180,71,337,122,HSC
4_G6,AML1,HSC_pool_G6_G06_075.fcs,1412,1410,1377,269,NA,NA,NA,NA,NA,NA,NA,NA,1097,77.8,79.7,NA,25337,140032,50240,1097,77.8,79.7,NA,25337,140032,50240,1,NA,NA,NA,NA,TRUE,Plate 4_G6,Plate 4,1,NA,96764,78373,18478,123,25,969,10,144,140,-17,2570,HSC
4_G7,AML1,HSC_pool_G7_G07_076.fcs,29043,29018,28854,5788,NA,NA,NA,NA,NA,NA,NA,NA,22232,76.6,77,NA,4325,98176,22592,22231,76.6,77,NA,4325,98176,22592,0,NA,NA,NA,NA,TRUE,Plate 4_G7,Plate 4,1,NA,98288,78419,21691,-48,-10,1572,8,153,78,320,159,HSC
4_G8,AML1,HSC_pool_G8_G08_077.fcs,1730,1729,1636,57,NA,NA,NA,NA,NA,NA,NA,NA,1560,90.2,95.4,NA,12934,158208,58624,1560,90.2,95.4,NA,12934,158208,58624,0,NA,NA,NA,NA,TRUE,Plate 4_G8,Plate 4,1,NA,102083,78471,21826,103,28,1112,11,165,76,635,26,HSC
4_G9,AML1,HSC_pool_G9_G09_078.fcs,1931,1929,1919,1792,NA,NA,NA,NA,NA,NA,NA,NA,116,6.01,6.04,NA,4325,111168,34688,116,6.01,6.04,NA,4325,111168,34688,0,NA,NA,NA,NA,TRUE,Plate 4_G9,Plate 4,1,NA,104131,80262,18084,88,32,1281,30,196,107,316,400,HSC
4_H1,AML1,HSC_pool_H1_H01_082.fcs,6382,4354,3985,3254,NA,NA,NA,NA,NA,NA,NA,NA,692,15.9,17.4,NA,10920,98752,30080,692,15.9,17.4,NA,10920,98752,30080,1972,NA,NA,NA,NA,TRUE,Plate 4_H1,Plate 4,1,NA,93044,79967,21660,0,41,1435,34,154,38,684,384,HSC
4_H2,AML1,HSC_pool_H2_H02_083.fcs,6039,1360,1335,1290,NA,NA,NA,NA,NA,NA,NA,NA,42,3.09,3.15,NA,8755,88512,27264,42,3.09,3.15,NA,8755,88512,27264,4559,NA,NA,NA,NA,TRUE,Plate 4_H2,Plate 4,1,NA,103902,79822,28743,52,71,1010,38,233,90,517,614,HSC
4_H3,AML1,HSC_pool_H3_H03_084.fcs,30397,30366,30183,12370,NA,NA,NA,NA,NA,NA,NA,NA,17420,57.4,57.7,NA,4528,94464,24320,17420,57.4,57.7,NA,4528,94464,24320,4,NA,NA,NA,NA,TRUE,Plate 4_H3,Plate 4,1,NA,91408,76869,16898,70,18,1591,21,161,101,875,262,HSC
4_H4,AML1,HSC_pool_H4_H04_085.fcs,676,675,656,216,NA,NA,NA,NA,NA,NA,NA,NA,436,64.6,66.5,NA,21110,135552,44864,436,64.6,66.5,NA,21110,135552,44864,0,NA,NA,NA,NA,TRUE,Plate 4_H4,Plate 4,1,NA,102420,79712,25690,88,64,1443,21,183,117,857,412,HSC
4_H6,AML1,HSC_pool_H6_H06_087.fcs,6289,6279,6222,401,NA,NA,NA,NA,NA,NA,NA,NA,5717,91,91.9,NA,6531,111808,32768,5717,91,91.9,NA,6531,111808,32768,0,NA,NA,NA,NA,TRUE,Plate 4_H6,Plate 4,1,NA,102531,79662,22001,8,12,1626,24,174,5,1693,31,HSC
4_H7,AML1,HSC_pool_H7_H07_088.fcs,10608,10597,10428,2925,NA,NA,NA,NA,NA,NA,NA,NA,7408,69.9,71,NA,5964,104000,30464,7408,69.9,71,NA,5964,104000,30464,0,NA,NA,NA,NA,TRUE,Plate 4_H7,Plate 4,1,NA,97690,76650,18748,-8,31,1545,24,198,27,1212,13,HSC
4_H8,AML1,HSC_pool_H8_H08_089.fcs,5549,5543,5425,1110,NA,NA,NA,NA,NA,NA,NA,NA,4236,76.4,78.1,NA,9929,120832,36672,4236,76.4,78.1,NA,9929,120832,36672,0,NA,NA,NA,NA,TRUE,Plate 4_H8,Plate 4,1,NA,99260,80425,36723,-73,-27,1510,70,247,12,598,862,HSC
4_H9,AML1,HSC_pool_H9_H09_090.fcs,5846,5843,5762,3686,NA,NA,NA,NA,NA,NA,NA,NA,1723,29.5,29.9,NA,2310,94592,19264,1723,29.5,29.9,NA,2310,94592,19264,0,NA,NA,NA,NA,TRUE,Plate 4_H9,Plate 4,1,NA,88935,76931,17574,-146,3,1454,10,153,8,1232,33,HSC
4_H10,AML1,HSC_pool_H10_H10_091.fcs,20088,20066,19876,5615,NA,NA,NA,NA,NA,NA,NA,NA,13723,68.4,69,NA,4228,99712,24128,13723,68.4,69,NA,4228,99712,24128,0,NA,NA,NA,NA,TRUE,Plate 4_H10,Plate 4,1,NA,91971,76723,13690,36,9,1029,41,123,140,696,648,HSC
4_H11,AML1,HSC_pool_H11_H11_092.fcs,1580,1575,1541,14,NA,NA,NA,NA,NA,NA,NA,NA,1525,96.8,99,NA,24742,149952,57984,1525,96.8,99,NA,24742,149952,57984,0,NA,NA,NA,NA,TRUE,Plate 4_H11,Plate 4,1,NA,89099,76019,16041,111,25,1325,33,128,51,535,741,HSC
4_H12,AML1,HSC_pool_H12_H12_093.fcs,3096,709,702,700,NA,NA,NA,NA,NA,NA,NA,NA,1,0.14,0.14,NA,5404,78464,22272,1,0.14,0.14,NA,5404,78464,22272,2290,NA,NA,NA,NA,TRUE,Plate 4_H12,Plate 4,1,NA,109150,80080,21584,8,32,1765,36,168,114,353,6,HSC
5_A4,AML1,HSC_pool_A4_A04_004.fcs,546,546,522,486,NA,NA,NA,NA,NA,NA,NA,NA,17,3.11,3.26,NA,976,117888,15360,17,3.11,3.26,NA,976,117888,15360,0,NA,NA,NA,NA,TRUE,Plate 5 _A4,Plate 5 ,1,NA,88706,78142,16324,55,60,1207,43,138,-36,536,74,HSC
5_A5,AML1,HSC_pool_A5_A05_005.fcs,5073,5064,4929,990,NA,NA,NA,NA,NA,NA,NA,NA,3903,77.1,79.2,NA,22342,142784,46016,3903,77.1,79.2,NA,22342,142784,46016,0,NA,NA,NA,NA,TRUE,Plate 5 _A5,Plate 5 ,1,NA,93491,78157,22499,3,13,1146,13,127,40,814,23,HSC
5_A7,AML1,HSC_pool_A7_A07_007.fcs,27981,27956,27826,4715,NA,NA,NA,NA,NA,NA,NA,NA,22496,80.5,80.8,NA,5246,100352,22336,22496,80.5,80.8,NA,5246,100352,22336,0,NA,NA,NA,NA,TRUE,Plate 5 _A7,Plate 5 ,1,NA,99335,79318,18971,29,7,1356,32,119,177,95,323,HSC
5_A9,AML1,HSC_pool_A9_A09_009.fcs,966,3,3,1,NA,NA,NA,NA,NA,NA,NA,NA,1,33.3,33.3,NA,6488,84864,20352,1,33.3,33.3,NA,6488,84864,20352,957,NA,NA,NA,NA,TRUE,Plate 5 _A9,Plate 5 ,1,NA,110414,82939,21563,-124,45,1306,52,102,88,273,67,HSC
5_A12,AML1,HSC_pool_A12_A12_012.fcs,5387,5374,3643,853,NA,NA,NA,NA,NA,NA,NA,NA,2724,50.7,74.8,NA,10846,117504,29312,2724,50.7,74.8,NA,10846,117504,29312,0,NA,NA,NA,NA,TRUE,Plate 5 _A12,Plate 5 ,1,NA,93935,77226,18171,-2,22,1132,23,190,49,1262,-15,HSC
5_B1,AML1,HSC_pool_B1_B01_013.fcs,14956,14952,14714,2229,NA,NA,NA,NA,NA,NA,NA,NA,12018,80.4,81.7,NA,5874,105408,23360,12018,80.4,81.7,NA,5874,105408,23360,0,NA,NA,NA,NA,TRUE,Plate 5 _B1,Plate 5 ,1,NA,98603,77795,16140,121,65,935,48,161,82,406,32,HSC
5_B2,AML1,HSC_pool_B2_B02_014.fcs,2053,2051,1939,587,NA,NA,NA,NA,NA,NA,NA,NA,1335,65.1,68.8,NA,8318,103872,27712,1335,65.1,68.8,NA,8318,103872,27712,0,NA,NA,NA,NA,TRUE,Plate 5 _B2,Plate 5 ,1,NA,100847,79360,17367,-24,21,1634,49,173,135,810,851,HSC
5_B3,AML1,HSC_pool_B3_B03_015.fcs,1090,1087,1056,53,NA,NA,NA,NA,NA,NA,NA,NA,957,88,90.6,NA,7546,121600,32256,956,87.9,90.5,NA,7546,121600,32256,0,NA,NA,NA,NA,TRUE,Plate 5 _B3,Plate 5 ,1,NA,110996,82200,19544,71,9,1403,21,138,116,312,158,HSC
5_B4,AML1,HSC_pool_B4_B04_016.fcs,19915,19897,19781,8886,NA,NA,NA,NA,NA,NA,NA,NA,10613,53.3,53.7,NA,6446,84992,23744,10612,53.3,53.6,NA,6446,84992,23744,0,NA,NA,NA,NA,TRUE,Plate 5 _B4,Plate 5 ,1,NA,110527,83776,22863,33,79,1352,46,233,7,2340,553,HSC
5_B5,AML1,HSC_pool_B5_B05_017.fcs,7074,7061,6955,2688,NA,NA,NA,NA,NA,NA,NA,NA,4198,59.5,60.4,NA,6660,109888,26496,4198,59.5,60.4,NA,6660,109888,26496,0,NA,NA,NA,NA,TRUE,Plate 5 _B5,Plate 5 ,1,NA,90368,77506,22951,10,-2,1080,55,117,40,559,67,HSC
5_B6,AML1,HSC_pool_B6_B06_018.fcs,19267,19252,18949,5182,NA,NA,NA,NA,NA,NA,NA,NA,13054,67.8,68.9,NA,5071,100608,21056,13052,67.8,68.9,NA,5082,100608,21056,0,NA,NA,NA,NA,TRUE,Plate 5 _B6,Plate 5 ,1,NA,84382,75892,16754,80,82,1437,32,172,79,791,62,HSC
5_B8,AML1,HSC_pool_B8_B08_020.fcs,12426,12418,12326,6412,NA,NA,NA,NA,NA,NA,NA,NA,5709,46,46.3,NA,4290,108736,24320,5708,46,46.3,NA,4290,108736,24320,0,NA,NA,NA,NA,TRUE,Plate 5 _B8,Plate 5 ,1,NA,100143,78651,17634,-34,38,947,10,159,1019,124,107,HSC
5_B9,AML1,HSC_pool_B9_B09_021.fcs,4541,4510,4480,3659,NA,NA,NA,NA,NA,NA,NA,NA,778,17.3,17.4,NA,11403,94656,25984,777,17.2,17.3,NA,11403,94656,25984,8,NA,NA,NA,NA,TRUE,Plate 5 _B9,Plate 5 ,1,NA,95563,78239,18104,-29,-2,1243,65,164,55,363,-33,HSC
5_B10,AML1,HSC_pool_B10_B10_022.fcs,12300,12294,12214,7970,NA,NA,NA,NA,NA,NA,NA,NA,4077,33.2,33.4,NA,6173,114880,28096,4077,33.2,33.4,NA,6173,114880,28096,0,NA,NA,NA,NA,TRUE,Plate 5 _B10,Plate 5 ,1,NA,98208,79209,21288,106,-45,1311,55,218,71,742,380,HSC
5_B11,AML1,HSC_pool_B11_B11_023.fcs,1694,1214,1198,1190,NA,NA,NA,NA,NA,NA,NA,NA,5,0.41,0.42,NA,990,93376,62912,4,0.33,0.33,NA,879,85120,25984,373,NA,NA,NA,NA,TRUE,Plate 5 _B11,Plate 5 ,1,NA,118230,82532,32463,-10,-18,2065,15,246,71,207,72,HSC
5_C2,AML1,HSC_pool_C2_C02_026.fcs,794,790,707,81,NA,NA,NA,NA,NA,NA,NA,NA,621,78.6,87.8,NA,9074,124608,32640,620,78.5,87.7,NA,9074,124608,32640,0,NA,NA,NA,NA,TRUE,Plate 5 _C2,Plate 5 ,1,NA,99924,79047,19637,-58,-3,895,58,160,66,1667,76,HSC
5_C3,AML1,HSC_pool_C3_C03_027.fcs,4295,4293,4225,708,NA,NA,NA,NA,NA,NA,NA,NA,3420,79.7,80.9,NA,5202,94336,27008,3420,79.7,80.9,NA,5202,94336,27008,0,NA,NA,NA,NA,TRUE,Plate 5 _C3,Plate 5 ,1,NA,103708,79284,19374,234,81,1255,40,144,57,109,174,HSC
5_C5,AML1,HSC_pool_C5_C05_029.fcs,1252,2,2,2,NA,NA,NA,NA,NA,NA,NA,NA,0,0,0,NA,NA,NA,NA,0,0,0,NA,NA,NA,NA,1211,NA,NA,NA,NA,TRUE,Plate 5 _C5,Plate 5 ,1,NA,107722,80822,20397,-143,72,2321,24,185,-16,1311,82,HSC
5_C7,AML1,HSC_pool_C7_C07_031.fcs,12769,12754,12313,2823,NA,NA,NA,NA,NA,NA,NA,NA,9080,71.2,73.7,NA,4219,103232,20928,9079,71.2,73.7,NA,4219,103232,20928,0,NA,NA,NA,NA,TRUE,Plate 5 _C7,Plate 5 ,1,NA,104486,81541,16529,-46,73,1638,28,399,78,425,104,HSC
5_C8,AML1,HSC_pool_C8_C08_032.fcs,9596,9590,9520,8190,NA,NA,NA,NA,NA,NA,NA,NA,1235,12.9,13,NA,5291,100608,21824,1234,12.9,13,NA,5291,100608,21824,0,NA,NA,NA,NA,TRUE,Plate 5 _C8,Plate 5 ,1,NA,94882,79667,26899,-42,50,2359,45,353,105,672,6457,HSC
5_C10,AML1,HSC_pool_C10_C10_034.fcs,18563,18544,18293,2282,NA,NA,NA,NA,NA,NA,NA,NA,15489,83.5,84.7,NA,5268,106944,21952,15489,83.5,84.7,NA,5268,106944,21952,0,NA,NA,NA,NA,TRUE,Plate 5 _C10,Plate 5 ,1,NA,100301,80359,20359,23,50,1435,16,247,22,918,371,HSC
5_C11,AML1,HSC_pool_C11_C11_035.fcs,297,296,269,16,NA,NA,NA,NA,NA,NA,NA,NA,251,84.8,93.3,NA,12582,137856,38656,251,84.8,93.3,NA,12582,137856,38656,0,NA,NA,NA,NA,TRUE,Plate 5 _C11,Plate 5 ,1,NA,96287,77620,16321,0,32,1739,66,144,-39,388,86,HSC
5_D1,AML1,HSC_pool_D1_D01_037.fcs,18968,18956,18802,5917,NA,NA,NA,NA,NA,NA,NA,NA,12469,65.8,66.3,NA,6107,89344,21056,12468,65.8,66.3,NA,6107,89280,21056,0,NA,NA,NA,NA,TRUE,Plate 5 _D1,Plate 5 ,1,NA,84115,76656,14380,-50,43,1537,33,144,87,606,130,HSC
5_D2,AML1,HSC_pool_D2_D02_038.fcs,1955,18,17,14,NA,NA,NA,NA,NA,NA,NA,NA,3,16.7,17.6,NA,6806,80512,19904,3,16.7,17.6,NA,6806,80512,19904,1904,NA,NA,NA,NA,TRUE,Plate 5 _D2,Plate 5 ,1,NA,96471,77694,17148,30,-2,923,56,152,127,413,62,HSC
5_D4,AML1,HSC_pool_D4_D04_040.fcs,4460,4453,4375,3163,NA,NA,NA,NA,NA,NA,NA,NA,1155,25.9,26.4,NA,4821,113152,28800,1154,25.9,26.4,NA,4821,113152,28800,0,NA,NA,NA,NA,TRUE,Plate 5 _D4,Plate 5 ,1,NA,80286,76829,17051,181,-20,1300,59,149,105,642,13,HSC
5_D5,AML1,HSC_pool_D5_D05_041.fcs,469,469,442,74,NA,NA,NA,NA,NA,NA,NA,NA,366,78,82.8,NA,15419,133888,39232,366,78,82.8,NA,15419,133888,39232,0,NA,NA,NA,NA,TRUE,Plate 5 _D5,Plate 5 ,1,NA,95711,77421,21393,-138,19,1575,28,224,23,422,273,HSC
5_D6,AML1,HSC_pool_D6_D06_042.fcs,4442,2898,2885,2205,NA,NA,NA,NA,NA,NA,NA,NA,627,21.6,21.7,NA,9599,88128,24384,627,21.6,21.7,NA,9599,88128,24384,1431,NA,NA,NA,NA,TRUE,Plate 5 _D6,Plate 5 ,1,NA,103108,78643,14207,-71,86,1530,51,152,-2,459,12,HSC
5_D7,AML1,HSC_pool_D7_D07_043.fcs,4292,4292,4269,1101,NA,NA,NA,NA,NA,NA,NA,NA,2950,68.7,69.1,NA,4425,100224,22464,2950,68.7,69.1,NA,4425,100224,22464,0,NA,NA,NA,NA,TRUE,Plate 5 _D7,Plate 5 ,1,NA,97059,79162,22861,-59,14,1640,36,169,-46,2028,45,HSC
5_D8,AML1,HSC_pool_D8_D08_044.fcs,31,29,25,23,NA,NA,NA,NA,NA,NA,NA,NA,2,6.9,8,NA,1842,74112,16128,2,6.9,8,NA,1842,74112,16128,2,NA,NA,NA,NA,TRUE,Plate 5 _D8,Plate 5 ,1,NA,110900,80221,26664,43,67,2617,40,255,280,892,545,HSC
5_D9,AML1,HSC_pool_D9_D09_045.fcs,51,51,44,0,NA,NA,NA,NA,NA,NA,NA,NA,44,86.3,100,NA,45529,191552,76544,44,86.3,100,NA,45529,191552,76544,0,NA,NA,NA,NA,TRUE,Plate 5 _D9,Plate 5 ,1,NA,105570,79383,15881,-20,44,896,18,149,894,129,-31,HSC
5_D10,AML1,HSC_pool_D10_D10_046.fcs,858,11,10,9,NA,NA,NA,NA,NA,NA,NA,NA,0,0,0,NA,NA,NA,NA,0,0,0,NA,NA,NA,NA,812,NA,NA,NA,NA,TRUE,Plate 5 _D10,Plate 5 ,1,NA,112614,80758,28286,129,54,1297,57,200,79,170,1010,HSC
5_D11,AML1,HSC_pool_D11_D11_047.fcs,5067,5058,4734,115,NA,NA,NA,NA,NA,NA,NA,NA,4604,91,97.3,NA,23096,152320,47872,4604,91,97.3,NA,23096,152320,47872,0,NA,NA,NA,NA,TRUE,Plate 5 _D11,Plate 5 ,1,NA,102052,79547,20265,-12,13,1400,49,164,113,68,17,HSC
5_D12,AML1,HSC_pool_D12_D12_048.fcs,16494,16459,15974,3190,NA,NA,NA,NA,NA,NA,NA,NA,12522,76.1,78.4,NA,6120,112768,29504,12522,76.1,78.4,NA,6120,112768,29504,0,NA,NA,NA,NA,TRUE,Plate 5 _D12,Plate 5 ,1,NA,95903,78594,16692,31,56,1096,19,151,102,498,105,HSC
5_E1,AML1,HSC_pool_E1_E01_049.fcs,4945,4940,4728,1871,NA,NA,NA,NA,NA,NA,NA,NA,2394,48.5,50.6,NA,2123,98816,17664,2394,48.5,50.6,NA,2123,98816,17664,0,NA,NA,NA,NA,TRUE,Plate 5 _E1,Plate 5 ,1,NA,93634,78509,19040,44,32,1178,34,178,-20,370,169,HSC
5_E2,AML1,HSC_pool_E2_E02_050.fcs,3326,3323,3294,2607,NA,NA,NA,NA,NA,NA,NA,NA,631,19,19.2,NA,6200,99264,24064,630,19,19.1,NA,6200,99200,24000,0,NA,NA,NA,NA,TRUE,Plate 5 _E2,Plate 5 ,1,NA,97313,77872,19949,-69,-15,1089,11,231,85,782,58,HSC
5_E4,AML1,HSC_pool_E4_E04_052.fcs,2882,2878,2853,1409,NA,NA,NA,NA,NA,NA,NA,NA,1355,47.1,47.5,NA,3332,99200,25408,1354,47,47.5,NA,3332,99200,25408,0,NA,NA,NA,NA,TRUE,Plate 5 _E4,Plate 5 ,1,NA,110463,80524,25687,186,20,1227,47,164,-37,460,97,HSC
5_E7,AML1,HSC_pool_E7_E07_055.fcs,7725,7721,7333,2246,NA,NA,NA,NA,NA,NA,NA,NA,4687,60.7,63.9,NA,5180,110336,23360,4687,60.7,63.9,NA,5180,110336,23360,0,NA,NA,NA,NA,TRUE,Plate 5 _E7,Plate 5 ,1,NA,96664,78642,17126,-151,-31,1972,17,239,257,1337,1532,HSC
5_E8,AML1,HSC_pool_E8_E08_056.fcs,27840,27810,27660,9379,NA,NA,NA,NA,NA,NA,NA,NA,17058,61.3,61.7,NA,4091,98944,20992,17058,61.3,61.7,NA,4091,98944,20992,0,NA,NA,NA,NA,TRUE,Plate 5 _E8,Plate 5 ,1,NA,101590,78693,19154,89,41,1211,31,214,154,588,187,HSC
5_E10,AML1,HSC_pool_E10_E10_058.fcs,480,2,2,1,NA,NA,NA,NA,NA,NA,NA,NA,1,50,50,NA,1032,85632,12224,1,50,50,NA,1032,85632,12224,439,NA,NA,NA,NA,TRUE,Plate 5 _E10,Plate 5 ,1,NA,103115,80753,19626,121,73,1349,46,203,104,265,108,HSC
5_E11,AML1,HSC_pool_E11_E11_059.fcs,6733,6727,6580,1658,NA,NA,NA,NA,NA,NA,NA,NA,4843,72,73.6,NA,6821,106048,29632,4843,72,73.6,NA,6821,106048,29632,0,NA,NA,NA,NA,TRUE,Plate 5 _E11,Plate 5 ,1,NA,86881,77709,18182,18,10,919,35,204,109,190,40,HSC
5_F2,AML1,HSC_pool_F2_F02_062.fcs,7500,7454,7276,3267,NA,NA,NA,NA,NA,NA,NA,NA,3846,51.6,52.9,NA,8581,115136,27712,3846,51.6,52.9,NA,8581,115136,27712,0,NA,NA,NA,NA,TRUE,Plate 5 _F2,Plate 5 ,1,NA,88834,77009,22082,5,65,1805,46,168,6,1908,285,HSC
5_F3,AML1,HSC_pool_F3_F03_063.fcs,19884,19861,19566,4604,NA,NA,NA,NA,NA,NA,NA,NA,14410,72.6,73.6,NA,4281,110208,26560,14410,72.6,73.6,NA,4281,110208,26560,0,NA,NA,NA,NA,TRUE,Plate 5 _F3,Plate 5 ,1,NA,106685,82720,23918,70,10,1183,10,156,115,634,50,HSC
5_F4,AML1,HSC_pool_F4_F04_064.fcs,7415,7411,7165,2544,NA,NA,NA,NA,NA,NA,NA,NA,4402,59.4,61.4,NA,10271,143488,35136,4402,59.4,61.4,NA,10271,143488,35136,0,NA,NA,NA,NA,TRUE,Plate 5 _F4,Plate 5 ,1,NA,86558,76371,16142,107,5,1250,22,168,13,699,379,HSC
5_F5,AML1,HSC_pool_F5_F05_065.fcs,226,14,14,11,NA,NA,NA,NA,NA,NA,NA,NA,2,14.3,14.3,NA,2644,110912,23872,2,14.3,14.3,NA,2644,110912,23872,198,NA,NA,NA,NA,TRUE,Plate 5 _F5,Plate 5 ,1,NA,116551,82711,24763,22,7,1514,68,248,102,440,23,HSC
5_F6,AML1,HSC_pool_F6_F06_066.fcs,8586,8584,8459,3301,NA,NA,NA,NA,NA,NA,NA,NA,4827,56.2,57.1,NA,6294,123968,28032,4827,56.2,57.1,NA,6294,123968,28032,0,NA,NA,NA,NA,TRUE,Plate 5 _F6,Plate 5 ,1,NA,103058,80090,23266,102,7,1303,-2,175,59,981,997,HSC
5_F7,AML1,HSC_pool_F7_F07_067.fcs,3634,3630,3577,2580,NA,NA,NA,NA,NA,NA,NA,NA,973,26.8,27.2,NA,6308,116160,33280,973,26.8,27.2,NA,6308,116160,33280,0,NA,NA,NA,NA,TRUE,Plate 5 _F7,Plate 5 ,1,NA,95550,77726,18838,-70,18,1315,22,228,30,1572,503,HSC
5_F8,AML1,HSC_pool_F8_F08_068.fcs,1964,1964,1928,59,NA,NA,NA,NA,NA,NA,NA,NA,1855,94.5,96.2,NA,14550,129088,37056,1855,94.5,96.2,NA,14550,129088,37056,0,NA,NA,NA,NA,TRUE,Plate 5 _F8,Plate 5 ,1,NA,105262,78835,20907,-60,40,1393,11,201,5,900,464,HSC
5_F9,AML1,HSC_pool_F9_F09_069.fcs,504,504,477,32,NA,NA,NA,NA,NA,NA,NA,NA,441,87.5,92.5,NA,33759,165504,59136,441,87.5,92.5,NA,33759,165504,59136,0,NA,NA,NA,NA,TRUE,Plate 5 _F9,Plate 5 ,1,NA,97781,78122,17369,-114,28,1846,1,119,104,893,294,HSC
5_F10,AML1,HSC_pool_F10_F10_070.fcs,1308,1300,1275,337,NA,NA,NA,NA,NA,NA,NA,NA,923,71,72.4,NA,8063,97536,26368,923,71,72.4,NA,8063,97536,26368,0,NA,NA,NA,NA,TRUE,Plate 5 _F10,Plate 5 ,1,NA,103748,79084,17280,-61,94,1357,1,177,86,900,52,HSC
5_F11,AML1,HSC_pool_F11_F11_071.fcs,1074,1073,995,16,NA,NA,NA,NA,NA,NA,NA,NA,979,91.2,98.4,NA,42138,153536,48320,979,91.2,98.4,NA,42138,153536,48320,0,NA,NA,NA,NA,TRUE,Plate 5 _F11,Plate 5 ,1,NA,109494,81733,35055,134,39,1518,69,205,90,2092,561,HSC
5_G2,AML1,HSC_pool_G2_G02_074.fcs,1081,1080,1064,117,NA,NA,NA,NA,NA,NA,NA,NA,930,86.1,87.4,NA,9555,119424,32128,930,86.1,87.4,NA,9555,119424,32128,0,NA,NA,NA,NA,TRUE,Plate 5 _G2,Plate 5 ,1,NA,92242,77050,13074,-160,40,1437,21,121,27,782,69,HSC
5_G3,AML1,HSC_pool_G3_G03_075.fcs,16922,16900,16716,4148,NA,NA,NA,NA,NA,NA,NA,NA,12290,72.7,73.5,NA,5750,101056,24384,12290,72.7,73.5,NA,5750,101056,24384,9,NA,NA,NA,NA,TRUE,Plate 5 _G3,Plate 5 ,1,NA,111111,81745,29454,-22,23,1128,2,186,87,1383,114,HSC
5_G4,AML1,HSC_pool_A2_A02_002.fcs,2339,19,18,3,NA,NA,NA,NA,NA,NA,NA,NA,15,78.9,83.3,NA,3999,85376,20800,15,78.9,83.3,NA,3999,85376,20800,2187,NA,NA,NA,NA,TRUE,Plate 5 _G4,Plate 5 ,1,NA,108195,79865,21554,190,48,1776,43,203,120,178,609,HSC
5_G5,AML1,HSC_pool_A3_A03_003.fcs,4591,4587,4309,1373,NA,NA,NA,NA,NA,NA,NA,NA,2845,62,66,NA,21260,142464,46400,2845,62,66,NA,21260,142464,46400,2,NA,NA,NA,NA,TRUE,Plate 5 _G5,Plate 5 ,1,NA,102621,79413,20651,-17,5,1368,26,218,101,341,322,HSC
5_G6,AML1,HSC_pool_A4_A04_004.fcs,1269,1268,1265,1264,NA,NA,NA,NA,NA,NA,NA,NA,1,0.079,0.079,NA,44764,186560,95808,1,0.079,0.079,NA,44764,186560,95808,0,NA,NA,NA,NA,TRUE,Plate 5 _G6,Plate 5 ,1,NA,99629,78943,18865,112,-9,1365,47,126,65,193,15,HSC
