Sort_id,FSC,FSC-W,SSC,CD33,CD34,CD45RA,CD90,CD49f,CD38,CD19,CD7/10,Zom,CD45,Time,Sample,Cell_seeded
1_A1,162133,89634,37681,-41,357,33,1110,533,484,54,4,38,350,1826,CD34+/CD38- OR GMP,HSC
1_A2,147118,87381,41551,57,365,495,256,222,204,-1,11,29,636,2136,CD34+/CD38- OR GMP,CD34+/CD38- OR GMP
1_A3,131142,83554,30327,8,645,8,496,163,273,34,-34,18,932,2452,CD34+/CD38- OR GMP,HSC
1_A4,117086,81049,32411,169,940,214,-26,228,79,0,-16,38,796,2690,CD34+/CD38- OR GMP,CD34+/CD38- OR GMP
1_A5,160387,88982,36730,-101,1170,15,358,610,340,12,-40,34,1191,2923,CD34+/CD38- OR GMP,HSC
1_A6,114242,83700,21439,-8,2402,531,300,124,307,11,-24,35,738,3296,CD34+/CD38- OR GMP,CD34+/CD38- OR GMP
1_A7,139705,85314,34273,-7,1151,-8,2427,586,349,-6,-34,39,1147,3603,CD34+/CD38- OR GMP,HSC
1_A8,163593,90038,34847,226,383,7,98,169,479,26,-15,12,590,3881,CD34+/CD38- OR GMP,HSC
1_A9,134627,90311,33706,56,1345,-86,1039,391,295,10,-23,42,796,4183,CD34+/CD38- OR GMP,HSC
1_A10,152520,90754,27117,32,874,23,46,187,202,36,2,37,600,4464,CD34+/CD38- OR GMP,HSC
1_A11,109636,83352,13898,13,1338,520,288,69,62,20,-66,20,697,4690,CD34+/CD38- OR GMP,CD34+/CD38- OR GMP
1_A12,162026,87119,22754,43,388,206,-2,190,716,28,-25,52,432,4902,CD34+/CD38- OR GMP,CD34+/CD38- OR GMP
1_B1,161087,89637,32137,-7,463,58,189,216,170,0,-8,32,587,9491,CD34+/CD38- OR GMP,HSC
1_B2,155803,90130,36328,31,676,10,495,195,442,4,-52,67,668,9232,CD34+/CD38- OR GMP,HSC
1_B3,140766,84102,15607,20,490,8,1490,-55,443,11,-32,36,846,8854,CD34+/CD38- OR GMP,HSC
1_B4,137155,87112,21710,-67,668,305,56,372,187,30,-25,20,381,8514,CD34+/CD38- OR GMP,CD34+/CD38- OR GMP
1_B5,147333,90441,22881,-35,765,45,3042,942,370,39,-30,34,1362,8109,CD34+/CD38- OR GMP,HSC
1_B6,190655,94280,40220,43,534,-1,507,202,357,21,-8,20,1054,7759,CD34+/CD38- OR GMP,HSC
1_B7,133996,82895,14229,107,1096,4,267,-46,332,25,-57,32,1106,7514,CD34+/CD38- OR GMP,HSC
1_B8,131032,88551,75776,-36,358,88,-55,-30,474,8,26,46,608,7262,CD34+/CD38- OR GMP,HSC
1_B9,120229,85591,33312,0,1211,-4,1415,246,237,24,-11,17,1048,6626,CD34+/CD38- OR GMP,HSC
1_B10,168839,91350,26873,123,989,204,-28,34,497,12,-19,56,640,6308,CD34+/CD38- OR GMP,CD34+/CD38- OR GMP
1_B11,173876,89888,24852,-77,448,272,15,314,805,26,-16,47,413,5866,CD34+/CD38- OR GMP,CD34+/CD38- OR GMP
1_B12,138635,87265,28359,64,984,-8,2885,41,388,1,-49,42,1247,5291,CD34+/CD38- OR GMP,HSC
1_C1,166890,90135,25875,-90,857,56,1280,769,116,17,-21,36,912,9771,CD34+/CD38- OR GMP,HSC
1_C2,152412,89208,22922,55,377,253,62,130,955,10,-31,46,471,10774,CD34+/CD38- OR GMP,CD34+/CD38- OR GMP
1_C3,146117,90365,26534,-120,1877,-27,2022,553,119,39,-42,42,861,11052,CD34+/CD38- OR GMP,HSC
1_C4,157965,90864,34255,7,709,9,4617,398,474,15,-78,48,2419,11313,CD34+/CD38- OR GMP,HSC
1_C5,159417,92237,30686,-97,1888,-27,1421,980,74,-8,-55,41,1173,12021,CD34+/CD38- OR GMP,HSC
1_C6,147353,90697,48535,-42,757,53,181,187,302,23,-14,42,1219,12264,CD34+/CD38- OR GMP,HSC
1_C7,154670,87123,20825,-3,814,56,72,170,483,38,-35,50,674,12568,CD34+/CD38- OR GMP,HSC
1_C8,128964,86701,14699,-53,823,19,1137,828,296,12,-32,46,986,12889,CD34+/CD38- OR GMP,HSC
1_C9,122707,88650,21070,-579,586,16702,-290,515,-95,133,-336,91,2259,13671,CD34+/CD38- OR GMP,CD34+/CD38- OR GMP
1_C10,112046,82402,17743,-142,1408,323,-12,504,281,-23,-41,23,407,13929,CD34+/CD38- OR GMP,CD34+/CD38- OR GMP
1_C11,138658,88084,27373,114,550,-13,681,281,415,36,-37,152,560,14200,CD34+/CD38- OR GMP,HSC
1_C12,140447,84310,13311,-186,428,-7,253,617,434,-10,-35,28,865,14820,CD34+/CD38- OR GMP,HSC
1_D1,145893,88433,39120,158,1155,78,4541,231,335,40,-48,133,2145,19902,CD34+/CD38- OR GMP,HSC
1_D2,171542,103071,55508,25,576,-8,382,479,331,17,0,103,721,19640,CD34+/CD38- OR GMP,HSC
1_D3,166939,95938,24434,407,1122,555,-93,79,1566,-9,-92,103,1400,18733,CD34+/CD38- OR GMP,CD34+/CD38- OR GMP
1_D4,148090,86416,25652,79,681,13,1669,1494,420,7,-68,40,895,18485,CD34+/CD38- OR GMP,HSC
1_D5,133226,92654,21453,-14,1068,312,-92,441,954,0,-9,18,419,18079,CD34+/CD38- OR GMP,CD34+/CD38- OR GMP
1_D6,149427,88110,24877,38,875,6,964,352,259,58,-27,28,735,17476,CD34+/CD38- OR GMP,HSC
1_D7,107831,83736,37951,80,433,71,1550,115,236,27,-10,52,977,17067,CD34+/CD38- OR GMP,HSC
1_D8,121428,83253,31960,34,685,-4,1103,235,193,16,-15,31,565,16684,CD34+/CD38- OR GMP,HSC
1_D9,159138,89712,34234,121,924,41,3821,403,181,28,-44,62,1736,16436,CD34+/CD38- OR GMP,HSC
1_D10,125852,84057,31255,-12,1550,0,419,467,384,12,-51,52,889,15745,CD34+/CD38- OR GMP,HSC
1_D11,144150,93665,33769,302,1456,252,-37,9,728,-17,-51,40,678,15446,CD34+/CD38- OR GMP,CD34+/CD38- OR GMP
1_D12,144463,85483,22270,-145,1449,55,950,161,212,42,-57,33,1106,15111,CD34+/CD38- OR GMP,HSC
1_E1,168211,88863,37641,-76,1773,44,447,842,343,46,-59,45,941,20265,CD34+/CD38- OR GMP,HSC
1_E2,121125,82107,14251,41,1338,146,441,141,196,-1,-56,20,658,20592,CD34+/CD38- OR GMP,CD34+/CD38- OR GMP
1_E3,163338,95499,35908,58,646,-11,159,294,486,24,-58,44,1045,20861,CD34+/CD38- OR GMP,HSC
1_E4,161892,91081,39096,-76,683,-17,2630,518,99,20,-31,66,795,21191,CD34+/CD38- OR GMP,HSC
1_E5,105929,84599,9069,48,468,-52,1735,211,502,20,0,13,818,21459,CD34+/CD38- OR GMP,HSC
1_E6,142880,89669,27404,74,360,26,912,416,104,-25,-23,50,550,21810,CD34+/CD38- OR GMP,HSC
1_E7,167688,89022,22928,226,959,251,28,-61,1407,0,4,20,570,22047,CD34+/CD38- OR GMP,CD34+/CD38- OR GMP
1_E8,116023,88963,27342,19,419,22,96,23,279,27,-16,144,663,22540,CD34+/CD38- OR GMP,HSC
1_E9,169236,91688,27748,-57,451,30,2355,469,392,38,-46,40,1330,23079,CD34+/CD38- OR GMP,HSC
1_E10,158872,101615,32237,121,1633,245,-82,-34,1003,4,-48,111,352,23461,CD34+/CD38- OR GMP,CD34+/CD38- OR GMP
1_E11,138167,85699,12636,139,1064,2,383,96,472,26,-40,7,971,23940,CD34+/CD38- OR GMP,HSC
1_E12,126447,86381,18593,-41,1004,35,713,604,99,29,-41,38,1054,24366,CD34+/CD38- OR GMP,HSC
1_F1,132812,83265,27293,78,563,-3,931,259,463,41,-11,17,770,28912,CD34+/CD38- OR GMP,HSC
1_F2,149880,90507,42687,-25,2280,686,139,469,382,23,-71,61,1323,28555,CD34+/CD38- OR GMP,CD34+/CD38- OR GMP
1_F3,172077,94880,21865,-50,615,98,29,173,289,19,-46,26,413,28320,CD34+/CD38- OR GMP,HSC
1_F4,149673,86985,19561,41,1077,72,160,70,381,16,-39,19,763,27975,CD34+/CD38- OR GMP,HSC
1_F5,135585,91386,46713,93,1100,320,41,163,180,1,-6,38,573,27637,CD34+/CD38- OR GMP,CD34+/CD38- OR GMP
1_F6,120453,88810,20615,69,1212,40,821,-33,493,-9,-52,20,750,27449,CD34+/CD38- OR GMP,HSC
1_F7,118998,85491,26897,-166,729,50,1056,531,69,-1,9,16,499,27169,CD34+/CD38- OR GMP,HSC
1_F8,162325,91206,39285,-76,1597,26,2143,261,467,37,-21,22,1147,26905,CD34+/CD38- OR GMP,HSC
1_F9,137405,89882,40162,147,599,29,868,25,394,25,-27,48,718,26420,CD34+/CD38- OR GMP,HSC
1_F10,132802,85672,18439,45,1403,185,62,315,30,7,-48,15,602,25952,CD34+/CD38- OR GMP,CD34+/CD38- OR GMP
1_F11,140131,86846,21560,-124,834,232,-7,403,131,49,-16,4,408,25653,CD34+/CD38- OR GMP,CD34+/CD38- OR GMP
1_F12,132589,87024,24093,16,488,20,309,-61,369,29,-28,56,621,24969,CD34+/CD38- OR GMP,HSC
1_G1,135048,88180,23506,175,1686,19,486,4,424,28,-44,38,1163,29293,CD34+/CD38- OR GMP,HSC
1_G2,170061,92694,27804,15,892,81,443,302,148,-6,-31,31,760,29533,CD34+/CD38- OR GMP,HSC
1_G3,140378,92816,37429,-185,1311,320,298,386,1467,38,-48,97,684,29832,CD34+/CD38- OR GMP,CD34+/CD38- OR GMP
1_G4,125362,86186,13118,83,548,10,237,298,464,-1,-22,18,1305,30302,CD34+/CD38- OR GMP,HSC
1_G5,139857,87453,12268,149,966,30,2826,-84,508,21,-58,-5,1049,30518,CD34+/CD38- OR GMP,HSC
1_G6,161563,94310,36564,70,1253,-3,1141,-49,205,-1,-50,38,908,30722,CD34+/CD38- OR GMP,HSC
1_G7,153145,86558,20173,33,826,21,74,779,215,7,-37,16,566,31249,CD34+/CD38- OR GMP,HSC
1_G8,130547,88342,36499,127,1003,161,243,161,311,35,-31,64,591,31573,CD34+/CD38- OR GMP,CD34+/CD38- OR GMP
1_G9,124379,85573,13561,135,462,21,2802,321,370,15,-32,27,1163,31818,CD34+/CD38- OR GMP,HSC
1_G10,149358,87645,16031,159,1406,596,576,218,436,2,4,11,1176,32230,CD34+/CD38- OR GMP,CD34+/CD38- OR GMP
1_G11,149714,96870,17092,106,438,469,-16,-16,2598,34,46,25,1008,32484,CD34+/CD38- OR GMP,CD34+/CD38- OR GMP
1_G12,141851,85936,30341,246,1099,-2,1880,280,277,25,-50,13,922,32784,CD34+/CD38- OR GMP,HSC
1_H1,141863,89749,18427,-20,1084,63,18,286,343,41,-5,24,592,36339,CD34+/CD38- OR GMP,HSC
1_H2,131342,86660,35558,-11,2809,524,16,455,4,-19,-55,39,554,36020,CD34+/CD38- OR GMP,CD34+/CD38- OR GMP
1_H3,151465,87105,32500,57,879,-17,2579,151,372,-8,-27,54,718,35614,CD34+/CD38- OR GMP,HSC
1_H4,135139,88035,33719,31,1693,34,1265,484,121,6,-42,54,884,35261,CD34+/CD38- OR GMP,HSC
1_H5,113004,85183,21247,-84,1611,44,361,247,140,17,-119,11,2751,35021,CD34+/CD38- OR GMP,HSC
1_H6,158632,102075,54006,142,1633,-15,2623,104,18,-13,-67,68,1193,34793,CD34+/CD38- OR GMP,HSC
1_H7,130689,85160,19978,115,979,14,1766,219,310,14,-38,23,836,34558,CD34+/CD38- OR GMP,HSC
1_H8,162490,95734,42566,55,1599,153,151,291,426,27,-88,40,547,34271,CD34+/CD38- OR GMP,CD34+/CD38- OR GMP
1_H9,149906,88368,20107,68,383,80,357,21,475,-3,26,26,486,33999,CD34+/CD38- OR GMP,HSC
1_H10,143626,84245,29280,-28,1009,-8,201,191,268,27,-34,25,580,33702,CD34+/CD38- OR GMP,HSC
1_H11,138314,85746,28942,142,441,-27,264,-120,372,6,-34,18,606,33362,CD34+/CD38- OR GMP,HSC
1_H12,146187,86056,25951,17,1208,-7,267,48,197,5,-12,40,548,33023,CD34+/CD38- OR GMP,HSC
2_A1,156235,88292,23692,-17,1643,-12,1005,456,216,38,-39,34,748,909,CD34+/CD38- OR GMP,HSC
2_A2,161571,87106,16200,197,721,52,285,37,306,28,-15,24,578,1410,CD34+/CD38- OR GMP,HSC
2_A3,124923,83087,20526,-42,449,24,899,92,216,-18,8,7,438,1783,CD34+/CD38- OR GMP,HSC
2_A4,143985,86309,17962,82,474,30,44,243,264,15,-36,14,718,2110,CD34+/CD38- OR GMP,HSC
2_A5,161449,88018,16056,230,964,350,4,194,464,-30,-34,27,597,2363,CD34+/CD38- OR GMP,CD34+/CD38- OR GMP
2_A6,170437,101195,22934,60,1154,344,162,358,329,19,-40,26,879,2576,CD34+/CD38- OR GMP,CD34+/CD38- OR GMP
2_A7,147659,88289,18712,136,808,78,139,42,390,-3,-22,38,435,2939,CD34+/CD38- OR GMP,HSC
2_A8,188672,96928,58981,161,2141,271,57,-232,1572,-10,-82,81,991,3557,CD34+/CD38- OR GMP,CD34+/CD38- OR GMP
2_A9,157806,87708,33859,52,551,15,1058,333,353,15,-36,33,985,3978,CD34+/CD38- OR GMP,HSC
2_A10,172845,89222,29538,-103,872,38,360,363,220,13,-38,30,683,4652,CD34+/CD38- OR GMP,HSC
2_A11,180994,93874,22583,-74,1731,10,1494,191,212,47,-64,65,909,5086,CD34+/CD38- OR GMP,HSC
2_A12,170240,88202,26122,44,1010,42,54,-26,503,18,-18,46,538,5816,CD34+/CD38- OR GMP,HSC
2_B1,113803,85736,16252,-26,2132,484,152,367,45,-1,-41,38,632,10168,CD34+/CD38- OR GMP,CD34+/CD38- OR GMP
2_B2,168187,91400,51862,92,672,-2,1518,33,347,9,-24,55,927,9771,CD34+/CD38- OR GMP,HSC
2_B3,142334,87852,23718,116,487,43,3590,282,236,49,-69,40,1227,9491,CD34+/CD38- OR GMP,HSC
2_B4,146648,90695,56078,-165,1426,34,1271,427,198,23,-61,49,1092,9091,CD34+/CD38- OR GMP,HSC
2_B5,160115,88630,26309,-3,1350,356,2,294,299,50,-30,25,710,8852,CD34+/CD38- OR GMP,CD34+/CD38- OR GMP
2_B6,137892,85145,29666,-14,576,1,239,80,307,34,-36,33,509,8436,CD34+/CD38- OR GMP,HSC
2_B7,122727,82778,12921,168,1328,174,599,73,189,4,-19,25,408,8158,CD34+/CD38- OR GMP,CD34+/CD38- OR GMP
2_B8,154847,88010,16590,79,1173,126,285,86,73,30,-39,28,463,7435,CD34+/CD38- OR GMP,CD34+/CD38- OR GMP
2_B9,151397,85844,19961,28,554,160,523,328,377,33,-10,2,425,7080,CD34+/CD38- OR GMP,CD34+/CD38- OR GMP
2_B10,163505,90536,36246,102,953,14,2099,392,296,17,-120,336,1173,6727,CD34+/CD38- OR GMP,HSC
2_B11,162084,88902,25179,5,893,15,91,610,224,13,-26,15,578,6508,CD34+/CD38- OR GMP,HSC
2_B12,149873,85895,29204,88,1522,-1,186,173,319,45,-36,34,405,6230,CD34+/CD38- OR GMP,HSC
2_C1,195834,105734,28754,-48,1514,2,280,424,291,9,-82,21,675,11007,CD34+/CD38- OR GMP,HSC
2_C2,147409,87114,25837,-145,904,49,815,301,467,-1,-41,48,823,11270,CD34+/CD38- OR GMP,HSC
2_C3,105764,85844,18617,21,1581,324,129,105,1109,1,-56,25,598,11470,CD34+/CD38- OR GMP,CD34+/CD38- OR GMP
2_C4,131683,87929,20060,1,603,91,69,82,428,-17,-13,57,446,11666,CD34+/CD38- OR GMP,HSC
2_C5,139451,91292,40580,-131,686,-10,137,307,360,14,-32,79,879,11947,CD34+/CD38- OR GMP,HSC
2_C6,133195,86703,27092,-62,841,38,153,442,411,13,-43,29,1000,12334,CD34+/CD38- OR GMP,HSC
2_C7,153219,85028,21815,-149,1696,273,144,551,775,42,-61,34,450,12737,CD34+/CD38- OR GMP,CD34+/CD38- OR GMP
2_C8,134692,84492,21722,14,598,32,1199,268,472,24,-31,38,1222,13030,CD34+/CD38- OR GMP,HSC
2_C9,106439,85286,16423,70,1223,230,141,80,900,16,-26,23,498,13322,CD34+/CD38- OR GMP,CD34+/CD38- OR GMP
2_C10,159788,88127,24137,-70,1909,-22,1503,428,417,14,-48,36,669,13602,CD34+/CD38- OR GMP,HSC
2_C11,161137,91528,26283,120,1029,345,46,228,273,4,-19,16,545,13836,CD34+/CD38- OR GMP,CD34+/CD38- OR GMP
2_C12,167519,90357,25897,1,1334,1,118,115,446,-20,-33,27,612,14090,CD34+/CD38- OR GMP,HSC
2_D1,125891,84794,18395,69,1330,263,81,175,342,21,-40,51,467,18146,CD34+/CD38- OR GMP,CD34+/CD38- OR GMP
2_D2,161457,90070,18693,83,1349,-4,3729,278,115,6,-51,36,1272,17896,CD34+/CD38- OR GMP,HSC
2_D3,166492,95443,41086,210,1403,473,-85,525,1902,29,-56,46,1253,17639,CD34+/CD38- OR GMP,CD34+/CD38- OR GMP
2_D4,160385,100213,31093,-123,568,68,125,518,487,33,-66,41,841,17366,CD34+/CD38- OR GMP,HSC
2_D5,144678,85425,22967,140,1258,24,196,125,505,27,-23,28,758,16953,CD34+/CD38- OR GMP,HSC
2_D6,110927,84134,16423,-102,954,47,93,285,206,19,-17,48,1157,16643,CD34+/CD38- OR GMP,HSC
2_D7,122703,87358,26765,-55,1307,95,194,305,65,6,1,23,364,16329,CD34+/CD38- OR GMP,HSC
2_D8,182002,93157,22028,204,2011,502,-92,493,2087,39,79,75,1182,16026,CD34+/CD38- OR GMP,CD34+/CD38- OR GMP
2_D9,152641,88064,27769,-42,1044,57,257,195,375,-13,-16,11,1144,15772,CD34+/CD38- OR GMP,HSC
2_D10,109812,89959,26213,123,550,10,398,100,416,39,-16,47,876,15390,CD34+/CD38- OR GMP,HSC
2_D11,167276,89759,31482,139,416,18,575,410,129,-11,-23,25,584,15041,CD34+/CD38- OR GMP,HSC
2_D12,170873,91111,48250,200,662,405,-46,203,1198,26,28,41,777,14603,CD34+/CD38- OR GMP,CD34+/CD38- OR GMP
2_E1,113996,84416,34592,24,445,21,195,250,367,20,-12,38,476,18429,CD34+/CD38- OR GMP,HSC
2_E2,127978,88415,34151,353,2279,-1,1724,15,327,4,-108,96,2619,18894,CD34+/CD38- OR GMP,HSC
2_E3,129950,86815,35064,39,623,29,1733,458,256,6,-1,47,942,19130,CD34+/CD38- OR GMP,HSC
2_E4,153801,87984,27844,-133,1223,46,299,316,460,17,-22,28,599,19339,CD34+/CD38- OR GMP,HSC
2_E5,140947,91443,51560,90,1379,59,461,155,341,19,-105,455,1483,19592,CD34+/CD38- OR GMP,HSC
2_E6,143648,85671,20973,-52,1142,-8,1243,143,40,49,-19,23,945,19833,CD34+/CD38- OR GMP,HSC
2_E7,169942,92528,21990,-10,599,121,287,153,362,10,-56,14,1045,20294,CD34+/CD38- OR GMP,CD34+/CD38- OR GMP
2_E8,112055,82669,13389,2,727,587,-7,65,257,3,-36,13,676,20530,CD34+/CD38- OR GMP,CD34+/CD38- OR GMP
2_E9,165905,89777,34671,-7,507,13,1942,213,300,39,-28,17,603,20729,CD34+/CD38- OR GMP,HSC
2_E10,143617,86496,34556,-9,1261,567,127,322,115,18,-21,43,406,21004,CD34+/CD38- OR GMP,CD34+/CD38- OR GMP
2_E11,134371,94303,21549,-10,1069,284,-31,-12,660,26,-20,39,400,21439,CD34+/CD38- OR GMP,CD34+/CD38- OR GMP
2_E12,187559,91660,33401,-114,2068,38,725,297,266,27,-51,25,1283,21688,CD34+/CD38- OR GMP,HSC
2_F1,170642,89490,36520,74,680,17,1511,118,415,14,-65,60,981,25613,CD34+/CD38- OR GMP,HSC
2_F2,145106,86323,42966,-132,954,18,702,448,42,10,-40,55,821,25198,CD34+/CD38- OR GMP,HSC
2_F3,135098,87540,29968,-28,989,9,601,88,191,22,-21,42,613,24964,CD34+/CD38- OR GMP,HSC
2_F4,134246,90212,32653,91,1942,208,-4,-98,259,1,-40,76,424,24584,CD34+/CD38- OR GMP,CD34+/CD38- OR GMP
2_F5,152171,89468,21449,-36,352,13,48,224,324,-5,-39,63,388,24282,CD34+/CD38- OR GMP,HSC
2_F6,133526,86114,18281,-79,700,31,523,122,424,13,-1,23,631,24050,CD34+/CD38- OR GMP,HSC
2_F7,169366,89986,33050,92,1376,49,159,415,277,20,-35,38,1111,23804,CD34+/CD38- OR GMP,HSC
2_F8,188384,94583,41108,25,1353,98,3151,172,405,-2,-61,110,1192,23540,CD34+/CD38- OR GMP,HSC
2_F9,149748,85832,23334,-75,1513,11,361,185,273,61,-25,-4,862,23333,CD34+/CD38- OR GMP,HSC
2_F10,135411,87358,19299,74,391,20,2583,258,450,18,-44,33,1236,23124,CD34+/CD38- OR GMP,HSC
2_F11,158821,87812,23055,39,805,91,35,59,404,12,-23,34,576,22787,CD34+/CD38- OR GMP,HSC
2_F12,114855,82980,16974,-55,1015,424,52,308,314,0,-49,16,379,22141,CD34+/CD38- OR GMP,CD34+/CD38- OR GMP
2_G1,134448,84519,22636,82,1322,219,1189,141,347,-23,-23,14,546,25860,CD34+/CD38- OR GMP,CD34+/CD38- OR GMP
2_G2,109822,88605,50668,-73,525,5,1104,252,176,21,-33,58,932,26140,CD34+/CD38- OR GMP,HSC
2_G3,113208,80832,13466,127,770,361,42,31,232,-23,22,4,300,26494,CD34+/CD38- OR GMP,CD34+/CD38- OR GMP
2_G4,152964,95791,24111,22,699,46,240,73,229,-5,12,16,625,27020,CD34+/CD38- OR GMP,HSC
2_G5,168093,90465,29662,-87,598,52,567,72,220,16,-13,31,667,27391,CD34+/CD38- OR GMP,HSC
2_G6,134230,86091,22494,186,680,-6,282,-139,247,37,-60,29,514,27603,CD34+/CD38- OR GMP,HSC
2_G7,179026,92679,26257,-41,636,25,2460,481,477,15,-73,47,1108,27866,CD34+/CD38- OR GMP,HSC
2_G8,142894,85530,17757,-2,506,-29,1852,29,327,12,-51,34,1114,28123,CD34+/CD38- OR GMP,HSC
2_G9,150251,90455,57698,-97,628,-3,1657,300,87,27,-132,556,746,28508,CD34+/CD38- OR GMP,HSC
2_G10,141472,86865,22201,-80,614,36,1412,227,24,18,-28,55,540,28870,CD34+/CD38- OR GMP,HSC
2_G11,176390,92247,25247,-62,1411,219,180,363,2119,12,-37,17,852,29254,CD34+/CD38- OR GMP,CD34+/CD38- OR GMP
2_G12,107314,88982,22802,-27,494,22,773,603,274,49,-53,27,651,29517,CD34+/CD38- OR GMP,HSC
2_H1,139948,85594,26633,58,1280,409,532,76,110,-10,-25,13,769,33126,CD34+/CD38- OR GMP,CD34+/CD38- OR GMP
2_H2,145156,85598,15008,110,804,270,177,59,427,-4,-43,47,795,32875,CD34+/CD38- OR GMP,CD34+/CD38- OR GMP
2_H3,196989,104576,38730,-267,1098,-12,1360,481,-36,14,-22,64,916,32653,CD34+/CD38- OR GMP,HSC
2_H4,150384,91202,24573,3,941,-26,18,228,428,20,-36,97,694,32459,CD34+/CD38- OR GMP,HSC
2_H5,116605,85465,27667,6,382,67,178,233,467,35,-29,9,611,32248,CD34+/CD38- OR GMP,HSC
2_H6,139932,84705,17068,-50,1347,97,31,247,17,22,-21,29,358,31928,CD34+/CD38- OR GMP,HSC
2_H7,161933,88990,31687,84,487,117,568,203,211,54,-19,26,557,31407,CD34+/CD38- OR GMP,CD34+/CD38- OR GMP
2_H8,131371,82957,17154,68,704,-1,227,106,367,44,-35,30,796,31125,CD34+/CD38- OR GMP,HSC
2_H9,121290,87769,15180,86,1205,-36,152,118,382,0,-21,47,848,30871,CD34+/CD38- OR GMP,HSC
2_H10,151700,85114,31621,379,1341,107,154,105,393,21,-90,42,1308,30594,CD34+/CD38- OR GMP,HSC
2_H11,169879,92821,47484,8,1321,52,3290,91,498,20,-58,49,1667,30035,CD34+/CD38- OR GMP,HSC
2_H12,138482,87401,25592,-38,679,26,867,128,265,26,-41,60,792,29743,CD34+/CD38- OR GMP,HSC
3_A1,173466,100282,47113,-49,1253,45,751,394,343,16,-32,20,697,675,CD34+/CD38- OR GMP,HSC
3_A2,162989,94774,49098,99,775,23,1183,671,334,13,-39,19,1196,971,CD34+/CD38- OR GMP,HSC
3_A3,132464,93569,27800,-165,2930,639,-39,358,763,-2,9,35,916,1227,CD34+/CD38- OR GMP,CD34+/CD38- OR GMP
3_A4,155928,88266,41695,-28,1042,11,582,196,405,33,-24,52,735,1462,CD34+/CD38- OR GMP,HSC
3_A5,177416,95596,39238,52,1026,85,126,191,423,8,-36,45,809,1673,CD34+/CD38- OR GMP,HSC
3_A6,174245,92057,32454,-15,1357,26,1243,442,330,16,-27,46,794,1998,CD34+/CD38- OR GMP,HSC
3_A7,167122,101575,33724,257,781,41,355,126,446,10,-36,3,1318,2358,CD34+/CD38- OR GMP,HSC
3_A8,147856,85515,19424,-108,520,-11,258,333,471,17,-30,41,521,2973,CD34+/CD38- OR GMP,HSC
3_A9,145587,86649,25653,-45,463,13,205,72,510,6,-35,37,1143,3283,CD34+/CD38- OR GMP,HSC
3_A10,121054,86694,21616,-60,619,-20,581,166,302,23,-52,22,1123,3580,CD34+/CD38- OR GMP,HSC
3_A11,159075,89469,28524,24,1383,82,189,29,323,-29,1,41,537,4170,CD34+/CD38- OR GMP,HSC
3_A12,128470,83899,32781,-121,881,10,420,542,288,48,-29,27,561,4538,CD34+/CD38- OR GMP,HSC
3_B1,121830,82459,16440,78,862,274,-9,179,211,20,-28,10,564,7912,CD34+/CD38- OR GMP,CD34+/CD38- OR GMP
3_B2,160639,90547,41035,-26,1205,152,341,137,309,-16,-8,11,576,7682,CD34+/CD38- OR GMP,CD34+/CD38- OR GMP
3_B3,157207,90178,24967,-34,841,-8,4826,145,491,18,-62,55,2893,7364,CD34+/CD38- OR GMP,HSC
3_B4,133445,85088,23043,54,508,33,1242,123,387,42,-23,23,714,7084,CD34+/CD38- OR GMP,HSC
3_B5,105600,83487,14740,19,411,214,215,23,394,3,-27,36,308,6828,CD34+/CD38- OR GMP,CD34+/CD38- OR GMP
3_B6,114756,86530,19329,5,977,106,2365,251,449,44,-63,56,1426,6540,CD34+/CD38- OR GMP,HSC
3_B7,133846,89261,19080,40,332,22,83,363,202,25,-17,23,683,6268,CD34+/CD38- OR GMP,HSC
3_B8,164783,88188,24031,8,1049,17,230,165,452,14,-47,33,474,5980,CD34+/CD38- OR GMP,HSC
3_B9,117607,82463,22651,126,535,24,361,-111,346,28,-6,14,479,5649,CD34+/CD38- OR GMP,HSC
3_B10,144951,84509,16930,14,1066,163,94,150,114,-7,-32,24,457,5304,CD34+/CD38- OR GMP,CD34+/CD38- OR GMP
3_B11,121445,82723,13668,116,1007,314,31,98,424,23,-45,20,834,5068,CD34+/CD38- OR GMP,CD34+/CD38- OR GMP
3_B12,126470,85935,25656,72,622,18,439,-33,448,30,-22,-4,487,4848,CD34+/CD38- OR GMP,HSC
3_C1,168176,90639,31975,-81,818,22,422,317,361,7,-57,84,832,8159,CD34+/CD38- OR GMP,HSC
3_C2,137187,86328,32969,-47,498,38,475,372,470,19,-43,40,1052,8385,CD34+/CD38- OR GMP,HSC
3_C3,137748,85969,24179,128,360,10,861,-171,433,1,-13,37,475,8803,CD34+/CD38- OR GMP,HSC
3_C4,124395,89008,21889,-33,637,-20,1070,624,129,-5,9,14,1020,9008,CD34+/CD38- OR GMP,HSC
3_C5,121005,84715,28948,217,755,18,1831,-62,458,-4,-23,35,959,9378,CD34+/CD38- OR GMP,HSC
3_C6,147376,87480,22411,26,1920,273,591,93,176,37,-51,44,580,9625,CD34+/CD38- OR GMP,CD34+/CD38- OR GMP
3_C7,149956,90570,19548,0,1913,197,-12,227,654,21,-46,26,1109,9952,CD34+/CD38- OR GMP,CD34+/CD38- OR GMP
3_C8,163076,87944,29082,-66,653,-25,701,157,109,6,-26,29,534,10224,CD34+/CD38- OR GMP,HSC
3_C9,138865,86183,26328,42,1151,-35,451,253,394,9,-59,70,859,10520,CD34+/CD38- OR GMP,HSC
3_C10,121107,84975,15710,-111,867,168,77,249,243,23,-31,28,523,10935,CD34+/CD38- OR GMP,CD34+/CD38- OR GMP
3_C11,169804,90520,22109,97,946,308,86,205,794,47,-36,18,615,11189,CD34+/CD38- OR GMP,CD34+/CD38- OR GMP
3_C12,150306,93608,57337,-51,629,42,608,163,396,47,-38,33,867,11509,CD34+/CD38- OR GMP,HSC
3_D1,180393,91373,27934,16,930,-34,662,548,96,-8,-11,35,1045,15476,CD34+/CD38- OR GMP,HSC
3_D2,185207,92726,21665,11,699,-7,893,197,214,36,-44,34,732,15183,CD34+/CD38- OR GMP,HSC
3_D3,156730,99420,38144,-54,859,1,273,697,247,23,-67,34,1046,14906,CD34+/CD38- OR GMP,HSC
3_D4,181336,103520,29761,80,800,371,-11,264,954,34,-22,36,589,14446,CD34+/CD38- OR GMP,CD34+/CD38- OR GMP
3_D5,133384,84853,34544,60,394,119,938,28,390,28,-22,71,719,14153,CD34+/CD38- OR GMP,CD34+/CD38- OR GMP
3_D6,134846,86811,37684,-65,980,95,466,185,304,5,12,35,653,13849,CD34+/CD38- OR GMP,HSC
3_D7,128550,90321,30834,125,1353,43,623,-121,301,28,-49,24,1409,13596,CD34+/CD38- OR GMP,HSC
3_D8,147948,86480,20844,-72,495,24,1195,96,494,46,-21,33,472,13397,CD34+/CD38- OR GMP,HSC
3_D9,157724,91211,24238,221,729,-15,167,59,188,2,-42,58,993,12941,CD34+/CD38- OR GMP,HSC
3_D10,165238,97342,29986,207,356,528,-35,273,1552,51,-29,12,706,12601,CD34+/CD38- OR GMP,CD34+/CD38- OR GMP
3_D11,150032,90204,19591,10,795,42,460,485,140,-17,-44,31,1354,12305,CD34+/CD38- OR GMP,HSC
3_D12,103426,84572,24144,183,1054,170,84,222,351,40,-21,19,494,11814,CD34+/CD38- OR GMP,CD34+/CD38- OR GMP
3_E1,149533,84001,31513,56,526,279,36,142,861,19,3,22,588,15731,CD34+/CD38- OR GMP,CD34+/CD38- OR GMP
3_E2,114437,86256,31081,-93,640,44,134,92,402,-23,20,31,400,15994,CD34+/CD38- OR GMP,HSC
3_E3,152283,91338,35288,49,813,10,348,-34,414,55,-45,42,726,16209,CD34+/CD38- OR GMP,HSC
3_E4,135118,85663,35715,74,711,33,378,39,347,17,-5,39,653,16449,CD34+/CD38- OR GMP,HSC
3_E5,129179,85817,20352,47,373,8,311,226,225,15,-30,32,641,16799,CD34+/CD38- OR GMP,HSC
3_E6,164217,87974,18318,89,406,1,134,-4,362,-1,10,9,579,17289,CD34+/CD38- OR GMP,HSC
3_E7,172881,91953,36927,260,781,293,27,212,1890,26,-63,105,959,17645,CD34+/CD38- OR GMP,CD34+/CD38- OR GMP
3_E8,132335,83438,12898,50,1067,197,-7,164,223,-1,-9,14,533,18013,CD34+/CD38- OR GMP,CD34+/CD38- OR GMP
3_E9,145740,84678,24078,-39,765,121,30,137,231,6,-30,-1,389,18304,CD34+/CD38- OR GMP,CD34+/CD38- OR GMP
3_E10,188109,106056,47016,1,573,-8,164,149,105,38,-72,68,978,18583,CD34+/CD38- OR GMP,HSC
3_E11,131683,87174,27685,83,662,40,521,87,433,-6,-18,25,470,18826,CD34+/CD38- OR GMP,HSC
3_E12,125174,82726,16432,26,1250,372,22,68,202,30,-5,19,370,19094,CD34+/CD38- OR GMP,CD34+/CD38- OR GMP
3_F1,145513,95406,55279,-51,1014,29,285,180,434,-4,-46,66,751,22577,CD34+/CD38- OR GMP,HSC
3_F2,158848,90125,22330,-4,965,87,135,2,346,49,-49,45,877,22220,CD34+/CD38- OR GMP,HSC
3_F3,116206,88766,54159,70,921,32,1050,216,333,44,-16,41,998,21920,CD34+/CD38- OR GMP,HSC
3_F4,160003,95099,32224,98,832,78,-44,12,472,21,-38,38,508,21509,CD34+/CD38- OR GMP,HSC
3_F5,125535,83319,10805,-110,1039,409,-38,31,435,0,40,27,433,21268,CD34+/CD38- OR GMP,CD34+/CD38- OR GMP
3_F6,154465,87173,25451,123,1076,45,616,291,397,21,-68,42,1157,20879,CD34+/CD38- OR GMP,HSC
3_F7,119744,82585,15533,439,1298,3,622,168,312,-19,-40,19,1359,20597,CD34+/CD38- OR GMP,HSC
3_F8,164615,89133,21087,209,2212,43,380,760,428,36,-100,65,1622,20266,CD34+/CD38- OR GMP,HSC
3_F9,104621,87653,17658,-130,1163,29,1055,1255,230,16,-36,16,1293,20036,CD34+/CD38- OR GMP,HSC
3_F10,113597,89901,17121,263,1927,271,1163,541,1194,44,82,20,1437,19819,CD34+/CD38- OR GMP,CD34+/CD38- OR GMP
3_F11,160605,88278,20794,24,1131,25,554,121,442,-5,-39,28,823,19543,CD34+/CD38- OR GMP,HSC
3_F12,186302,92231,33698,53,1644,330,-27,344,1323,33,-41,14,811,19332,CD34+/CD38- OR GMP,CD34+/CD38- OR GMP
3_G1,179286,92518,36432,-51,594,14,1020,254,135,19,-2,49,676,22873,CD34+/CD38- OR GMP,HSC
3_G2,126676,95561,66088,-84,1131,62,9,294,365,20,-21,51,886,23137,CD34+/CD38- OR GMP,HSC
3_G3,140965,93390,40394,101,678,40,141,91,365,21,-56,46,524,23554,CD34+/CD38- OR GMP,HSC
3_G4,114540,86303,40465,155,1167,27,105,107,318,17,-37,55,335,23901,CD34+/CD38- OR GMP,HSC
3_G5,115640,94111,23664,225,662,328,-68,243,2666,12,-30,34,380,24114,CD34+/CD38- OR GMP,CD34+/CD38- OR GMP
3_G6,165923,88109,35197,101,2401,275,543,118,17,19,-59,50,805,24380,CD34+/CD38- OR GMP,CD34+/CD38- OR GMP
3_G7,165891,89378,45647,-57,661,69,30,170,401,26,-9,27,786,24768,CD34+/CD38- OR GMP,HSC
3_G8,133899,88145,29958,-21,937,58,103,201,183,24,-47,37,490,25025,CD34+/CD38- OR GMP,HSC
3_G9,149223,88080,27114,36,593,2,3871,8,76,23,-21,52,972,25278,CD34+/CD38- OR GMP,HSC
3_G10,167024,89629,24622,32,409,-6,716,122,288,30,-61,58,1082,25900,CD34+/CD38- OR GMP,HSC
3_G11,153421,92514,36483,-29,633,149,175,153,163,-7,-15,59,529,26140,CD34+/CD38- OR GMP,CD34+/CD38- OR GMP
3_G12,151024,86043,21558,120,525,33,364,356,292,27,5,25,610,26610,CD34+/CD38- OR GMP,HSC
3_H1,160043,89214,27004,93,416,266,-19,-12,778,33,-21,55,639,29729,CD34+/CD38- OR GMP,CD34+/CD38- OR GMP
3_H2,132583,90897,34179,-33,665,-11,347,-13,172,4,-31,52,778,29467,CD34+/CD38- OR GMP,HSC
3_H3,148147,86086,20760,-201,1790,-19,146,62,158,12,-56,26,558,29147,CD34+/CD38- OR GMP,HSC
3_H4,156472,91558,39726,-112,1206,19,1049,300,188,18,-45,53,667,28915,CD34+/CD38- OR GMP,HSC
3_H5,167717,98143,24194,-31,442,178,177,224,497,33,-16,27,740,28633,CD34+/CD38- OR GMP,CD34+/CD38- OR GMP
3_H6,136261,85519,37844,2,630,-21,243,520,355,39,-24,25,881,28385,CD34+/CD38- OR GMP,HSC
3_H7,147475,87499,14903,-17,769,28,2264,596,293,-8,-43,20,868,28184,CD34+/CD38- OR GMP,HSC
3_H8,131224,86363,21100,74,537,242,-22,58,219,-4,-10,-4,329,27970,CD34+/CD38- OR GMP,CD34+/CD38- OR GMP
3_H9,128055,83685,23796,-56,572,35,452,57,393,-11,-54,44,713,27718,CD34+/CD38- OR GMP,HSC
3_H10,158494,95046,38870,-44,1321,-76,26,433,178,-27,-12,33,699,27423,CD34+/CD38- OR GMP,HSC
3_H11,118327,87386,16058,-31,355,329,-39,225,1389,-12,9,18,400,27174,CD34+/CD38- OR GMP,CD34+/CD38- OR GMP
3_H12,162434,88054,17143,35,982,23,208,96,167,23,-46,43,640,26867,CD34+/CD38- OR GMP,HSC
4_A1,161645,87725,26298,63,1188,10,435,142,273,49,-21,35,607,612,CD34+/CD38- OR GMP,HSC
4_A2,147437,90344,20033,63,1136,37,4233,482,263,24,-64,70,1358,836,CD34+/CD38- OR GMP,HSC
4_A3,163242,89100,19625,-231,863,23,832,621,340,38,-34,28,1276,1120,CD34+/CD38- OR GMP,HSC
4_A4,110606,88465,27463,-117,762,22,614,587,258,-3,-61,49,833,1338,CD34+/CD38- OR GMP,HSC
4_A5,140839,84575,16394,61,779,57,11,153,239,-13,-3,6,585,1681,CD34+/CD38- OR GMP,HSC
4_A6,149560,85797,33306,47,491,1,2646,-78,390,19,-59,28,912,1944,CD34+/CD38- OR GMP,HSC
4_A7,149851,87709,18520,-23,568,55,365,236,335,6,-26,21,601,2162,CD34+/CD38- OR GMP,HSC
4_A8,150527,88285,34048,62,1687,102,302,95,468,3,-24,15,579,2398,CD34+/CD38- OR GMP,HSC
4_A9,172761,90461,47256,303,1587,19,1714,188,506,48,-77,114,1196,2737,CD34+/CD38- OR GMP,HSC
4_A10,155074,93475,47217,111,914,10,674,444,433,29,-43,48,763,2971,CD34+/CD38- OR GMP,HSC
4_A11,149473,88638,26082,23,1265,34,161,209,491,24,-29,72,1045,3303,CD34+/CD38- OR GMP,HSC
4_A12,159008,91818,22048,-76,869,-25,1209,543,333,20,-33,22,586,3667,CD34+/CD38- OR GMP,HSC
4_B1,123858,85091,13315,63,361,42,276,245,473,13,-6,12,386,6827,CD34+/CD38- OR GMP,HSC
4_B2,153596,86512,15105,-167,1417,296,130,142,507,32,-37,8,508,6499,CD34+/CD38- OR GMP,CD34+/CD38- OR GMP
4_B3,133497,87382,23622,64,2256,249,254,265,249,14,-60,39,622,6238,CD34+/CD38- OR GMP,CD34+/CD38- OR GMP
4_B4,130459,93905,32516,-2,834,-14,311,71,308,6,-60,13,717,5920,CD34+/CD38- OR GMP,HSC
4_B5,141413,89396,33358,14,657,7,252,291,159,20,-31,39,641,5678,CD34+/CD38- OR GMP,HSC
4_B6,125315,86500,22966,59,760,2,1099,371,166,16,-47,39,877,5428,CD34+/CD38- OR GMP,HSC
4_B7,153912,90295,27557,-41,732,59,845,235,508,-11,-4,20,1022,5108,CD34+/CD38- OR GMP,HSC
4_B8,188120,93869,38986,-14,544,263,-19,227,847,27,11,21,311,4873,CD34+/CD38- OR GMP,CD34+/CD38- OR GMP
4_B9,161371,95336,26534,46,1201,-31,-24,112,490,31,-91,208,1148,4636,CD34+/CD38- OR GMP,HSC
4_B10,149073,85231,18716,-111,1096,32,1895,300,444,6,-22,52,657,4388,CD34+/CD38- OR GMP,HSC
4_B11,161361,89499,32922,-98,813,302,79,124,275,8,-4,9,516,4172,CD34+/CD38- OR GMP,CD34+/CD38- OR GMP
4_B12,176742,91640,40503,214,756,4,3115,581,436,56,-43,74,1534,3929,CD34+/CD38- OR GMP,HSC
4_C1,133470,87358,16933,153,1445,321,-44,-43,891,-5,-25,-1,531,7451,CD34+/CD38- OR GMP,CD34+/CD38- OR GMP
4_C2,148786,88396,18400,-166,426,80,509,1542,392,-14,-35,44,939,7783,CD34+/CD38- OR GMP,HSC
4_C3,142996,86028,22718,23,635,15,298,-93,308,3,-16,25,700,8252,CD34+/CD38- OR GMP,HSC
4_C4,146529,86347,40280,31,1238,16,595,332,130,34,-40,25,714,8492,CD34+/CD38- OR GMP,HSC
4_C5,139158,86771,21786,-47,1082,32,342,141,132,14,5,23,517,8754,CD34+/CD38- OR GMP,HSC
4_C6,116196,87120,25329,133,1792,19,256,536,237,5,-7,37,790,9012,CD34+/CD38- OR GMP,HSC
4_C7,117187,84181,17652,-64,685,220,95,444,416,-5,-41,33,540,9533,CD34+/CD38- OR GMP,CD34+/CD38- OR GMP
4_C8,156234,87629,27881,152,2028,-49,2251,294,95,19,-91,52,2592,9811,CD34+/CD38- OR GMP,HSC
4_C9,138931,86724,30134,-15,1471,43,404,214,101,33,-22,10,808,10178,CD34+/CD38- OR GMP,HSC
4_C10,120967,86629,21167,-47,1155,30,48,891,477,18,-56,45,830,10644,CD34+/CD38- OR GMP,HSC
4_C11,135400,86586,24529,83,971,-2,771,90,302,19,-38,35,756,10919,CD34+/CD38- OR GMP,HSC
4_C12,156517,88142,28990,207,1697,2,2563,58,136,28,-72,40,1491,11204,CD34+/CD38- OR GMP,HSC
4_D1,142313,84194,26047,-124,1585,-36,257,337,355,19,-37,40,532,14984,CD34+/CD38- OR GMP,HSC
4_D2,172510,89024,21799,-175,745,28,145,561,217,12,-32,45,448,14576,CD34+/CD38- OR GMP,HSC
4_D3,150195,98703,34344,178,1285,506,179,226,1141,19,-40,50,1040,14243,CD34+/CD38- OR GMP,CD34+/CD38- OR GMP
4_D4,165829,87565,29400,243,970,100,557,50,443,32,-37,31,952,14005,CD34+/CD38- OR GMP,HSC
4_D5,157592,89854,15607,6,1283,102,69,282,419,40,-24,20,765,13558,CD34+/CD38- OR GMP,HSC
4_D6,162528,88076,26402,-31,982,37,746,139,489,1,-21,12,887,13247,CD34+/CD38- OR GMP,HSC
4_D7,189846,93760,37049,61,528,222,-30,183,994,2,-14,32,292,12867,CD34+/CD38- OR GMP,CD34+/CD38- OR GMP
4_D8,155627,88972,31272,-76,1433,10,457,280,270,-15,-15,39,578,12580,CD34+/CD38- OR GMP,HSC
4_D9,142251,86172,15589,113,1427,269,22,-59,469,14,-32,30,1231,12329,CD34+/CD38- OR GMP,CD34+/CD38- OR GMP
4_D10,142240,85178,18735,45,629,-3,731,165,368,-9,-23,29,864,12005,CD34+/CD38- OR GMP,HSC
4_D11,143070,86909,29284,-2,697,61,101,290,423,24,-23,30,747,11774,CD34+/CD38- OR GMP,HSC
4_D12,109407,84275,20108,-114,1238,275,321,297,173,36,-2,26,541,11522,CD34+/CD38- OR GMP,CD34+/CD38- OR GMP
4_E1,126841,86461,25314,107,530,10,296,195,363,40,-12,10,732,15663,CD34+/CD38- OR GMP,HSC
4_E2,145803,88181,15728,-114,887,21,685,520,385,26,-33,6,361,16104,CD34+/CD38- OR GMP,HSC
4_E3,169195,100782,54741,176,1968,212,26,271,1020,47,-62,92,990,16405,CD34+/CD38- OR GMP,CD34+/CD38- OR GMP
4_E4,156602,86510,15234,-60,1238,3,389,104,368,-29,-28,5,558,16666,CD34+/CD38- OR GMP,HSC
4_E5,158082,87920,30294,27,721,-12,1882,278,239,35,-43,92,1238,17113,CD34+/CD38- OR GMP,HSC
4_E6,130992,83246,20226,60,1595,14,375,148,390,2,-55,24,656,17372,CD34+/CD38- OR GMP,HSC
4_E7,151023,89376,22970,-28,497,3,1551,342,183,37,-44,39,703,17749,CD34+/CD38- OR GMP,HSC
4_E8,173993,91961,45784,391,834,-1,2564,211,511,46,-104,102,2394,17995,CD34+/CD38- OR GMP,HSC
4_E9,177092,94332,38288,19,1031,678,7,286,491,-7,-67,33,1173,18300,CD34+/CD38- OR GMP,CD34+/CD38- OR GMP
4_E10,185963,101388,21516,237,1013,229,-74,345,2535,35,-73,93,1856,18526,CD34+/CD38- OR GMP,CD34+/CD38- OR GMP
4_E11,129035,85783,20783,262,1066,36,2980,252,235,19,-93,60,2630,18817,CD34+/CD38- OR GMP,HSC
4_E12,132567,85233,20988,34,569,36,569,347,374,11,-21,51,823,19143,CD34+/CD38- OR GMP,HSC
4_F1,144960,88143,28458,-15,893,3,1351,331,337,47,-36,53,1096,22669,CD34+/CD38- OR GMP,HSC
4_F2,134203,86813,15419,58,1497,123,41,95,329,29,-47,42,454,22332,CD34+/CD38- OR GMP,CD34+/CD38- OR GMP
4_F3,152214,85601,28590,-94,389,16,550,441,423,18,-32,32,881,22060,CD34+/CD38- OR GMP,HSC
4_F4,113390,85245,12454,65,892,2,2978,315,282,2,-52,26,872,21824,CD34+/CD38- OR GMP,HSC
4_F5,116885,84646,13631,-10,630,7,312,2,471,14,-10,21,588,21393,CD34+/CD38- OR GMP,HSC
4_F6,153210,87364,22246,-42,343,10,987,528,433,-8,-34,27,901,21156,CD34+/CD38- OR GMP,HSC
4_F7,108130,87582,21636,106,1027,363,-20,71,319,36,66,32,960,20957,CD34+/CD38- OR GMP,CD34+/CD38- OR GMP
4_F8,132854,91061,20238,131,618,141,2259,425,474,-7,-48,40,1318,20746,CD34+/CD38- OR GMP,CD34+/CD38- OR GMP
4_F9,145145,89946,25407,-53,991,282,-47,622,787,17,-27,39,430,20537,CD34+/CD38- OR GMP,CD34+/CD38- OR GMP
4_F10,150718,87466,21511,15,590,-10,150,168,191,0,-34,40,588,20320,CD34+/CD38- OR GMP,HSC
4_F11,172250,89553,37808,-152,1226,84,531,404,279,4,-51,52,916,19852,CD34+/CD38- OR GMP,HSC
4_F12,172122,89530,26877,-138,737,-10,2861,602,358,35,-13,30,1083,19488,CD34+/CD38- OR GMP,HSC
4_G1,154169,87021,39090,-130,1050,-10,959,208,428,7,-28,36,671,22926,CD34+/CD38- OR GMP,HSC
4_G2,189118,95795,31718,-53,676,3,882,276,261,20,-41,7,1231,23240,CD34+/CD38- OR GMP,HSC
4_G3,151814,88104,20807,274,970,383,50,-53,2016,18,-17,33,503,23499,CD34+/CD38- OR GMP,CD34+/CD38- OR GMP
4_G4,128431,84604,46134,-67,953,-18,771,162,343,6,-68,35,887,23717,CD34+/CD38- OR GMP,HSC
4_G5,157478,87224,23264,35,859,37,318,542,387,-4,2,49,668,24023,CD34+/CD38- OR GMP,HSC
4_G6,132041,85820,22832,36,655,5,1054,524,335,6,-35,28,1132,24257,CD34+/CD38- OR GMP,HSC
4_G7,149289,90201,40198,-4,1572,252,1,293,5,0,6,21,509,24658,CD34+/CD38- OR GMP,CD34+/CD38- OR GMP
4_G8,181851,104330,41336,61,1040,197,64,37,1861,28,-50,42,766,24992,CD34+/CD38- OR GMP,CD34+/CD38- OR GMP
4_G9,138943,84882,15397,85,423,24,354,47,483,19,-12,29,694,25253,CD34+/CD38- OR GMP,HSC
4_G10,135352,87687,9067,13,843,468,-24,111,191,26,-6,3,528,25449,CD34+/CD38- OR GMP,CD34+/CD38- OR GMP
4_G11,142362,89124,25368,154,986,38,2190,121,452,20,-60,42,1683,25676,CD34+/CD38- OR GMP,HSC
4_G12,170341,91873,41031,-130,1478,-8,372,292,248,14,-10,39,695,25997,CD34+/CD38- OR GMP,HSC
4_H1,148155,95632,64957,113,904,392,-62,219,1229,-2,-29,64,487,29621,CD34+/CD38- OR GMP,CD34+/CD38- OR GMP
4_H2,151331,88837,27592,-8,1083,274,52,70,474,29,5,-3,594,29374,CD34+/CD38- OR GMP,CD34+/CD38- OR GMP
4_H3,151936,86822,20011,24,408,14,33,344,319,8,-42,40,637,29113,CD34+/CD38- OR GMP,HSC
4_H4,185051,105319,19466,24,1202,9,281,165,412,-15,-9,16,614,28611,CD34+/CD38- OR GMP,HSC
4_H5,164343,87905,22469,22,1298,34,288,368,449,19,-37,22,739,28219,CD34+/CD38- OR GMP,HSC
4_H6,164350,90913,21011,49,954,454,-12,186,1087,-6,-32,17,466,27783,CD34+/CD38- OR GMP,CD34+/CD38- OR GMP
4_H7,135979,88188,36681,308,1685,89,10284,100,177,10,-63,81,2132,27471,CD34+/CD38- OR GMP,HSC
4_H8,144050,91231,33132,106,1137,477,-4,132,1561,24,-4,97,704,27254,CD34+/CD38- OR GMP,CD34+/CD38- OR GMP
4_H9,140585,91780,30274,-44,915,135,69,135,259,-7,-33,79,728,26974,CD34+/CD38- OR GMP,CD34+/CD38- OR GMP
4_H10,180006,94737,45019,133,2033,1201,-79,183,1108,20,-77,262,1108,26745,CD34+/CD38- OR GMP,CD34+/CD38- OR GMP
4_H11,149726,91136,32727,41,1438,5,126,-4,131,60,-6,20,563,26450,CD34+/CD38- OR GMP,HSC
4_H12,159387,87462,24705,178,387,73,1375,-149,498,47,-28,32,1090,26215,CD34+/CD38- OR GMP,HSC
5_A1,133062,83104,21863,35,504,54,11,85,322,25,-27,19,299,609,CD34+/CD38- OR GMP,HSC
5_A2,122686,84342,34693,9,425,35,-11,-38,419,59,-30,6,626,858,CD34+/CD38- OR GMP,HSC
5_A3,188692,95774,31147,138,588,223,18,66,1126,18,-38,58,397,1196,CD34+/CD38- OR GMP,CD34+/CD38- OR GMP
5_A4,103893,84361,15616,-77,1305,-8,26,171,401,20,-31,27,679,1534,CD34+/CD38- OR GMP,HSC
5_A5,131638,86188,18993,12,776,389,33,103,102,19,3,40,352,1811,CD34+/CD38- OR GMP,CD34+/CD38- OR GMP
5_A6,128281,86203,26358,-23,1409,33,4363,924,222,3,-125,63,3048,2058,CD34+/CD38- OR GMP,HSC
5_A7,172477,90024,25365,331,1045,387,733,13,482,-11,-18,50,862,2490,CD34+/CD38- OR GMP,CD34+/CD38- OR GMP
5_A8,130582,86472,20628,69,830,36,135,134,241,40,-22,11,540,2884,CD34+/CD38- OR GMP,HSC
5_A9,159597,88451,21442,-78,1178,10,85,412,234,23,-36,25,771,3304,CD34+/CD38- OR GMP,HSC
5_A10,176764,96273,46650,170,1663,442,-55,46,902,-23,-45,28,632,3637,CD34+/CD38- OR GMP,CD34+/CD38- OR GMP
5_A11,163036,90104,32106,54,1343,-27,800,139,236,30,-26,31,896,4026,CD34+/CD38- OR GMP,HSC
5_A12,130133,83731,16017,-79,430,-32,62,254,35,-1,-24,42,745,4304,CD34+/CD38- OR GMP,HSC
5_B1,170524,90371,28175,126,556,242,37,89,711,6,-49,26,567,8456,CD34+/CD38- OR GMP,CD34+/CD38- OR GMP
5_B2,155849,88673,19466,-14,1126,74,1052,120,415,53,-66,46,1012,8093,CD34+/CD38- OR GMP,HSC
5_B3,137500,86224,15470,19,1481,370,330,-39,300,23,-32,46,374,7678,CD34+/CD38- OR GMP,CD34+/CD38- OR GMP
5_B4,146581,92787,22120,42,1244,11,233,77,196,12,-27,22,826,7401,CD34+/CD38- OR GMP,HSC
5_B5,108040,81653,15465,-38,971,-56,1771,615,299,-18,-18,27,653,6882,CD34+/CD38- OR GMP,HSC
5_B6,114232,93072,27154,108,1024,526,11,211,1373,25,-9,36,596,6531,CD34+/CD38- OR GMP,CD34+/CD38- OR GMP
5_B7,121098,84634,14608,95,1046,96,409,85,347,42,-50,30,476,6101,CD34+/CD38- OR GMP,HSC
5_B8,106052,84828,21491,99,991,473,48,34,-33,40,-35,23,586,5851,CD34+/CD38- OR GMP,CD34+/CD38- OR GMP
5_B9,135341,87072,18370,-111,864,331,50,310,76,12,-16,41,954,5633,CD34+/CD38- OR GMP,CD34+/CD38- OR GMP
5_B10,147108,87086,19982,9,813,33,308,266,423,19,-67,43,1969,5337,CD34+/CD38- OR GMP,HSC
5_B11,207236,109335,50781,355,1414,220,398,70,1069,36,67,66,1635,4939,CD34+/CD38- OR GMP,CD34+/CD38- OR GMP
5_B12,108966,90580,44689,64,1468,629,96,74,-49,-3,-26,27,667,4688,CD34+/CD38- OR GMP,CD34+/CD38- OR GMP
5_C1,138578,87565,19818,172,412,276,73,221,306,11,-24,26,378,8689,CD34+/CD38- OR GMP,CD34+/CD38- OR GMP
5_C2,123780,89215,22543,174,1282,-104,92,1164,350,28,-57,28,916,8888,CD34+/CD38- OR GMP,HSC
5_C3,162023,89491,30149,254,1661,253,261,304,420,22,-64,61,926,9135,CD34+/CD38- OR GMP,CD34+/CD38- OR GMP
5_C4,161241,90873,23230,38,939,22,66,263,334,24,-7,33,386,9616,CD34+/CD38- OR GMP,HSC
5_C5,161870,92917,46729,-130,1046,19,728,192,300,48,-70,36,976,9881,CD34+/CD38- OR GMP,HSC
5_C6,141632,86386,19187,73,664,29,80,214,378,47,-20,38,518,10110,CD34+/CD38- OR GMP,HSC
5_C7,180761,95141,27320,130,791,24,132,103,207,8,-52,32,686,10396,CD34+/CD38- OR GMP,HSC
5_C8,107151,81115,20245,98,1100,501,6,-91,226,16,181,39,657,10688,CD34+/CD38- OR GMP,CD34+/CD38- OR GMP
5_C9,142582,88441,29816,-113,1094,39,816,714,430,35,-5,21,1066,10918,CD34+/CD38- OR GMP,HSC
5_C10,132624,86382,33154,221,1192,-16,1452,365,485,8,-39,56,1058,11251,CD34+/CD38- OR GMP,HSC
5_C11,173964,90324,35641,47,1113,25,96,-29,362,13,-60,78,1156,11499,CD34+/CD38- OR GMP,HSC
5_C12,155827,86968,22144,89,953,45,2388,7,228,-13,-44,46,844,11706,CD34+/CD38- OR GMP,HSC
5_D1,117723,83764,19705,-159,848,-10,139,275,379,8,-17,34,461,15385,CD34+/CD38- OR GMP,HSC
5_D2,154101,91096,20432,443,947,322,-28,334,2401,-11,-100,51,1290,15136,CD34+/CD38- OR GMP,CD34+/CD38- OR GMP
5_D3,151155,86593,29249,-18,1139,15,621,330,204,23,-51,35,441,14583,CD34+/CD38- OR GMP,HSC
5_D4,149638,91341,28705,17,1427,46,329,299,216,2,-35,63,772,14316,CD34+/CD38- OR GMP,HSC
5_D5,123004,83809,13005,20,593,148,92,52,219,-6,-38,33,648,13900,CD34+/CD38- OR GMP,CD34+/CD38- OR GMP
5_D6,148986,89467,19544,-22,1125,59,133,23,468,43,-53,27,704,13657,CD34+/CD38- OR GMP,HSC
5_D7,178669,91113,27034,53,925,3,1832,54,330,13,-66,37,1204,13324,CD34+/CD38- OR GMP,HSC
5_D8,135054,86493,35814,-11,576,16,6170,357,104,-9,-37,41,764,13077,CD34+/CD38- OR GMP,HSC
5_D9,141718,84981,35466,444,1110,-1,382,275,445,8,-66,95,2176,12869,CD34+/CD38- OR GMP,HSC
5_D10,162088,88416,28756,221,1749,330,144,116,310,26,27,41,726,12611,CD34+/CD38- OR GMP,CD34+/CD38- OR GMP
5_D11,134171,84189,18194,-120,498,-10,401,337,471,25,-17,13,601,12392,CD34+/CD38- OR GMP,HSC
5_D12,149007,85679,22650,68,952,-8,1250,350,435,1,-23,28,876,12057,CD34+/CD38- OR GMP,HSC
5_E1,169135,89300,26924,191,873,218,202,198,672,0,-45,46,1138,15669,CD34+/CD38- OR GMP,CD34+/CD38- OR GMP
5_E2,183648,96281,50608,15,339,5,2286,386,245,26,-9,43,862,16162,CD34+/CD38- OR GMP,HSC
5_E3,131704,86480,29479,211,1127,74,640,176,335,17,-38,42,974,16597,CD34+/CD38- OR GMP,HSC
5_E4,173395,89774,46484,122,1338,18,3178,176,157,8,-69,44,1474,16848,CD34+/CD38- OR GMP,HSC
5_E5,120748,84582,42420,-12,855,2,1093,192,466,36,-5,16,691,17099,CD34+/CD38- OR GMP,HSC
5_E6,146750,87198,29158,35,669,7,1430,81,373,-20,5,32,417,17495,CD34+/CD38- OR GMP,HSC
5_E7,164291,90383,34817,-197,2025,-19,1084,1069,76,35,-93,153,2588,17709,CD34+/CD38- OR GMP,HSC
5_E8,167202,92990,19219,-95,817,20,244,483,281,40,-70,108,1304,17919,CD34+/CD38- OR GMP,HSC
5_E9,163069,92950,51051,202,542,30,948,1113,360,24,-6,69,867,18390,CD34+/CD38- OR GMP,HSC
5_E10,175827,90932,30479,34,966,-21,4689,390,363,22,-71,53,977,18701,CD34+/CD38- OR GMP,HSC
5_E11,107182,85460,20794,29,1546,2,59,157,104,-13,-29,26,546,19109,CD34+/CD38- OR GMP,HSC
5_E12,124823,85264,14860,18,1869,152,66,321,350,4,-27,16,578,19524,CD34+/CD38- OR GMP,CD34+/CD38- OR GMP
5_F1,122097,89995,19647,-175,872,-17,985,580,486,-2,-46,51,779,22833,CD34+/CD38- OR GMP,HSC
5_F2,157234,88246,19369,-152,570,-6,140,376,54,-5,-17,17,405,22583,CD34+/CD38- OR GMP,HSC
5_F3,159792,92296,50225,-37,1435,108,9441,846,451,17,-123,102,2684,22348,CD34+/CD38- OR GMP,HSC
5_F4,160226,97963,17459,329,1766,189,94,188,127,9,-84,48,1995,22038,CD34+/CD38- OR GMP,CD34+/CD38- OR GMP
5_F5,111326,85474,21844,-54,724,327,97,422,1096,9,6,47,821,21800,CD34+/CD38- OR GMP,CD34+/CD38- OR GMP
5_F6,163830,90119,32545,43,808,199,18,236,983,30,-14,19,474,21487,CD34+/CD38- OR GMP,CD34+/CD38- OR GMP
5_F7,142834,86111,19906,171,770,-10,685,825,494,26,-62,33,1723,21214,CD34+/CD38- OR GMP,HSC
5_F8,181011,92367,34492,232,1349,-24,468,160,437,17,-58,16,665,20927,CD34+/CD38- OR GMP,HSC
5_F9,168148,97311,45081,13,673,214,136,356,1000,-1,-39,118,418,20599,CD34+/CD38- OR GMP,CD34+/CD38- OR GMP
5_F10,130978,85816,27060,18,972,33,1058,270,459,38,-25,17,848,20257,CD34+/CD38- OR GMP,HSC
5_F11,155072,88585,33568,108,578,325,54,520,670,47,-30,31,817,19987,CD34+/CD38- OR GMP,CD34+/CD38- OR GMP
5_F12,160607,91385,44114,196,1912,33,865,123,366,17,-58,58,1042,19772,CD34+/CD38- OR GMP,HSC
5_G1,131546,87556,20476,89,1573,413,79,-63,137,12,-18,15,719,23253,CD34+/CD38- OR GMP,CD34+/CD38- OR GMP
5_G2,135942,88569,51834,24,349,0,425,319,375,15,-43,24,1374,23657,CD34+/CD38- OR GMP,HSC
5_G3,149155,84484,21433,289,1958,192,403,-106,219,35,-36,26,465,23909,CD34+/CD38- OR GMP,CD34+/CD38- OR GMP
5_G4,124953,85470,22943,40,1235,-26,184,213,397,21,-42,25,558,24142,CD34+/CD38- OR GMP,HSC
5_G5,151038,88504,31133,97,849,40,1016,279,52,20,-62,97,1523,24393,CD34+/CD38- OR GMP,HSC
5_G6,177982,95988,10500,117,728,283,23,12,1817,16,24,29,446,24690,CD34+/CD38- OR GMP,CD34+/CD38- OR GMP
5_G7,166891,95427,50756,-107,2522,66,81,138,183,-2,-45,50,738,25003,CD34+/CD38- OR GMP,HSC
5_G8,143356,86492,22962,78,861,91,-1,328,261,-5,-45,49,868,25268,CD34+/CD38- OR GMP,HSC
5_G9,141666,84094,28217,-80,494,17,265,451,493,9,-26,32,538,25571,CD34+/CD38- OR GMP,HSC
5_G10,152066,91083,31047,281,564,127,745,17,325,-10,-21,68,841,25809,CD34+/CD38- OR GMP,CD34+/CD38- OR GMP
5_G11,132708,86869,23029,56,1514,452,934,111,43,5,-32,34,572,26189,CD34+/CD38- OR GMP,CD34+/CD38- OR GMP
5_G12,164569,97213,74421,24,1798,145,202,116,213,43,-19,52,649,26518,CD34+/CD38- OR GMP,CD34+/CD38- OR GMP
5_H1,153185,89796,20475,11,428,-17,1148,489,269,-19,-2,31,684,30531,CD34+/CD38- OR GMP,HSC
5_H2,156637,88307,31393,57,844,102,381,443,384,4,-29,37,814,30221,CD34+/CD38- OR GMP,HSC
5_H3,131241,85411,22905,-34,1114,305,99,323,3,53,-57,44,391,29393,CD34+/CD38- OR GMP,CD34+/CD38- OR GMP
5_H4,165462,95340,41284,6,1025,26,209,96,287,39,-55,48,756,29171,CD34+/CD38- OR GMP,HSC
5_H5,148790,86832,24254,-2,1136,223,181,-8,208,18,11,37,444,28853,CD34+/CD38- OR GMP,CD34+/CD38- OR GMP
5_H6,179778,91017,44478,-14,958,21,533,260,296,40,-24,24,889,28560,CD34+/CD38- OR GMP,HSC
5_H7,158113,87533,16178,47,2208,260,251,356,138,-9,-63,32,529,28338,CD34+/CD38- OR GMP,CD34+/CD38- OR GMP
5_H8,176262,90601,26472,90,390,-28,1118,113,422,17,-19,43,869,28122,CD34+/CD38- OR GMP,HSC
5_H9,130289,88393,26544,-32,998,517,45,338,196,16,-28,25,414,27721,CD34+/CD38- OR GMP,CD34+/CD38- OR GMP
5_H10,187786,93737,38348,9,1236,10,43,55,380,44,-41,26,839,27419,CD34+/CD38- OR GMP,HSC
5_H11,159881,94479,30380,-196,980,73,-35,422,486,24,-41,21,925,27147,CD34+/CD38- OR GMP,HSC
5_H12,128495,86283,37170,-65,1437,33,1985,396,229,10,-34,29,1188,26818,CD34+/CD38- OR GMP,HSC
6_A1,159130,92910,34350,50,799,98,266,189,172,4,-27,15,642,1635,HSC,HSC
6_A2,158694,89470,43002,-85,1318,-2,374,394,80,18,-17,51,895,1882,HSC,HSC
6_A3,143241,91068,42361,39,769,30,1039,214,355,53,-45,66,998,2521,HSC,HSC
6_A4,147394,86743,43831,-3,473,4,739,296,238,3,-7,27,527,3262,HSC,HSC
6_A5,179803,93455,31675,-77,1284,22,849,415,428,-24,-42,37,761,3869,HSC,HSC
6_A6,149373,88122,23554,287,877,27,1085,6,172,27,-38,45,745,5371,HSC,HSC
6_A7,116206,87305,43056,-158,692,32,3478,465,315,23,-35,68,681,5720,HSC,HSC
6_A8,137948,84883,19515,18,675,-15,94,205,492,12,-27,27,797,10233,HSC,HSC
6_A9,118637,88945,45010,101,954,6,57,187,460,1,-68,115,695,10666,HSC,HSC
6_A10,145549,86541,25937,42,1276,-44,841,457,145,37,-14,25,846,11047,HSC,HSC
6_A11,162975,91348,20157,15,462,52,140,173,419,-10,-17,38,666,11303,HSC,HSC
6_A12,192521,93786,45731,-109,1280,31,602,253,206,12,-50,67,1057,12182,HSC,HSC
6_B1,159309,90762,46707,116,1351,33,539,73,105,12,-47,35,939,18238,HSC,HSC
6_B2,170452,92276,54019,-28,1831,-35,1817,457,336,61,-37,46,806,17659,HSC,HSC
6_B3,183293,91042,50321,109,745,-5,3818,498,371,5,-34,50,769,17180,HSC,HSC
6_B4,158784,88802,35233,122,387,42,132,68,346,39,0,28,463,16851,HSC,HSC
6_B5,138662,87826,41140,97,417,6,580,149,491,23,-53,57,788,16583,HSC,HSC
6_B6,154231,98338,53275,-94,686,37,482,163,246,19,13,21,714,16081,HSC,HSC
6_B7,119078,85170,19532,-37,797,80,142,180,493,21,-17,19,746,15676,HSC,HSC
6_B8,146630,88217,31316,70,696,1,997,22,322,-6,-31,34,951,15374,HSC,HSC
6_B9,169867,89813,38985,-136,1842,23,1102,509,189,23,-66,46,1177,14707,HSC,HSC
6_B10,190357,94124,46774,-90,852,-40,329,382,335,5,-6,42,728,14313,HSC,HSC
6_B11,131307,83780,26440,-12,930,15,9,123,421,53,-28,29,407,13444,HSC,HSC
6_B12,126924,86044,22956,75,1321,26,676,-90,71,15,-37,42,711,12814,HSC,HSC
6_C1,131625,90004,56409,-91,1525,40,1473,370,-34,53,-29,62,776,18772,HSC,HSC
6_C2,177085,91621,36018,-111,1680,-17,454,202,32,36,-33,27,824,19238,HSC,HSC
6_C3,157051,87090,27402,-65,461,17,8384,391,142,17,-25,25,867,19884,HSC,HSC
6_C4,171767,88594,23869,117,782,-25,130,196,380,-7,-34,15,756,20377,HSC,HSC
6_C5,173319,92810,30714,61,334,40,418,366,245,37,-20,59,857,21412,HSC,HSC
6_C6,160621,88246,46754,96,1047,-69,1472,199,270,-1,-40,53,1074,21627,HSC,HSC
6_C7,142664,85573,28449,30,764,-13,772,-1,480,-7,-26,46,511,21991,HSC,HSC
6_C8,127803,85923,28667,122,637,26,185,2,378,1,-40,56,444,22348,HSC,HSC
6_C9,148436,90759,23371,-146,607,102,235,475,315,8,-2,15,424,22710,HSC,HSC
6_C10,175437,90462,35479,-125,1148,75,477,329,209,0,-27,22,1238,23215,HSC,HSC
6_C11,145949,92157,47722,-152,1373,7,237,456,303,32,-38,35,664,27511,HSC,HSC
6_C12,115603,84114,20685,214,916,-21,200,91,470,23,-53,42,978,27912,HSC,HSC
6_D1,128946,89086,53925,109,362,73,396,18,232,4,6,36,625,32360,HSC,HSC
6_D2,152321,91088,76024,68,711,6,2256,272,427,10,-43,37,1235,32107,HSC,HSC
6_D3,141041,90934,53441,92,1374,16,1063,208,510,41,-36,47,1435,31650,HSC,HSC
6_D4,156631,92193,59043,-129,1127,50,348,369,257,-5,-46,32,884,31168,HSC,HSC
6_D5,130540,85937,32227,20,623,101,19,169,502,34,-26,49,300,30723,HSC,HSC
6_D6,192268,105001,36827,62,808,-4,1392,176,231,57,-37,64,1236,30394,HSC,HSC
6_D7,151360,86296,26099,154,561,29,16,175,218,25,-24,25,837,30063,HSC,HSC
6_D8,130922,86223,27413,38,414,12,425,6,508,35,-20,28,606,29589,HSC,HSC
6_D9,132695,86606,31140,151,703,-38,479,-90,238,17,-26,39,820,29209,HSC,HSC
6_D10,154362,86787,22516,80,1703,29,201,177,429,45,-8,-8,503,28951,HSC,HSC
6_D11,168941,89842,37789,8,658,96,959,-55,461,26,14,21,414,28585,HSC,HSC
6_D12,151152,90354,26381,82,1731,12,622,100,371,33,-84,38,1067,28290,HSC,HSC
6_E1,160839,88368,25724,24,805,20,530,238,508,10,-20,22,1045,32748,HSC,HSC
6_E2,168827,103528,87063,1,1656,15,3735,246,-55,30,-73,106,2734,33001,HSC,HSC
6_E3,128075,86568,14977,-32,789,47,433,364,489,12,-30,45,895,33261,HSC,HSC
6_E4,142734,91580,18037,99,637,32,156,300,421,18,-27,36,728,33570,HSC,HSC
6_E5,153059,90902,31303,80,844,36,586,268,377,13,-26,13,845,33808,HSC,HSC
6_E6,141887,86472,35809,-17,563,-34,1323,383,484,16,-36,27,948,34091,HSC,HSC
6_E7,170762,88802,38256,88,1829,77,1466,540,242,57,-30,28,846,34670,HSC,HSC
6_E8,151832,90487,31960,-70,1394,-7,1967,485,200,49,-19,27,772,35006,HSC,HSC
6_E9,142681,89736,30731,35,689,48,57,36,467,26,-37,52,582,35283,HSC,HSC
6_E10,157047,87456,22824,127,582,-5,39,111,436,35,-30,13,887,35627,HSC,HSC
6_E11,160243,88993,37722,80,675,54,573,494,418,-22,-31,24,565,35936,HSC,HSC
6_E12,147844,89605,32543,48,758,-12,537,37,263,-4,-16,19,745,36288,HSC,HSC
6_F1,134638,84577,30347,-185,1465,44,22,386,242,35,-22,35,784,41541,HSC,HSC
6_F2,136024,86008,22269,22,512,15,201,125,366,18,-28,23,607,41225,HSC,HSC
6_F3,151680,92499,53879,76,563,9,272,96,504,3,-17,37,831,40589,HSC,HSC
6_F4,155752,90280,42793,-33,2052,-28,1271,502,198,-2,-50,19,985,40291,HSC,HSC
6_F5,150584,83990,52057,-43,1835,63,1321,608,336,20,-54,43,980,39848,HSC,HSC
6_F6,157933,88731,28542,52,838,41,605,196,126,7,-13,24,991,39523,HSC,HSC
6_F7,152229,88749,31642,79,1096,40,1493,206,371,34,-28,-10,821,39066,HSC,HSC
6_F8,166074,88184,54629,150,1813,41,4944,1142,366,12,-37,32,2380,38806,HSC,HSC
6_F9,119915,83557,22147,-72,1458,11,452,287,102,26,-36,43,758,38365,HSC,HSC
6_F10,148976,86051,25190,104,899,87,395,48,354,24,-19,37,614,38022,HSC,HSC
6_F11,137153,88096,26673,-7,436,42,247,107,154,23,-23,27,536,37547,HSC,HSC
6_F12,146868,87191,40467,27,807,22,166,111,328,5,-26,38,550,36801,HSC,HSC
6_G1,169126,88549,22770,87,1544,-19,1354,222,74,25,-54,43,1438,41828,HSC,HSC
6_G2,140058,86259,18247,63,345,80,112,13,464,-4,-30,18,986,42184,HSC,HSC
6_G3,143125,87909,47537,107,538,7,325,-67,412,24,-36,33,895,42592,HSC,HSC
6_G4,160952,88124,29149,72,1300,21,688,285,467,25,-75,49,1366,43271,HSC,HSC
6_G5,120835,84898,28132,-11,985,30,1311,146,511,-3,-37,37,828,43514,HSC,HSC
6_G6,143144,92316,45152,-93,853,-5,881,290,489,21,-41,109,1257,43783,HSC,HSC
6_G7,132194,85413,23169,23,875,23,240,0,393,8,-20,13,693,44209,HSC,HSC
6_G8,140223,85921,23261,-24,426,33,808,229,368,16,-25,49,462,44471,HSC,HSC
6_G9,141620,88521,40799,26,754,-25,338,292,325,-10,-16,53,498,44750,HSC,HSC
6_G10,164722,88512,32785,32,798,19,1346,453,416,42,-23,30,1179,45147,HSC,HSC
6_G11,116235,83170,31524,61,486,82,361,232,371,27,-33,31,581,45430,HSC,HSC
6_G12,154711,96342,82395,16,1427,8,3175,484,479,23,-53,72,2321,45852,HSC,HSC
6_H1,184294,92645,35624,249,554,59,941,-65,453,7,-19,24,1392,49345,HSC,HSC
6_H2,167115,89544,36261,157,1705,8,4403,208,369,17,-58,45,880,49050,HSC,HSC
6_H3,170837,88872,31056,-62,696,0,612,199,503,25,-25,29,833,48751,HSC,HSC
6_H4,159906,87656,25310,-21,1241,12,748,63,227,53,-45,30,869,48548,HSC,HSC
6_H5,146375,86617,24701,-74,1375,-11,167,107,176,-10,-22,27,762,48173,HSC,HSC
6_H6,172194,90915,39090,-28,921,40,917,521,283,54,-5,4,1286,47900,HSC,HSC
6_H7,158739,86318,32335,-10,375,33,189,126,363,38,-31,36,864,47691,HSC,HSC
6_H8,140282,85235,25569,-7,482,4,121,-13,387,-16,-32,21,528,47407,HSC,HSC
6_H9,158231,95341,33353,-50,925,17,-11,567,286,-3,-39,40,1089,47159,HSC,HSC
6_H10,114421,85457,28297,148,575,-44,309,-94,368,7,-23,15,1024,46850,HSC,HSC
6_H11,175331,90274,31734,-81,1692,75,239,995,385,43,-57,42,1295,46472,HSC,HSC
6_H12,136398,89540,20988,141,1003,85,202,99,362,-2,-22,23,781,46230,HSC,HSC
7_A1,164176,88367,27725,116,850,21,934,-54,504,-4,-23,32,1044,1308,HSC,HSC
7_A2,125501,84751,21613,76,901,-51,412,93,401,2,0,14,692,1640,HSC,HSC
7_A3,126493,85888,23830,-31,585,35,715,198,499,20,-51,39,1188,1992,HSC,HSC
7_A4,129205,85001,24299,-23,1028,24,79,170,241,11,-33,31,624,2290,HSC,HSC
7_A5,152640,86906,28625,-15,899,6,1366,220,265,21,-20,22,688,2564,HSC,HSC
7_A6,149473,85749,21991,35,1318,-12,341,104,429,16,-33,20,647,2766,HSC,HSC
7_A7,175967,90846,44073,-139,756,53,126,431,448,7,-34,119,456,3031,HSC,HSC
7_A8,187288,91308,35823,-92,811,16,-48,558,419,38,6,35,720,3276,HSC,HSC
7_A9,115979,84322,28834,-102,1350,5,698,445,137,43,-33,35,583,3651,HSC,HSC
7_A10,173810,90653,27494,-73,698,76,1248,389,213,3,-32,24,987,3892,HSC,HSC
7_A11,145905,86096,34913,49,643,-3,35,48,137,29,-14,54,722,4355,HSC,HSC
7_A12,165261,88073,23044,-10,1219,69,246,207,412,-2,-31,32,868,4598,HSC,HSC
7_B1,149284,91062,48710,248,1061,38,358,-38,261,0,-56,58,554,8329,HSC,HSC
7_B2,146421,84098,21347,-21,673,-10,227,346,403,11,-21,4,630,7898,HSC,HSC
7_B3,117883,84637,21358,-109,956,23,712,173,201,1,-34,27,724,7496,HSC,HSC
7_B4,138446,87895,29537,352,2026,-61,2103,156,475,-4,-84,37,1283,7151,HSC,HSC
7_B5,178292,95207,55601,10,690,32,1124,511,464,-19,-44,86,784,6940,HSC,HSC
7_B6,169881,90215,33029,119,541,2,-10,245,500,31,-20,25,655,6687,HSC,HSC
7_B7,180225,91925,37243,402,1950,80,1976,271,365,-6,-104,106,2849,6473,HSC,HSC
7_B8,166774,91238,41551,188,1006,2,529,183,440,48,-25,39,814,6173,HSC,HSC
7_B9,169476,92039,43371,-23,665,23,0,337,480,1,-32,54,525,5907,HSC,HSC
7_B10,167446,88885,32752,-100,1064,17,2843,702,459,3,-44,40,1261,5577,HSC,HSC
7_B11,149996,86546,34966,-19,545,33,1529,297,138,43,-5,44,791,5335,HSC,HSC
7_B12,173812,90735,36589,131,1041,46,1217,415,249,14,-77,37,799,4893,HSC,HSC
7_C1,147916,87484,37057,275,585,-25,808,154,442,10,-62,49,1493,9320,HSC,HSC
7_C2,143535,86655,20462,0,788,5,144,-27,428,39,-7,16,359,9654,HSC,HSC
7_C3,153473,87208,29800,-29,1001,20,-18,278,321,-1,-11,-6,525,10220,HSC,HSC
7_C4,160621,85929,27267,43,529,92,314,642,292,54,-14,28,1002,10462,HSC,HSC
7_C5,157715,92827,31786,28,529,29,437,561,306,41,-24,23,822,10680,HSC,HSC
7_C6,132654,86442,16251,-13,577,21,912,560,237,31,-12,45,872,10919,HSC,HSC
7_C7,153319,86606,23435,-51,705,94,64,393,370,-12,-14,27,592,11156,HSC,HSC
7_C8,199114,97853,42949,132,1600,8,5199,228,335,34,-31,56,1045,11434,HSC,HSC
7_C9,151217,91161,34092,29,443,-1,1355,225,345,4,-35,63,581,12003,HSC,HSC
7_C10,159783,89897,28878,151,1340,33,3212,104,463,35,-76,39,1030,12378,HSC,HSC
7_C11,132469,86329,30679,16,1641,32,7128,735,413,21,-121,39,3966,12953,HSC,HSC
7_C12,133302,81457,16232,-21,811,-4,7,124,346,34,4,10,421,13353,HSC,HSC
7_D1,156728,88835,30224,-50,1068,28,361,280,360,0,16,32,369,17345,HSC,HSC
7_D2,128039,89318,30909,197,984,3,3317,-17,457,18,-58,29,1121,17079,HSC,HSC
7_D3,156552,87593,20281,36,725,-21,334,87,302,53,-16,35,535,16655,HSC,HSC
7_D4,150464,91810,30434,95,1338,-43,1003,389,370,1,14,35,580,16170,HSC,HSC
7_D5,149331,90050,27106,173,1653,12,284,55,126,3,-57,75,1654,15696,HSC,HSC
7_D6,139141,86062,25898,-8,1046,24,270,459,474,28,-27,23,773,15410,HSC,HSC
7_D7,107884,86232,34334,21,599,94,388,76,363,22,-1,42,525,15192,HSC,HSC
7_D8,129357,86576,28734,1,719,58,559,547,258,15,-19,47,906,14912,HSC,HSC
7_D9,132438,86279,26610,21,758,-2,1486,-27,123,2,-8,41,742,14565,HSC,HSC
7_D10,161058,98750,23879,-94,918,38,2636,386,469,-7,-47,32,1397,14266,HSC,HSC
7_D11,147885,96726,53245,167,825,92,-5,426,470,31,-8,83,485,13996,HSC,HSC
7_D12,160558,88851,17591,-4,1064,29,4160,444,253,-5,-59,37,1328,13746,HSC,HSC
7_E1,141325,86228,34861,-84,896,2,3185,432,398,10,-7,46,805,17683,HSC,HSC
7_E2,146434,86818,18276,-15,459,1,75,202,401,-3,-30,35,679,17910,HSC,HSC
7_E3,169424,97832,47090,26,452,13,930,441,311,10,-73,67,1316,18277,HSC,HSC
7_E4,159019,90911,51023,161,1773,16,1312,291,478,48,-61,41,2429,18497,HSC,HSC
7_E5,167392,90053,23967,229,546,-10,1365,374,233,-17,-33,71,814,18763,HSC,HSC
7_E6,137705,86065,24761,15,1379,4,421,585,143,12,-10,23,735,19040,HSC,HSC
7_E7,173804,90614,30906,86,1250,29,1436,227,299,29,-57,53,924,19328,HSC,HSC
7_E8,157542,89060,39974,59,568,-6,994,75,451,47,-23,37,680,19670,HSC,HSC
7_E9,168449,90395,29499,62,781,4,32,125,503,34,-21,40,623,20105,HSC,HSC
7_E10,161030,89113,34373,-51,1214,7,3245,739,142,14,-30,20,809,20589,HSC,HSC
7_E11,164370,88144,33253,76,695,-16,243,217,218,24,-13,16,734,20963,HSC,HSC
7_E12,128221,85846,18666,-44,505,17,6,516,311,-9,-35,37,366,21243,HSC,HSC
7_F1,168811,89721,22011,68,1013,-18,823,225,456,35,-8,45,653,24742,HSC,HSC
7_F2,175642,95453,27311,30,852,-6,1646,139,477,33,-20,30,827,24437,HSC,HSC
7_F3,158369,95166,60115,102,692,-10,362,96,315,25,-37,54,1435,24050,HSC,HSC
7_F4,150289,85436,25720,22,873,50,2112,173,28,38,-52,14,808,23689,HSC,HSC
7_F5,170059,91558,41670,118,776,63,-41,367,475,22,-7,4,567,23444,HSC,HSC
7_F6,125520,83373,24700,11,438,40,-14,120,348,16,-31,18,815,23134,HSC,HSC
7_F7,113094,82622,22039,37,521,-6,993,228,406,26,-33,18,554,22840,HSC,HSC
7_F8,139440,84855,20328,-141,975,-2,285,666,201,6,-6,33,756,22575,HSC,HSC
7_F9,150003,88838,26145,-86,1174,-8,311,67,482,-6,6,19,807,22310,HSC,HSC
7_F10,144934,87975,22904,-107,1704,-19,370,1007,-43,-9,-11,6,774,22023,HSC,HSC
7_F11,168197,91346,56299,-17,864,-8,125,53,149,41,-32,49,547,21765,HSC,HSC
7_F12,151754,87162,23380,-48,1509,10,6385,605,276,45,-85,95,3305,21468,HSC,HSC
7_G1,165824,90027,32455,-3,997,20,2001,436,446,18,-33,33,907,24972,HSC,HSC
7_G2,151226,90239,54166,106,593,48,173,89,412,-3,-11,72,767,25660,HSC,HSC
7_G3,150830,87751,27948,-11,647,-7,252,262,475,6,-7,7,586,25977,HSC,HSC
7_G4,189848,93530,36180,46,1053,101,206,230,369,-22,-21,47,968,26193,HSC,HSC
7_G5,165382,88116,19065,149,693,13,1490,641,248,32,-47,31,1162,26414,HSC,HSC
7_G6,126087,89043,28569,99,790,58,522,55,151,62,-43,67,786,26645,HSC,HSC
7_G7,173730,92184,43298,23,1037,16,384,51,242,-20,-18,56,570,27101,HSC,HSC
7_G8,134361,86351,25440,1,1001,-42,1539,517,416,55,-30,28,702,27424,HSC,HSC
7_G9,152434,87578,43264,-36,1197,22,804,581,99,28,-23,40,864,27645,HSC,HSC
7_G10,124306,86392,25990,-3,587,31,478,243,394,-4,-24,42,1139,27942,HSC,HSC
7_G11,133552,86013,18731,172,1093,41,254,206,434,13,-34,21,633,28242,HSC,HSC
7_G12,158602,89140,35898,-208,945,-17,418,275,383,34,-3,17,420,28540,HSC,HSC
7_H1,182263,93236,56730,6,1676,-6,2290,295,159,13,-41,44,1144,32786,HSC,HSC
7_H2,171394,91657,54152,-107,1269,0,243,574,482,34,-45,62,820,32536,HSC,HSC
7_H3,149302,85780,32919,24,856,-31,579,259,419,-14,-20,36,814,32079,HSC,HSC
7_H4,125726,84736,30006,-146,721,29,29,182,405,-7,-99,512,515,31703,HSC,HSC
7_H5,210003,104025,69399,181,1677,-5,1084,201,493,21,-17,297,1950,31364,HSC,HSC
7_H6,157847,90491,30923,144,394,80,235,44,469,15,4,30,543,31028,HSC,HSC
7_H7,170162,100782,29948,76,602,-18,434,48,465,36,-35,40,614,30573,HSC,HSC
7_H8,154788,89362,27589,-16,894,-8,129,138,352,-6,-88,42,1686,30222,HSC,HSC
7_H9,148732,85853,25013,-2,737,-12,186,8,419,19,-22,13,473,29897,HSC,HSC
7_H10,165154,88687,29677,-39,568,98,1146,305,248,-6,-55,54,1146,29677,HSC,HSC
7_H11,192336,98197,32245,156,689,35,1010,240,485,-12,-54,28,671,29268,HSC,HSC
7_H12,113703,90104,13025,-35,395,-11,560,675,394,4,-9,40,777,28986,HSC,HSC
8_A1,156324,90153,22249,8,743,24,1012,152,418,5,-33,20,919,775,HSC,HSC
8_A2,133582,91012,46408,-43,527,66,-8,468,461,7,-1,50,288,1033,HSC,HSC
8_A3,126267,85807,17882,116,1472,-15,774,280,391,19,-30,40,1825,1351,HSC,HSC
8_A4,174031,100098,72213,-70,985,14,637,503,493,28,-29,42,768,1611,HSC,HSC
8_A5,143463,87106,36267,33,846,16,483,1746,132,29,-12,28,895,1895,HSC,HSC
8_A6,166317,90214,30162,78,979,66,1741,367,479,28,-22,45,1474,2221,HSC,HSC
8_A7,168567,89327,26054,93,1012,3,62,73,492,-10,-23,39,561,2464,HSC,HSC
8_A8,150193,86072,33399,-79,797,11,204,290,179,20,-37,39,857,2761,HSC,HSC
8_A9,173377,89441,34866,-48,624,29,1241,590,481,24,-41,38,1157,2990,HSC,HSC
8_A10,146035,91620,30288,175,423,35,1512,134,376,37,-31,33,1020,3306,HSC,HSC
8_A11,146012,87833,21260,-20,702,14,213,149,355,0,-59,29,630,3609,HSC,HSC
8_A12,166401,88140,42750,21,894,-19,185,294,20,26,-13,35,889,3954,HSC,HSC
8_B1,183987,94086,25971,-17,922,19,5,228,388,-1,88,37,694,7726,HSC,HSC
8_B2,148567,85236,47192,138,909,-32,1084,-62,124,21,-30,70,814,7498,HSC,HSC
8_B3,157378,88979,24987,121,1124,102,273,1122,303,-18,-98,67,1886,7168,HSC,HSC
8_B4,146757,83910,41219,-21,906,-33,570,297,113,28,-31,26,669,6934,HSC,HSC
8_B5,143021,90206,44552,73,1418,67,20,127,273,35,-46,27,620,6545,HSC,HSC
8_B6,156594,89994,42066,-14,1147,64,7,0,60,33,-49,21,949,6240,HSC,HSC
8_B7,136784,88077,40726,366,744,47,405,318,271,46,-33,20,2058,5967,HSC,HSC
8_B8,152222,86000,33477,76,1167,-27,3259,321,42,1,-56,52,723,5626,HSC,HSC
8_B9,143753,88717,22986,-55,1150,40,442,272,378,24,-13,20,623,5390,HSC,HSC
8_B10,181056,91467,30043,-149,860,31,2977,442,188,74,1,44,698,5085,HSC,HSC
8_B11,165934,88084,34849,-118,481,51,740,613,137,26,-33,20,746,4663,HSC,HSC
8_B12,153148,95947,64264,345,926,18,2704,105,430,12,-47,118,1616,4237,HSC,HSC
8_C1,175247,90943,36712,95,567,3,4194,168,238,18,-36,29,838,8005,HSC,HSC
8_C2,139883,94184,59029,99,1510,100,280,64,387,12,-34,35,666,8376,HSC,HSC
8_C3,122970,87981,23056,59,1243,42,469,341,372,26,-27,24,1010,8586,HSC,HSC
8_C4,121305,86872,17772,-23,669,20,41,90,364,28,17,17,406,8797,HSC,HSC
8_C5,122858,85256,24994,121,891,-15,4515,150,274,16,-12,20,1478,9049,HSC,HSC
8_C6,141916,86040,18363,283,505,7,297,-101,505,1,-34,43,946,9495,HSC,HSC
8_C7,156419,89060,24560,306,2274,-10,5137,-133,434,13,-60,14,1323,9876,HSC,HSC
8_C8,158540,96477,58495,158,458,35,330,210,286,0,-34,27,787,10351,HSC,HSC
8_C9,159764,90222,57609,-93,1419,17,1956,585,225,1,-10,40,923,10657,HSC,HSC
8_C10,147890,95594,47250,45,470,26,159,88,486,19,1,25,600,10907,HSC,HSC
8_C11,143990,88444,24223,-43,1000,47,89,131,469,18,-24,30,654,11149,HSC,HSC
8_C12,147585,84819,22084,2,612,-18,893,114,204,10,-49,19,796,11343,HSC,HSC
8_D1,137979,85987,23912,71,572,53,190,29,397,13,-33,30,870,14830,HSC,HSC
8_D2,121474,85237,32487,64,435,66,176,313,378,20,-13,23,825,14511,HSC,HSC
8_D3,145774,88426,27443,-22,621,36,1781,149,495,32,-46,77,597,14287,HSC,HSC
8_D4,163506,88065,24926,101,392,23,240,231,472,0,22,27,953,13906,HSC,HSC
8_D5,120534,85778,17552,-8,1221,52,32,311,404,11,-25,41,490,13589,HSC,HSC
8_D6,151064,92391,41087,184,1407,47,-3,80,260,-1,-39,47,609,13302,HSC,HSC
8_D7,144610,85328,26559,144,1467,-33,2235,380,197,21,-63,67,933,13094,HSC,HSC
8_D8,183456,91618,28211,81,1370,96,140,110,75,12,-37,25,597,12795,HSC,HSC
8_D9,141665,86144,33659,134,752,4,744,275,415,-14,-35,31,589,12456,HSC,HSC
8_D10,139779,86739,23151,32,942,66,846,450,400,51,-27,7,1013,12189,HSC,HSC
8_D11,170640,96418,37639,3,1001,39,1266,426,141,9,-49,57,920,11837,HSC,HSC
8_D12,155392,92111,36044,21,676,3,1425,471,337,47,-34,34,1031,11606,HSC,HSC
8_E1,152982,90746,39040,-112,1525,43,3065,160,168,11,-5,33,734,15130,HSC,HSC
8_E2,181087,91311,36853,24,525,19,74,179,462,34,-18,35,1026,15338,HSC,HSC
8_E3,142433,87801,24870,115,1277,31,707,475,405,-9,-54,24,1225,15547,HSC,HSC
8_E4,111805,83764,21446,116,830,-5,856,-5,395,9,6,22,892,15789,HSC,HSC
8_E5,124543,83615,31126,27,1238,31,2168,164,38,28,1,21,894,16070,HSC,HSC
8_E6,125827,87072,20053,224,1506,41,-34,237,366,16,-65,33,1556,16286,HSC,HSC
8_E7,111391,82792,35867,-58,985,9,320,11,298,33,-18,24,719,16809,HSC,HSC
8_E8,138980,91631,26547,-10,604,-3,1285,387,178,-5,-27,43,807,17093,HSC,HSC
8_E9,138785,89386,20790,-70,852,-2,161,216,382,32,-46,30,466,17514,HSC,HSC
8_E10,202694,100012,28131,83,725,3,981,257,180,35,-43,9,764,17793,HSC,HSC
8_E11,158749,88080,37992,69,1135,22,4114,568,244,48,-55,50,995,18103,HSC,HSC
8_E12,151499,87006,23944,140,360,27,1105,69,412,20,-25,12,982,18624,HSC,HSC
8_F1,186257,93345,55859,-81,623,27,797,791,364,7,-11,44,989,22100,HSC,HSC
8_F2,161686,92084,32727,-163,989,33,4161,900,269,47,-64,56,1309,21735,HSC,HSC
8_F3,153122,87357,19901,123,1181,5,1821,216,470,20,-39,39,1082,21483,HSC,HSC
8_F4,142394,85678,26869,124,1023,17,276,311,411,31,10,28,704,21174,HSC,HSC
8_F5,181373,93271,26766,81,1067,2,629,723,439,-9,-41,50,849,20787,HSC,HSC
8_F6,158925,88700,40962,-45,825,42,287,59,458,33,-31,57,732,20514,HSC,HSC
8_F7,177299,91180,23362,-9,475,-23,294,209,449,2,-25,10,1036,20294,HSC,HSC
8_F8,137870,84621,18719,-61,721,-57,305,172,316,7,-37,30,516,20047,HSC,HSC
8_F9,128902,89723,27755,146,1217,4,4650,317,280,23,-55,66,1326,19703,HSC,HSC
8_F10,152880,88659,24464,22,503,-60,766,243,359,-5,9,80,980,19431,HSC,HSC
8_F11,174087,91419,29560,98,1168,54,3900,502,225,18,-35,111,1257,19138,HSC,HSC
8_F12,172707,91786,41784,87,751,9,115,207,308,3,-21,26,689,18877,HSC,HSC
8_G1,171919,92333,35117,8,573,38,557,158,261,34,-53,69,593,22341,HSC,HSC
8_G2,164730,92653,47649,-7,1201,-2,255,326,291,29,-43,41,750,22626,HSC,HSC
8_G3,162443,88909,45166,-1,851,17,315,562,342,-16,-18,37,1111,22875,HSC,HSC
8_G4,165286,89985,24721,-99,1425,-7,946,211,496,23,-18,16,630,23336,HSC,HSC
8_G5,126711,88167,24908,15,1415,2,1241,175,471,14,-15,32,755,23624,HSC,HSC
8_G6,140424,86136,25892,130,1779,6,1520,143,216,23,-79,51,1598,23866,HSC,HSC
8_G7,155528,87739,24851,130,346,53,317,46,247,-3,-35,14,591,24121,HSC,HSC
8_G8,141828,85548,41179,45,1445,-19,2480,80,282,25,-65,28,1040,24428,HSC,HSC
8_G9,142824,87393,31442,-28,854,23,654,974,388,5,-37,40,1041,24978,HSC,HSC
8_G10,141081,85783,29775,29,685,78,1830,203,443,21,-3,32,937,25247,HSC,HSC
8_G11,151691,87031,25683,5,773,-20,1318,148,465,15,-17,13,899,25531,HSC,HSC
8_G12,159491,90344,48154,-75,420,-13,81,367,254,51,-37,56,730,25835,HSC,HSC
8_H1,160621,89229,29333,73,1471,4,2428,257,295,27,-33,26,1481,29277,HSC,HSC
8_H2,136244,84851,22397,63,1248,107,10,202,302,-2,-7,12,367,28934,HSC,HSC
8_H3,128717,86807,21892,153,781,9,1200,117,76,22,-15,21,896,28696,HSC,HSC
8_H4,152025,85941,26053,9,602,0,316,72,304,4,-33,30,484,28341,HSC,HSC
8_H5,171874,90998,37144,121,1376,-28,1620,330,490,55,-29,37,769,28036,HSC,HSC
8_H6,160960,88374,45947,99,776,65,643,-101,440,37,-41,56,954,27728,HSC,HSC
8_H7,153710,87025,31396,-73,605,-22,425,166,369,19,-10,27,732,27404,HSC,HSC
8_H8,125504,86616,15728,40,381,49,78,-41,406,46,5,28,648,26986,HSC,HSC
8_H9,149181,87279,21336,152,444,19,51,-90,268,0,-16,26,353,26761,HSC,HSC
8_H10,121955,86291,21670,40,2085,30,658,-76,341,24,-79,34,737,26531,HSC,HSC
8_H11,110890,86783,24146,135,1363,85,94,273,366,12,-22,28,570,26310,HSC,HSC
8_H12,115492,80215,17503,-24,1480,17,19,249,187,17,-43,49,695,26069,HSC,HSC
9_A1,129601,82694,29108,84,761,15,372,76,269,23,-55,32,1093,1213,HSC,HSC
9_A2,116708,84544,18876,-2,479,34,240,158,267,13,-10,18,611,1549,HSC,HSC
9_A3,143621,85213,23845,-15,1379,-18,761,191,433,17,-42,20,922,1785,HSC,HSC
9_A4,140398,88410,19097,167,875,60,126,316,480,41,-34,22,818,1989,HSC,HSC
9_A5,159839,92160,27638,47,823,26,3708,59,318,16,-36,29,634,2193,HSC,HSC
9_A6,113296,85569,23751,113,1655,52,472,292,342,-6,-62,57,1175,2404,HSC,HSC
9_A7,151306,90645,38223,-15,729,-16,835,132,63,25,-61,26,907,2648,HSC,HSC
9_A8,169876,94210,39650,128,1432,4,958,264,390,9,-36,43,1023,2900,HSC,HSC
9_A9,145024,85966,29995,102,345,18,1201,-135,238,-5,-34,34,533,3412,HSC,HSC
9_A10,130948,85848,20867,113,1193,109,107,157,125,-1,-5,22,610,3733,HSC,HSC
9_A11,174892,93814,28711,5,959,-1,865,188,364,53,-50,24,832,4037,HSC,HSC
9_A12,116548,84442,17233,88,544,29,413,83,120,-18,5,16,654,4540,HSC,HSC
9_B1,150977,89242,39414,-32,825,98,-31,29,312,30,0,23,333,8754,HSC,HSC
9_B2,157371,87197,38172,73,1285,67,1411,182,203,46,-58,39,862,8499,HSC,HSC
9_B3,178087,91113,35733,92,1201,18,1509,273,187,34,-55,20,1449,8231,HSC,HSC
9_B4,136284,87277,20690,202,1374,29,5525,306,298,19,-65,36,1316,7663,HSC,HSC
9_B5,121116,84930,36566,-106,1063,-4,21,49,149,55,-20,31,620,7433,HSC,HSC
9_B6,133395,86192,27829,-68,860,23,58,467,83,-14,-34,41,1082,7210,HSC,HSC
9_B7,146121,87901,38674,-38,1640,-2,3509,138,-39,32,-58,32,1306,6972,HSC,HSC
9_B8,160532,87935,33902,-66,695,-7,4044,177,438,67,-24,26,547,6578,HSC,HSC
9_B9,154089,86253,23757,196,1467,60,865,237,239,20,-40,12,766,6084,HSC,HSC
9_B10,130465,85723,25787,44,1620,26,1232,-23,435,11,-18,46,445,5636,HSC,HSC
9_B11,141191,87245,22727,81,609,71,412,246,437,-17,4,24,424,5306,HSC,HSC
9_B12,133116,84557,21190,59,584,27,102,111,186,6,-16,29,505,4886,HSC,HSC
9_C1,131997,87578,18703,-116,1296,-24,402,436,259,18,0,14,559,8951,HSC,HSC
9_C2,126825,81592,17503,52,391,10,11,-70,409,30,5,27,359,9194,HSC,HSC
9_C3,107105,80831,24623,35,1194,-30,137,129,426,13,-36,25,1107,9389,HSC,HSC
9_C4,163818,90612,34920,132,903,-9,1171,129,360,-4,-41,24,1067,9594,HSC,HSC
9_C5,152292,89727,50841,-35,762,20,784,21,445,29,16,30,953,9792,HSC,HSC
9_C6,145758,86398,18436,8,412,17,181,195,301,10,-31,18,908,9988,HSC,HSC
9_C7,140753,87046,46776,38,435,55,281,-57,293,36,-40,27,457,10264,HSC,HSC
9_C8,164115,89782,28548,25,1117,32,6883,464,397,7,-51,47,1135,10542,HSC,HSC
9_C9,109812,85880,34042,135,718,33,629,363,419,1,-16,24,658,10844,HSC,HSC
9_C10,193749,93775,49366,208,609,10,2649,544,375,32,-68,26,2056,11086,HSC,HSC
9_C11,180492,93699,23604,167,1435,-11,154,-145,327,11,-35,27,674,11358,HSC,HSC
9_C12,163253,87318,22957,101,1142,9,2489,81,447,-5,-63,15,1265,11610,HSC,HSC
9_D1,116420,82975,22957,102,662,16,21,344,487,20,-29,38,613,14659,HSC,HSC
9_D2,171479,88401,47400,165,1175,-26,5665,448,247,27,-84,48,1099,14395,HSC,HSC
9_D3,159472,87496,31447,67,1857,39,153,121,211,-2,-51,51,663,14147,HSC,HSC
9_D4,154994,91813,25526,53,747,36,605,216,76,5,-2,40,467,13950,HSC,HSC
9_D5,144599,86945,25165,56,731,-16,2322,27,444,45,-23,24,783,13703,HSC,HSC
9_D6,118792,82844,11925,117,577,22,9,96,403,16,11,24,521,13438,HSC,HSC
9_D7,120483,86882,19739,125,494,22,619,-11,396,11,-8,35,443,13209,HSC,HSC
9_D8,154080,89151,37217,158,967,11,3015,107,446,43,-59,56,1648,13002,HSC,HSC
9_D9,132693,85374,27408,26,667,25,345,314,297,35,-51,43,934,12722,HSC,HSC
9_D10,165414,87974,37315,158,509,9,758,179,457,16,-26,43,666,12396,HSC,HSC
9_D11,149490,84459,35160,-67,1243,30,2126,310,218,34,-31,23,967,12132,HSC,HSC
9_D12,122964,88815,33031,19,1324,-42,1939,408,209,2,-46,24,1191,11857,HSC,HSC
9_E1,155397,88221,24928,-61,1457,47,853,1147,255,16,-9,35,854,15192,HSC,HSC
9_E2,121343,86283,23823,35,737,110,10,399,461,-14,-25,26,870,15483,HSC,HSC
9_E3,148097,87310,28249,2,837,10,117,231,181,-1,3,25,479,15843,HSC,HSC
9_E4,133011,84678,24219,165,352,35,884,90,158,40,-18,60,937,16352,HSC,HSC
9_E5,148228,87174,36935,46,910,-13,544,468,281,34,-32,34,1264,16589,HSC,HSC
