Plate_well,Sort_id,Sample_id,Depth,VAF.varscan,VAF.mutect,VAF.platypus,mean_VAF,DNMT3A,exp,fcs.name,SingleCells.count,NonEry.count,CD56neg.count,CD14neg.count,IntermediateNeut.count,IntermediateNeut.freq.of.CD14neg,MatureNeut.count,MatureNeut.freq.of.CD14neg,MatureNeut.FSC.A,MatureNeut.SSC.A,EarlyNeut.count,EarlyNeut.freq.of.CD14neg,Mono.count,Mono.freq.of.NonEry,Mono.freq.of.CD56neg,Mono.CD11b.Median,Mono.CD14.Median,Mono.FSC.A,Mono.SSC.A,Mono2.count,Mono2.freq.of.NonEry,Mono2.freq.of.CD56neg,Mono2.CD11b.Median,Mono2.CD14.Median,Mono2.FSC.A,Mono2.SSC.A,Ery.count,IntermediateNeut.FSC.A,IntermediateNeut.SSC.A,EarlyNeut.FSC.A,EarlyNeut.SSC.A,CD66bNeut.CD11b.Median,CD66bNeut.CD66b.Median,CD66bNeut.FSC.A,CD66bNeut.SSC.A,TrueFalse,Exp,Cell_seeded,FSC-A,FSC-W,SSC-A,CD33,CD34,CD45Ra,CD90,CD49f,CD38,CD19,CD7-10,dead,CD45,Time
2_D8,2_D8,1412,74,0.2432,NA,0.2,0.22160000000000002,MUT,AML4,LEUK19_Plate2 Upside down plate_E5_E05_041.fcs,52900,52842,52814,34376,53,0.15,1,0.00291,157632,56256,4446,12.9,11658,22.1,22.1,1159,2017,129536,51584,11622,22,22,1156,2021,129408,51520,3,116096,39552,136064,38464,1532,4193,148608,85376,TRUE,LEUK19,HSC,139257,80858,17213,20,3387,130,163,1200,-91,19,74,198,1108,13272
6_G3,6_G3,1146,76,NA,NA,NA,0,WT,AML4,LEUK19_Plate6_G3_G03_064.fcs,1706,1705,1705,1598,0,0,0,0,NA,NA,142,8.89,51,2.99,2.99,777,2189,131328,51968,51,2.99,2.99,777,2189,131328,51968,0,NA,NA,148864,40000,2006,2231,112512,93504,TRUE,LEUK19,HSC,132341,83601,12447,-614,3814,147,44,640,-341,35,85,179,1016,53217
1_A6,1_A6,1320,78,0.2432,NA,NA,0.2432,MUT,AML4,LEUK19_Plate1_A6_A06_005.fcs,5767,5717,5279,2932,4,0.14,0,0,NA,NA,86,2.93,1855,32.4,35.1,960,3253,163392,30016,1767,30.9,33.5,933,3413,164800,29632,0,88832,31104,164672,30784,1576,4913,95168,52416,TRUE,LEUK19,HSC,111840,77209,18007,-205,6205,147,-39,960,-233,61,32,293,5287,2008
6_C1,6_C1,1127,78,NA,NA,NA,0,WT,AML4,LEUK19_Plate6_C1_C01_021.fcs,28331,28301,28298,19373,13228,68.3,1842,9.51,151360,50048,1422,7.34,7584,26.8,26.8,2292,2123,150336,70592,7525,26.6,26.6,2301,2136,150400,70720,2,149440,40512,142208,43200,610,11455,149760,41984,TRUE,LEUK19,HSC,158287,85624,23406,-681,4509,190,613,419,-569,112,72,244,2016,39016
6_D4,6_D4,1151,80,NA,NA,NA,0,WT,AML4,LEUK19_Plate6_D4_D04_033.fcs,20707,20699,20478,14409,9,0.062,0,0,NA,NA,3346,23.2,4485,21.7,21.9,1302,2922,172288,62400,4485,21.7,21.9,1302,2922,172288,62400,0,158272,44992,145024,43392,591,5169,149248,56320,TRUE,LEUK19,HSC,134238,81509,15734,-982,6069,276,-94,1260,-724,61,171,266,4596,45316
6_G1,6_G1,1131,81,NA,NA,NA,0,WT,AML4,LEUK19_Plate6_G1_G01_062.fcs,7333,1369,1368,1164,0,0,0,0,NA,NA,150,12.9,20,1.46,1.46,441,1892,127424,51008,20,1.46,1.46,441,1892,127424,51008,53,NA,NA,140288,108928,2410,2963,154368,156544,TRUE,LEUK19,HSC,162290,85949,25571,-10,2292,175,35,32,-153,32,63,226,1130,52695
2_E3,2_E3,1379,84,NA,NA,NA,0,WT,AML4,LEUK19_Plate2 Upside down plate_D10_D10_035.fcs,5442,5439,5404,5290,11,0.21,0,0,NA,NA,595,11.2,39,0.72,0.72,1125,1627,141632,50176,39,0.72,0.72,1125,1627,141632,50176,1,126784,42816,132544,33664,573,8189,126784,43392,TRUE,LEUK19,HSC,132125,81057,16946,-67,2926,173,49,894,-162,37,72,187,1011,15713
6_G6,6_G6,1168,84,NA,NA,NA,0,WT,AML4,LEUK19_Plate6_G6_G06_067.fcs,750,750,750,565,0,0,0,0,NA,NA,72,12.7,94,12.5,12.5,1475,1639,185408,81280,94,12.5,12.5,1475,1639,185408,81280,0,NA,NA,166080,63296,2877,3273,106432,79040,TRUE,LEUK19,HSC,169501,87211,29464,-420,3178,170,283,113,-31,37,191,300,1704,53989
1_D8,1_D8,1335,85,NA,NA,0.09375,0.09375,MUT,AML4,LEUK19_Plate1_D8_D08_034.fcs,2282,2282,2128,1392,2,0.14,1,0.072,122624,48832,9,0.65,507,22.2,23.8,1646,1961,151552,58112,497,21.8,23.4,1636,1972,151232,57792,0,108288,28224,134528,39488,2424,4099,171840,81280,TRUE,LEUK19,HSC,137503,80846,14550,-66,3806,85,141,1601,49,54,68,160,1296,13336
6_C10,6_C10,1193,86,NA,NA,0.137931034,0.137931034,MUT,AML4,LEUK19_Plate6_C10_C10_029.fcs,12521,12511,12508,9157,2669,29.1,9,0.098,158208,58688,5552,60.6,2672,21.4,21.4,2387,1939,158848,75328,2670,21.3,21.3,2387,1939,158912,75328,0,164416,46208,150080,41792,471,5849,164416,46208,TRUE,LEUK19,HSC,167216,94865,22222,-453,3491,269,261,990,-249,12,140,240,1126,41710
1_D4,1_D4,1310,89,NA,NA,0.147058824,0.147058824,MUT,AML4,LEUK19_Plate1_D4_D04_030.fcs,28636,28563,28547,18060,24,0.13,2,0.011,142592,42112,7759,43,7361,25.8,25.8,1295,2219,130496,48768,7347,25.7,25.7,1292,2219,130496,48704,0,123648,43584,135936,35648,1448,3716,147840,63232,TRUE,LEUK19,HSC,169607,86803,25422,-98,5489,223,126,705,-200,42,161,326,1967,14621
1_A10,1_A10,1344,90,NA,NA,NA,0,WT,AML4,LEUK19_Plate1_A10_A10_008.fcs,32107,32056,32028,13540,159,1.17,3,0.022,159104,61248,5724,42.3,13406,41.8,41.9,1518,1946,199360,42752,13330,41.6,41.6,1512,1953,199616,42624,0,207104,30336,190080,26368,1506,4481,101184,55104,TRUE,LEUK19,HSC,159427,84124,23896,-101,3674,23,49,1071,-116,27,105,255,1200,3084
6_E7,6_E7,1174,96,NA,NA,NA,0,WT,AML4,LEUK19_Plate6_E7_E07_045.fcs,2912,2911,2852,1503,1,0.067,0,0,NA,NA,100,6.65,969,33.3,34,1544,2509,150656,54016,968,33.3,33.9,1544,2509,150656,54016,1,156416,56512,144640,44672,725,2539,156416,56512,TRUE,LEUK19,HSC,170245,89271,25599,-586,3552,216,248,187,-199,72,181,302,2406,48026
1_D2,1_D2,1296,98,NA,NA,NA,0,WT,AML4,LEUK19_Plate1_D2_D02_028.fcs,11202,11193,10004,7953,14,0.18,1,0.013,126528,59392,368,4.63,1301,11.6,13,1246,1987,133120,48832,1295,11.6,12.9,1244,1991,132992,48768,0,132544,42752,125056,38976,1699,4316,120256,67904,TRUE,LEUK19,HSC,144929,82790,21537,-90,5607,69,397,589,-149,65,75,210,1452,15248
3_A9,3_A9,1098,98,NA,NA,NA,0,WT,AML4,LEUK19_Plate3_A9_A09_007.fcs,51834,51805,51777,21652,39,0.18,0,0,NA,NA,13880,64.1,24630,47.5,47.6,1278,2185,145088,49664,24623,47.5,47.6,1278,2185,145152,49664,3,148608,43200,138240,38784,493,4167,148608,43200,TRUE,LEUK19,HSC,213283,95086,48790,-383,10690,1443,445,178,688,51,108,407,5730,9161
3_B1,3_B1,1046,99,NA,NA,NA,0,WT,AML4,LEUK19_Plate3_B1_B01_011.fcs,3093,3084,3080,1686,365,21.6,6,0.36,186496,48512,1174,69.6,1256,40.7,40.8,3259,2240,162816,57024,1252,40.6,40.6,3259,2240,162624,56960,0,151808,38784,144832,37888,500,4882,152320,38976,TRUE,LEUK19,HSC,155143,84279,19108,96,3338,122,61,999,-70,52,96,154,1116,18268
3_E5,3_E5,1075,101,NA,NA,NA,0,WT,AML4,LEUK19_Plate3_E5_E05_044.fcs,64457,64394,63805,37182,19,0.051,0,0,NA,NA,18098,48.7,20180,31.3,31.6,1266,2480,128768,46400,20177,31.3,31.6,1266,2480,128768,46400,10,143424,39680,137344,36992,468,4281,155904,46976,TRUE,LEUK19,HSC,149110,83454,18839,-24,4735,118,98,814,-26,61,115,220,1269,26006
1_F2,1_F2,1298,106,NA,NA,NA,0,WT,AML4,LEUK19_Plate1_F2_F02_050.fcs,211,211,211,207,3,1.45,0,0,NA,NA,13,6.28,0,0,0,NA,NA,NA,NA,0,0,0,NA,NA,NA,NA,0,134080,49152,149056,39104,939,3253,151040,52480,TRUE,LEUK19,HSC,137755,80908,22106,-127,4801,242,50,1128,5,21,98,279,2060,22031
6_G7,6_G7,1176,108,NA,NA,NA,0,WT,AML4,LEUK19_Plate6_G7_G07_068.fcs,14760,14757,14755,13017,520,3.99,1,0.00768,186432,124288,1647,12.7,967,6.55,6.55,1475,1761,174272,85248,966,6.55,6.55,1475,1761,173952,85248,0,160768,43712,157248,45056,490,5874,161152,43776,TRUE,LEUK19,HSC,118995,84428,29378,-592,3515,206,43,937,-323,109,21,156,1110,54217
3_F9,3_F9,1102,110,0.1296,NA,NA,0.1296,MUT,AML4,LEUK19_Plate3_F9_F09_058.fcs,4358,141,141,136,7,5.15,0,0,NA,NA,49,36,1,0.71,0.71,4325,803,240832,243328,1,0.71,0.71,4325,803,240832,243328,4036,178752,54848,159168,56704,641,4099,176192,54848,TRUE,LEUK19,HSC,140643,84728,28906,-219,6479,266,659,780,31,54,133,297,2062,28838
1_G1,1_G1,1292,112,NA,NA,0.128205128,0.128205128,MUT,AML4,LEUK19_Plate1_G1_G01_060.fcs,61957,61893,61521,39598,207,0.52,2,0.00505,186560,65024,9467,23.9,16029,25.9,26.1,1275,2400,114560,43840,15998,25.8,26,1275,2400,114496,43776,7,141632,40960,140992,36928,816,3959,148352,54592,TRUE,LEUK19,HSC,130165,79804,13662,-116,4339,108,65,449,-199,51,56,185,1698,22776
1_E6,1_E6,1324,112,NA,NA,NA,0,WT,AML4,LEUK19_Plate1_E6_E06_043.fcs,14761,14742,14275,6451,11,0.17,1,0.016,138240,59200,2521,39.1,6444,43.7,45.1,2387,2911,159744,69248,6399,43.4,44.8,2373,2934,159552,69056,2,170816,53568,141248,37120,3386,4176,186048,93184,TRUE,LEUK19,HSC,139958,81376,17791,-71,3818,81,94,880,-144,33,65,231,1328,17088
3_D3,3_D3,1061,112,NA,NA,NA,0,WT,AML4,LEUK19_Plate3_D3_D03_032.fcs,843,841,840,805,388,48.2,11,1.37,209216,80640,340,42.2,31,3.69,3.69,3372,3157,194624,93696,30,3.57,3.57,3372,3157,193472,93696,0,163840,51328,153920,45504,535,4594,165888,51968,TRUE,LEUK19,HSC,151016,83725,23951,12,3408,26,683,65,-23,4,98,174,1119,24071
4_F12,4_F12,949,113,NA,NA,NA,0,WT,AML4,LEUK19_Plate4_F12_F12_029.fcs,6987,6978,6976,4949,2883,58.3,177,3.58,162688,49344,1262,25.5,1786,25.6,25.6,2206,2160,161408,75712,1786,25.6,25.6,2206,2160,161408,75712,0,156224,40768,153472,41216,567,7333,156864,41216,TRUE,LEUK19,HSC,191750,95013,33114,-129,7606,117,113,134,-124,64,101,244,1778,16981
2_H7,2_H7,1409,116,NA,NA,NA,0,WT,AML4,LEUK19_Plate2 Upside down plate_A6_A06_005.fcs,47366,46945,46884,25159,1720,6.84,13,0.052,147264,65408,15270,60.7,15361,32.7,32.8,1702,1664,134528,51648,15311,32.6,32.7,1702,1664,134464,51584,3,150464,42432,138624,40704,614,4133,151808,43712,TRUE,LEUK19,HSC,150558,81721,19698,-19,7279,256,937,688,-201,44,141,273,4596,26423
1_B1,1_B1,1287,120,0.1333,NA,0.085106383,0.10920319149999999,MUT,AML4,LEUK19_Plate1_B1_B01_010.fcs,17799,17757,17504,4851,1711,35.3,14,0.29,178432,60224,640,13.2,11550,65,66,2655,2951,159168,68608,11518,64.9,65.8,2655,2957,159104,68608,0,149696,39232,140096,40064,555,8600,150016,39552,TRUE,LEUK19,HSC,142540,80759,20534,-133,4538,52,24,616,-258,35,68,177,1201,7704
1_B8,1_B8,1333,121,0.1148,NA,NA,0.1148,MUT,AML4,LEUK19_Plate1_B8_B08_015.fcs,10731,10706,10670,6348,353,5.56,3,0.047,164800,66880,3299,52,3078,28.8,28.8,2619,1832,168768,75008,3037,28.4,28.5,2599,1846,168320,74496,0,154432,39936,144320,36864,541,3999,157696,41600,TRUE,LEUK19,HSC,135122,82384,14726,-25,4800,59,-60,63,-185,49,29,216,3656,5284
1_B6,1_B6,1321,126,0.1111,NA,NA,0.1111,MUT,AML4,LEUK19_Plate1_B6_B06_014.fcs,2608,2592,2592,2437,1616,66.3,19,0.78,186240,57920,296,12.1,106,4.09,4.09,3145,1538,186688,98048,103,3.97,3.97,3138,1558,186688,98048,2,160448,40960,150656,37760,559,7446,162048,41600,TRUE,LEUK19,HSC,161805,84902,27639,-146,4265,3,3,131,-66,26,95,218,1404,5720
1_C3,1_C3,1303,130,0.1515,NA,0.075471698,0.113485849,MUT,AML4,LEUK19_Plate1_C3_C03_021.fcs,11349,11313,11311,10813,4166,38.5,4723,43.7,136640,39680,448,4.14,223,1.97,1.97,2877,1280,146240,64896,204,1.8,1.8,2940,1335,148480,67456,0,140544,38720,139072,40960,1022,21010,138112,39552,TRUE,LEUK19,HSC,134966,79631,13854,-142,5152,163,86,313,-174,26,167,200,2751,8533
2_H5,2_H5,1394,134,NA,NA,NA,0,WT,AML4,LEUK19_Plate2 Upside down plate_A8_A08_007.fcs,518,133,133,107,1,0.93,0,0,NA,NA,1,0.93,10,7.52,7.52,2301,1014,174720,89344,1,0.75,0.75,1570,2922,129152,55040,341,101120,56256,133056,39296,1442,5664,160320,78912,TRUE,LEUK19,HSC,168982,87293,21832,-90,4755,46,-26,-140,-88,23,113,265,1146,26996
2_E2,2_E2,1372,135,NA,NA,NA,0,WT,AML4,LEUK19_Plate2 Upside down fill in_D11_D11_085.fcs,25767,25745,25717,9949,7,0.07,0,0,NA,NA,6784,68.2,14254,55.4,55.4,1495,3379,139520,47744,14244,55.3,55.4,1495,3379,139520,47744,1,141056,33920,135424,35328,402,3959,141056,33920,TRUE,LEUK19,HSC,142387,82448,16082,-168,3917,40,41,563,-93,43,101,174,1203,15513
1_D1,1_D1,1289,139,NA,NA,NA,0,WT,AML4,LEUK19_Plate1_D1_D01_027.fcs,10592,10566,10527,3175,443,14,8,0.25,151936,48576,895,28.2,6785,64.2,64.5,3918,4682,174208,81600,6778,64.1,64.4,3918,4682,174272,81600,0,147584,42240,145792,41728,541,7269,148992,42752,TRUE,LEUK19,HSC,126135,80271,22185,-316,9492,209,-72,54,-307,37,98,201,1670,15491
2_F5,2_F5,1393,139,NA,NA,NA,0,WT,AML4,LEUK19_Plate2 Upside down plate_C8_C08_024.fcs,40934,40895,40780,26526,40,0.15,1,0.00377,112064,37376,8866,33.4,10568,25.8,25.9,954,2588,119680,40512,10554,25.8,25.9,952,2588,119680,40512,3,134912,37248,131392,34304,1089,5071,143424,65920,TRUE,LEUK19,HSC,149089,84111,16541,-112,2925,76,480,437,-119,23,101,165,1388,20378
3_H9,3_H9,1104,140,NA,NA,NA,0,WT,AML4,LEUK19_Plate3_H9_H09_079.fcs,10297,6856,6853,6076,1083,17.8,17,0.28,172800,56960,3573,58.8,701,10.2,10.2,1764,4133,140928,68992,701,10.2,10.2,1764,4133,140928,68992,3360,154304,44736,148864,43072,535,4771,154880,44928,TRUE,LEUK19,HSC,155234,83659,20258,-72,3102,46,103,558,-210,9,110,225,880,35770
2_A7,2_A7,1403,146,0.137,NA,0.131147541,0.13407377050000002,MUT,AML4,LEUK19_Plate2 Upside down plate_H6_H06_072.fcs,7363,7297,7297,6877,1851,26.9,26,0.38,161216,60224,1803,26.2,319,4.37,4.37,1521,3359,126464,58944,314,4.3,4.3,1518,3379,126400,58816,11,142592,40896,135936,37952,579,6926,143424,41408,TRUE,LEUK19,HSC,183419,99440,22139,10,3851,125,298,692,-74,43,172,260,1981,2177
6_E5,6_E5,1159,146,0.0972,NA,0.090909091,0.0940545455,MUT,AML4,LEUK19_Plate6_E5_E05_044.fcs,12332,12318,12314,10174,2909,28.6,44,0.43,153024,45440,4961,48.8,1531,12.4,12.4,2323,1495,149184,67840,1529,12.4,12.4,2323,1495,149184,67840,0,160256,46400,153280,44032,484,5439,160000,46336,TRUE,LEUK19,HSC,116043,74761,18056,-580,3551,170,-33,541,-486,55,94,222,1870,47490
1_H4,1_H4,1314,150,0.1067,NA,NA,0.1067,MUT,AML4,LEUK19_Plate1_H4_H04_069.fcs,5811,126,126,124,1,0.81,1,0.81,103104,51264,1,0.81,1,0.79,0.79,2644,2793,184512,118656,1,0.79,0.79,2644,2793,184512,118656,5530,81984,48448,96576,72896,1225,3870,166720,121408,TRUE,LEUK19,HSC,174858,87166,29519,-175,5269,143,-16,282,-136,27,138,274,2097,29336
1_E4,1_E4,1311,150,0.1081,NA,NA,0.1081,MUT,AML4,LEUK19_Plate1_E4_E04_041.fcs,1001,1000,1000,964,538,55.8,23,2.39,208192,77376,23,2.39,12,1.2,1.2,1702,1216,184576,87808,7,0.7,0.7,1652,1302,168576,87808,0,154176,45888,144320,41920,646,8697,156224,49152,TRUE,LEUK19,HSC,155520,86457,15270,42,3717,85,-16,303,-202,24,88,176,1306,16505
6_C2,6_C2,1135,150,NA,NA,NA,0,WT,AML4,LEUK19_Plate6_C2_C02_022.fcs,22072,22054,21939,4666,137,2.94,1,0.021,185856,52928,3477,74.5,16025,72.7,73,1946,3870,162880,68672,16022,72.6,73,1946,3870,162880,68672,0,160000,43008,132288,41920,426,3991,160960,43328,TRUE,LEUK19,HSC,168806,88749,21869,-658,3863,194,-3,386,-298,51,123,251,1402,39437
6_E8,6_E8,1181,154,0.1184,NA,NA,0.1184,MUT,AML4,LEUK19_Plate6_E8_E08_046.fcs,185,185,185,65,0,0,0,0,NA,NA,23,35.4,98,53,53,1822,2650,154432,61632,98,53,53,1822,2650,154432,61632,0,NA,NA,136640,49792,NA,NA,NA,NA,TRUE,LEUK19,HSC,148253,83519,23454,-476,3694,220,219,717,-408,27,109,213,1437,48247
2_C5,2_C5,1391,157,0.1392,NA,NA,0.1392,MUT,AML4,LEUK19_Plate2 Upside down plate_F8_F08_055.fcs,4137,4107,4106,3302,1687,51.1,18,0.55,156224,48768,479,14.5,551,13.4,13.4,4041,1658,172160,88704,543,13.2,13.2,4024,1683,171200,88576,3,147648,39168,134016,36096,484,9136,148672,39808,TRUE,LEUK19,HSC,180051,92026,29240,-73,2896,77,-22,153,12,90,139,291,1130,9785
6_F8,6_F8,1182,158,0.125,NA,NA,0.125,MUT,AML4,LEUK19_Plate6_F8_F08_058.fcs,107,11,11,10,0,0,0,0,NA,NA,2,20,1,9.09,9.09,1712,1195,116672,99584,1,9.09,9.09,1712,1195,116672,99584,89,NA,NA,99968,72064,2529,3227,132480,115264,TRUE,LEUK19,HSC,124592,76937,12849,-377,2675,109,26,472,-313,55,97,185,1439,50572
6_F12,6_F12,1207,160,0.1375,NA,0.064516129,0.10100806450000001,MUT,AML4,LEUK19_Plate6_F12_F12_061.fcs,3007,3003,3003,2882,2094,72.7,203,7.04,168704,62208,216,7.49,59,1.96,1.96,1163,1576,134912,65600,59,1.96,1.96,1163,1576,134912,65600,0,146240,44608,148736,46272,639,8505,148160,46144,TRUE,LEUK19,HSC,161379,88886,20592,-1002,6647,275,479,2360,-649,77,72,287,2675,49376
1_D7,1_D7,1328,167,NA,NA,NA,0,WT,AML4,LEUK19_Plate1_D7_D07_033.fcs,34481,34342,34323,27061,8994,33.2,72,0.27,157568,48960,5810,21.5,4042,11.8,11.8,2485,1384,150464,71616,3966,11.5,11.6,2447,1384,149696,70912,13,146240,39424,138624,36992,507,8933,146688,39616,TRUE,LEUK19,HSC,172990,89235,18119,-165,6270,101,104,752,-155,70,215,296,1257,13760
2_H1,2_H1,1368,168,0.1071,NA,NA,0.1071,MUT,AML4,LEUK19_Plate2 Upside down plate_A12_A12_011.fcs,37709,37314,37118,18691,861,4.61,25,0.13,180480,65408,12429,66.5,15527,41.6,41.8,2283,2382,139008,61504,15467,41.5,41.7,2279,2387,138880,61504,3,141696,47232,133888,42880,642,5652,145408,51456,TRUE,LEUK19,HSC,135460,80395,20696,38,3102,115,-1,467,-70,29,121,238,1616,28073
3_D8,3_D8,1094,172,NA,NA,NA,0,WT,AML4,LEUK19_Plate3_D8_D08_036.fcs,10992,10981,10967,4859,2,0.041,0,0,NA,NA,4188,86.2,5301,48.3,48.3,1489,3234,151104,53760,5299,48.3,48.3,1489,3234,151168,53760,0,103040,30016,140672,38080,535,13860,103040,30016,TRUE,LEUK19,HSC,154696,93913,16801,-136,3757,68,834,338,-54,35,102,199,1486,22934
2_D12,2_D12,1435,173,0.1059,NA,0.073529412,0.089714706,MUT,AML4,LEUK19_Plate2 Upside down plate_E1_E01_037.fcs,1012,395,394,356,15,4.21,1,0.28,141248,54208,1,0.28,11,2.78,2.79,2270,1053,159872,125888,0,0,0,NA,NA,NA,NA,568,108224,47040,115392,47424,1424,4692,153728,100864,TRUE,LEUK19,HSC,168162,91340,16074,85,2793,79,145,322,-25,17,97,182,812,12361
2_C8,2_C8,1411,174,0.093,NA,NA,0.093,MUT,AML4,LEUK19_Plate2 Upside down plate_F5_F05_052.fcs,19076,19005,19002,17414,5154,29.6,99,0.57,163136,69184,4216,24.2,862,4.54,4.54,2644,1459,167936,88704,835,4.39,4.39,2619,1470,167104,87360,1,148672,41792,143552,40704,509,8027,149504,42496,TRUE,LEUK19,HSC,167517,88701,23463,-128,2950,60,376,158,114,58,115,229,1441,10565
6_C9,6_C9,1186,177,NA,NA,NA,0,WT,AML4,LEUK19_Plate6_C9_C09_028.fcs,1871,1870,1870,1761,15,0.85,0,0,NA,NA,1523,86.5,100,5.35,5.35,1278,4281,131968,55616,99,5.29,5.29,1307,4308,132800,55936,0,151232,47168,138304,39040,488,3170,151232,47168,TRUE,LEUK19,HSC,130335,79596,12922,-603,5096,139,335,635,-601,30,71,160,3338,41436
6_A4,6_A4,1148,177,0.1264,NA,0.119402985,0.12290149250000001,MUT,AML4,LEUK19_Plate6_A4_A04_003.fcs,6949,6943,6939,5374,999,18.6,25,0.47,189504,60352,1508,28.1,1257,18.1,18.1,1547,3113,144256,55488,1256,18.1,18.1,1547,3107,144256,55488,0,155584,45248,156096,49024,583,5912,156928,46080,TRUE,LEUK19,HSC,170926,86671,29918,181,1952,2108,43,277,514,74,4,274,776,4376
1_H9,1_H9,1343,178,0.0909,NA,NA,0.0909,MUT,AML4,LEUK19_Plate1_H9_H09_073.fcs,1260,1239,1239,1186,223,18.8,21,1.77,193600,61632,52,4.38,11,0.89,0.89,2111,1002,159104,87296,5,0.4,0.4,1573,1232,159104,82624,2,142528,39680,145600,39296,890,4380,149696,49280,TRUE,LEUK19,HSC,149426,83139,22092,-41,3175,193,26,890,-142,24,164,226,1440,27770
6_E2,6_E2,1137,180,NA,NA,NA,0,WT,AML4,LEUK19_Plate6_E2_E02_041.fcs,8187,3882,3864,3098,0,0,0,0,NA,NA,1478,47.7,364,9.38,9.42,1646,1470,154304,103744,364,9.38,9.42,1646,1470,154304,103744,3318,NA,NA,135936,82560,2686,2981,196736,153088,TRUE,LEUK19,HSC,183026,95921,22795,-506,3901,156,47,809,-429,57,184,250,1340,46507
1_E9,1_E9,1340,184,0.0978,NA,NA,0.0978,MUT,AML4,LEUK19_Plate1_E9_E09_045.fcs,4736,4723,4718,2543,162,6.37,9,0.35,189376,55296,563,22.1,1643,34.8,34.8,3145,2017,206144,101248,1535,32.5,32.5,3052,2072,205632,98880,1,147008,38272,148288,38208,905,4176,169344,49984,TRUE,LEUK19,HSC,151369,82336,14869,-60,4995,191,-55,811,-200,21,112,242,3713,17871
6_B10,6_B10,1192,184,NA,NA,NA,0,WT,AML4,LEUK19_Plate6_B10_B10_018.fcs,6771,6755,6751,5436,1417,26.1,16,0.29,201664,78144,3546,65.2,1136,16.8,16.8,1754,2969,160000,67456,1135,16.8,16.8,1754,2969,160000,67456,2,154304,42816,151424,40384,481,5018,155200,43328,TRUE,LEUK19,HSC,203844,93508,30435,280,4458,2865,27,1430,1492,35,105,323,1413,21313
1_C9,1_C9,1338,187,0.1075,NA,NA,0.1075,MUT,AML4,LEUK19_Plate1_C9_C09_026.fcs,18178,18144,18101,14402,16,0.11,0,0,NA,NA,7459,51.8,2824,15.6,15.6,1145,3163,125568,47360,2821,15.5,15.6,1145,3163,125568,47360,0,140096,41728,137792,37440,674,4308,148352,54336,TRUE,LEUK19,HSC,153595,83691,21352,-29,5327,99,187,1299,-53,52,127,240,1620,10241
3_A11,3_A11,1112,190,0.0753,NA,NA,0.0753,MUT,AML4,LEUK19_Plate3_A11_A11_009.fcs,9646,9637,9633,6555,3340,51,1830,27.9,134272,36864,571,8.71,2526,26.2,26.2,2554,1935,166784,62848,2502,26,26,2563,1946,166912,62976,0,133312,33536,126912,36032,767,13828,133504,34880,TRUE,LEUK19,HSC,189936,92433,24141,-46,5261,1060,-106,325,1745,113,55,272,2350,10622
6_G2,6_G2,1139,194,0.0816,NA,NA,0.0816,MUT,AML4,LEUK19_Plate6_G2_G02_063.fcs,2355,2352,2352,2234,226,10.1,0,0,NA,NA,234,10.5,60,2.55,2.55,1588,1358,215232,111424,60,2.55,2.55,1588,1358,215232,111424,0,170176,49280,172096,48832,534,5224,170240,49408,TRUE,LEUK19,HSC,146284,81956,14314,-765,4049,179,30,1306,-484,26,140,186,969,52968
4_H7,4_H7,945,196,NA,NA,NA,0,WT,AML4,LEUK19_Plate4_H7_H07_040.fcs,7990,7984,7983,2402,993,41.3,11,0.46,178432,64192,447,18.6,5190,65,65,3052,4389,179584,87168,5185,64.9,65,3052,4389,179584,87168,2,158144,48896,151104,51072,504,6792,158528,49152,TRUE,LEUK19,HSC,171489,91029,18776,-34,3758,111,-53,411,-157,22,90,265,1720,24163
3_E11,3_E11,1116,202,0.13,NA,NA,0.13,MUT,AML4,LEUK19_Plate3_E11_E11_048.fcs,57942,57888,57132,36313,23,0.063,1,0.00275,122816,46592,23394,64.4,15176,26.2,26.6,1067,2193,119168,47040,15175,26.2,26.6,1067,2193,119168,47040,4,128256,39232,131200,39936,519,6792,131072,39872,TRUE,LEUK19,HSC,143164,83769,21342,-114,4863,197,109,274,-158,43,61,210,1713,27621
6_D1,6_D1,1128,203,0.15,NA,NA,0.15,MUT,AML4,LEUK19_Plate6_D1_D01_031.fcs,18438,18416,18416,14863,7749,52.1,217,1.46,164032,54720,2928,19.7,3159,17.2,17.2,1758,3332,130624,64256,3152,17.1,17.1,1758,3339,130496,64256,0,154304,46592,153600,48576,556,7869,154624,46848,TRUE,LEUK19,HSC,136636,83178,26171,-242,1495,51,156,-1,-131,66,96,248,939,46037
6_E1,6_E1,1129,204,0.1275,NA,0.081081081,0.1042905405,MUT,AML4,LEUK19_Plate6_E1_E01_040.fcs,760,16,16,12,0,0,0,0,NA,NA,3,25,0,0,0,NA,NA,NA,NA,0,0,0,NA,NA,NA,NA,700,NA,NA,230848,209472,NA,NA,NA,NA,TRUE,LEUK19,HSC,142652,84058,13081,-594,3626,99,97,196,-465,43,91,221,510,46268
6_A11,6_A11,1198,206,0.1188,NA,0.108108108,0.113454054,MUT,AML4,LEUK19_Plate6_A11_A11_010.fcs,4949,4939,4938,3545,824,23.2,1135,32,131968,52864,110,3.1,941,19.1,19.1,1541,3701,134208,63360,905,18.3,18.3,1538,3878,134208,63424,0,128192,45440,129088,57280,1091,10970,130880,50944,TRUE,LEUK19,HSC,164198,85646,21009,-702,5116,1507,9,358,472,18,98,235,1472,13539
3_D7,3_D7,1086,208,0.0673,NA,NA,0.0673,MUT,AML4,LEUK19_Plate3_D7_D07_035.fcs,32626,32583,32574,19530,15,0.077,0,0,NA,NA,8193,42,9857,30.3,30.3,1251,2253,136576,52352,9854,30.2,30.3,1251,2253,136576,52352,4,126848,37312,140288,38720,506,5246,126848,37312,TRUE,LEUK19,HSC,126477,78808,18417,24,4329,280,210,827,-298,66,88,206,1491,23155
6_F3,6_F3,1145,208,0.0865,NA,NA,0.0865,MUT,AML4,LEUK19_Plate6_F3_F03_053.fcs,3478,1457,1457,1444,1,0.069,0,0,NA,NA,231,16,6,0.41,0.41,1798,1179,145024,92160,6,0.41,0.41,1798,1179,145024,92160,1878,87680,33088,126464,51840,588,3612,87680,33088,TRUE,LEUK19,HSC,140586,83931,17810,-473,3065,101,47,115,-334,37,91,65,886,51975
3_F11,3_F11,1117,210,0.0667,NA,NA,0.0667,MUT,AML4,LEUK19_Plate3_F11_F11_060.fcs,32,11,11,10,0,0,0,0,NA,NA,3,30,1,9.09,9.09,1555,2301,149760,67264,1,9.09,9.09,1555,2301,149760,67264,16,NA,NA,110656,38528,2804,3504,134208,125248,TRUE,LEUK19,HSC,111426,86055,33196,24,4867,91,464,-91,-82,65,27,192,2333,28359
3_D10,3_D10,1108,212,0.1058,NA,0.065789474,0.08579473700000001,MUT,AML4,LEUK19_Plate3_D10_D10_038.fcs,3684,3678,3678,3406,0,0,0,0,NA,NA,1487,43.7,208,5.66,5.66,803,4074,123776,41984,208,5.66,5.66,803,4074,123776,41984,0,NA,NA,134528,40256,NA,NA,NA,NA,TRUE,LEUK19,HSC,175144,95132,17932,-43,2785,102,128,190,-44,65,105,195,888,22497
1_C2,1_C2,1295,213,0.1038,NA,0.08974359,0.096771795,MUT,AML4,LEUK19_Plate1_C2_C02_020.fcs,20140,20032,19997,12571,472,3.75,4,0.032,146176,66368,6935,55.2,5503,27.5,27.5,1392,2119,126592,52096,5464,27.3,27.3,1386,2123,126464,51968,1,142144,38208,134144,36608,638,3855,145216,41856,TRUE,LEUK19,HSC,127333,91599,32015,-133,6567,172,-72,-76,-431,52,163,511,5117,8236
6_H1,6_H1,1132,213,0.0952,NA,NA,0.0952,MUT,AML4,LEUK19_Plate6_H1_H01_073.fcs,83,83,82,23,0,0,0,0,NA,NA,0,0,48,57.8,58.5,2223,3064,138304,67392,48,57.8,58.5,2223,3064,138304,67392,0,NA,NA,NA,NA,NA,NA,NA,NA,TRUE,LEUK19,HSC,165864,87015,17007,-494,3179,76,133,190,-406,63,93,207,1246,58873
6_F10,6_F10,1196,219,0.0826,NA,NA,0.0826,MUT,AML4,LEUK19_Plate6_F10_F10_059.fcs,4828,4820,4817,3181,1,0.031,0,0,NA,NA,2757,86.7,1438,29.8,29.9,1132,3619,144064,52416,1438,29.8,29.9,1132,3619,144064,52416,0,113024,31168,143168,38976,527,4771,113024,31168,TRUE,LEUK19,HSC,143069,83942,18670,-465,3596,278,178,418,-397,21,96,227,1410,50002
2_B11,2_B11,1429,220,0.1,NA,NA,0.1,MUT,AML4,LEUK19_Plate2 Upside down plate_G2_G02_060.fcs,22089,22042,22025,16224,128,0.79,2,0.012,129408,49984,9009,55.5,3651,16.6,16.6,1621,1979,140160,56640,3637,16.5,16.5,1618,1983,140160,56576,3,148800,40896,139008,36224,590,4074,150016,44096,TRUE,LEUK19,HSC,136322,81210,11774,-25,3663,-66,-20,306,-151,-5,125,135,1354,4590
1_C4,1_C4,1309,221,0.1622,NA,0.114942529,0.1385712645,MUT,AML4,LEUK19_Plate1_C4_C04_022.fcs,19182,19078,19076,14353,5847,40.7,34,0.24,165568,48192,4936,34.4,3302,17.3,17.3,3420,1570,160128,79104,3284,17.2,17.2,3413,1573,159936,78976,1,154688,41472,146304,38208,494,6404,154688,41600,TRUE,LEUK19,HSC,136701,92098,39153,-180,6105,68,193,666,-253,69,5,353,1674,8968
1_E1,1_E1,1290,226,0.0901,NA,NA,0.0901,MUT,AML4,LEUK19_Plate1_E1_E01_038.fcs,54,54,54,8,2,25,0,0,NA,NA,0,0,46,85.2,85.2,1199,5370,141760,50304,46,85.2,85.2,1199,5370,141760,50304,0,93568,36608,NA,NA,810,2568,93568,36608,TRUE,LEUK19,HSC,135005,82014,17878,-169,6121,222,502,592,-222,39,61,226,1425,15731
3_B8,3_B8,1092,227,0.0796,NA,NA,0.0796,MUT,AML4,LEUK19_Plate3_B8_B08_016.fcs,7897,7892,7891,5343,1137,21.3,95,1.78,144832,42624,1057,19.8,2223,28.2,28.2,2396,2558,147200,61056,2213,28,28,2400,2563,147392,61120,0,138496,36224,138624,37696,549,6186,138752,36800,TRUE,LEUK19,HSC,207842,94605,29814,-27,4997,27,623,227,-135,55,130,315,1641,16426
6_G4,6_G4,1154,227,0.0982,NA,0.071428571,0.0848142855,MUT,AML4,LEUK19_Plate6_G4_G04_065.fcs,8910,8910,8909,7380,9,0.12,0,0,NA,NA,348,4.72,887,9.96,9.96,1738,1705,193088,97856,886,9.94,9.94,1738,1702,193088,97856,0,183488,52416,164096,52800,752,3723,192384,60800,TRUE,LEUK19,HSC,142753,84181,17426,-680,4057,144,3,869,-497,65,108,171,1138,53512
3_B7,3_B7,1085,230,0.0708,NA,NA,0.0708,MUT,AML4,LEUK19_Plate3_B7_B07_015.fcs,2002,1997,1997,1818,242,13.3,7,0.39,202176,72384,1282,70.5,48,2.4,2.4,1832,1104,172096,91200,48,2.4,2.4,1832,1104,172096,91200,0,152960,47168,145216,61760,663,4701,158848,50944,TRUE,LEUK19,HSC,120307,77765,19660,-124,3219,203,260,1223,-62,40,127,164,1012,16676
3_B3,3_B3,1059,230,0.0965,NA,NA,0.0965,MUT,AML4,LEUK19_Plate3_B3_B03_013.fcs,14497,13596,13592,9327,1509,16.2,11,0.12,166912,58560,3871,41.5,3752,27.6,27.6,1702,4228,138944,51456,3749,27.6,27.6,1705,4237,138944,51456,873,137920,40128,136384,39808,499,6516,138048,40320,TRUE,LEUK19,HSC,164810,85175,24900,-155,4393,148,8,745,-169,55,99,252,1614,17821
1_A1,1_A1,1286,231,0.0957,NA,0.098765432,0.097232716,MUT,AML4,LEUK19_Plate1_A1_A01_001.fcs,14777,14727,14680,7887,2137,27.1,1087,13.8,175680,33408,309,3.92,5886,40,40.1,2240,5688,195840,40320,5801,39.4,39.5,2244,5812,195904,40256,1,169600,28800,165248,30656,830,13296,172032,30848,TRUE,LEUK19,HSC,153488,84925,16418,-227,3565,112,79,756,-17,11,110,162,1211,781
6_E4,6_E4,1152,240,0.1186,NA,0.069767442,0.094183721,MUT,AML4,LEUK19_Plate6_E4_E04_043.fcs,6777,6765,6765,5098,832,16.3,1,0.02,143424,44672,3486,68.4,1267,18.7,18.7,2040,1920,152384,68096,1266,18.7,18.7,2040,1917,152320,68096,5,168896,48000,157632,43520,506,4701,169088,48000,TRUE,LEUK19,HSC,168485,86890,22674,-482,2885,255,60,942,-364,122,102,271,1461,47269
1_H6,1_H6,1326,242,0.0661,NA,NA,0.0661,MUT,AML4,LEUK19_Plate1_H6_H06_070.fcs,306,305,305,222,95,42.8,55,24.8,147456,56384,0,0,42,13.8,13.8,2377,1091,181952,89024,2,0.66,0.66,1670,860,137216,67456,0,136448,41024,NA,NA,914,16613,142656,47808,TRUE,LEUK19,HSC,159497,84930,15328,90,4603,83,600,-136,85,37,66,151,2387,28633
1_E5,1_E5,1317,242,0.1102,NA,NA,0.1102,MUT,AML4,LEUK19_Plate1_E5_E05_042.fcs,2409,2403,2402,2361,11,0.47,0,0,NA,NA,896,38,18,0.75,0.75,682,2609,112000,43008,18,0.75,0.75,682,2609,112000,43008,0,133184,38400,139904,35264,788,4299,142592,40128,TRUE,LEUK19,HSC,117053,75091,11787,-16,3147,158,56,2066,-65,10,50,174,1978,16809
2_B12,2_B12,1434,244,0.0992,NA,NA,0.0992,MUT,AML4,LEUK19_Plate2 Upside down plate_G1_G01_059.fcs,13156,13125,12261,8295,366,4.41,3,0.036,188224,72384,1174,14.2,2994,22.8,24.4,1968,2350,169920,77504,2973,22.7,24.2,1964,2359,169920,77312,3,152192,42944,149248,39616,620,7317,153920,44160,TRUE,LEUK19,HSC,158800,83881,23606,-16,5927,161,241,267,-220,30,87,201,1005,4046
3_E6,3_E6,1080,244,0.0909,NA,NA,0.0909,MUT,AML4,LEUK19_Plate3_E6_E06_045.fcs,19097,19082,19072,5832,342,5.86,4,0.069,128064,39744,3790,65,12411,65,65.1,3359,4537,172480,86976,12410,65,65.1,3359,4537,172480,86976,0,162048,45056,148800,39424,464,5082,162048,45248,TRUE,LEUK19,HSC,135646,82006,15009,-34,4656,43,141,230,-96,8,106,184,1767,26293
2_G8,2_G8,1415,252,0.1429,NA,NA,0.1429,MUT,AML4,LEUK19_Plate2 Upside down plate_B5_B05_014.fcs,4987,3769,3749,2660,188,7.07,0,0,NA,NA,1547,58.2,938,24.9,25,2044,3483,138752,62400,937,24.9,25,2044,3490,138752,62400,1180,148736,39808,134272,35904,550,4246,148416,39872,TRUE,LEUK19,HSC,156893,84040,20772,-138,4782,122,-49,1020,-131,4,55,166,1609,23779
3_D9,3_D9,1100,257,0.0781,NA,NA,0.0781,MUT,AML4,LEUK19_Plate3_D9_D09_037.fcs,4417,4414,4412,3834,1371,35.8,51,1.33,154880,54080,1138,29.7,477,10.8,10.8,2323,3400,141248,68928,471,10.7,10.7,2337,3427,141120,68928,0,151744,42240,154048,42496,543,6093,151744,42752,TRUE,LEUK19,HSC,127199,88679,28084,-151,4684,90,-18,-49,-16,44,151,266,1283,22705
2_G1,2_G1,1367,259,0.0543,NA,NA,0.0543,MUT,AML4,LEUK19_Plate2 Upside down plate_B12_B12_017.fcs,13475,13448,13442,9183,2876,31.3,23,0.25,190976,61440,1106,12,3095,23,23,2905,1924,174336,74432,3046,22.7,22.7,2871,1942,174080,74048,0,151552,38144,137920,37248,552,10723,152640,38592,TRUE,LEUK19,HSC,178397,97015,18775,-189,6539,152,-53,257,-256,33,47,164,3225,21868
1_E12,1_E12,1359,260,0.062,NA,NA,0.062,MUT,AML4,LEUK19_Plate1_E12_E12_048.fcs,1485,18,18,13,1,7.69,0,0,NA,NA,0,0,2,11.1,11.1,1931,1379,174912,104320,1,5.56,5.56,1931,1379,174912,104320,1440,80192,47168,NA,NA,1112,3604,132096,72576,TRUE,LEUK19,HSC,161834,85558,22592,-128,4798,140,38,953,-128,23,143,286,1991,18857
1_H11,1_H11,1355,268,0.1439,NA,0.08,0.11195,MUT,AML4,LEUK19_Plate1_H11_H11_075.fcs,13375,13327,13321,9537,3970,41.6,1573,16.5,151104,56512,199,2.09,2563,19.2,19.2,2123,2072,151424,78976,2505,18.8,18.8,2123,2148,151488,78656,1,138368,44288,129088,51200,769,14618,141376,47744,TRUE,LEUK19,HSC,166346,85203,21564,-191,4542,-25,31,139,-167,1,118,257,1393,27193
3_H2,3_H2,1057,273,0.1407,NA,0.073684211,0.1071921055,MUT,AML4,LEUK19_Plate3_H2_H02_073.fcs,2114,2104,2101,1727,360,20.8,481,27.9,135808,43840,271,15.7,331,15.7,15.8,1658,3934,127488,60992,303,14.4,14.4,1624,4176,125824,60864,0,136768,38720,136768,42624,1246,8794,136512,42880,TRUE,LEUK19,HSC,136148,84096,18252,-96,4561,62,-30,404,-138,51,54,175,1701,37564
2_H9,2_H9,1421,279,0.0935,NA,NA,0.0935,MUT,AML4,LEUK19_Plate2 Upside down plate_A4_A04_004.fcs,8613,8543,8540,5441,3597,66.1,140,2.57,157120,47936,147,2.7,2342,27.4,27.4,3476,2152,180352,86272,2308,27,27,3469,2168,180672,86016,1,148608,39616,129536,41600,540,24046,148864,40064,TRUE,LEUK19,HSC,170330,92193,20273,-89,4272,105,-27,162,61,10,106,220,1410,25928
6_F7,6_F7,1175,280,0.0942,NA,NA,0.0942,MUT,AML4,LEUK19_Plate6_F7_F07_057.fcs,2781,2774,2766,1900,2,0.11,0,0,NA,NA,1215,63.9,740,26.7,26.8,1256,4547,141376,55424,739,26.6,26.7,1256,4547,141440,55424,0,119296,32256,144192,39488,281,17779,119296,32256,TRUE,LEUK19,HSC,164976,96584,19597,-1166,6761,226,0,290,-921,37,61,206,2099,50893
2_A1,2_A1,1363,282,0.1214,NA,NA,0.1214,MUT,AML4,LEUK19_Plate2 Upside down plate_H12_H12_077.fcs,8288,8283,8281,2281,72,3.16,1,0.044,201856,69952,91,3.99,5158,62.3,62.3,1722,3083,159744,74112,5138,62,62,1718,3089,159744,74048,0,155264,46656,141504,46528,689,7629,160704,49664,TRUE,LEUK19,HSC,138227,80308,19127,77,3490,-40,1576,18,-137,12,78,240,1054,591
3_G12,3_G12,1125,282,0.1071,NA,NA,0.1071,MUT,AML4,LEUK19_Plate3_G12_G12_072.fcs,310,94,94,86,0,0,0,0,NA,NA,61,70.9,2,2.13,2.13,1547,2249,201920,74176,2,2.13,2.13,1547,2249,201920,74176,188,NA,NA,145536,73472,NA,NA,NA,NA,TRUE,LEUK19,HSC,161684,86050,21254,-124,3112,138,-74,-74,36,55,175,194,917,34635
6_H3,6_H3,1147,284,0.0563,NA,NA,0.0563,MUT,AML4,LEUK19_Plate6_H3_H03_075.fcs,40033,39962,39918,11615,314,2.7,2,0.017,217280,65472,12,0.1,25240,63.2,63.2,2442,4263,142400,67840,25225,63.1,63.2,2442,4263,142400,67840,3,170112,49792,164992,103872,619,7974,170624,50368,TRUE,LEUK19,HSC,144572,80974,22551,-354,2991,98,25,1095,-314,36,118,186,1277,58329
3_B4,3_B4,1066,286,0.0993,NA,0.054054054,0.076677027,MUT,AML4,LEUK19_Plate3_B4_B04_014.fcs,9150,9147,9147,8538,3961,46.4,24,0.28,151104,43584,3801,44.5,512,5.6,5.6,2017,2119,158336,62656,511,5.59,5.59,2021,2119,158336,62784,0,151040,42560,142912,39488,465,5324,151104,42624,TRUE,LEUK19,HSC,192891,93946,30269,-305,8632,179,-164,275,-296,75,80,307,4921,17490
3_C6,3_C6,1078,288,0.1071,NA,NA,0.1071,MUT,AML4,LEUK19_Plate3_C6_C06_024.fcs,24717,24693,24622,11350,18,0.16,0,0,NA,NA,8758,77.2,10915,44.2,44.3,1609,2099,148864,55360,10913,44.2,44.3,1609,2099,148864,55360,0,144832,43136,136960,38400,444,3991,144832,43136,TRUE,LEUK19,HSC,142102,81075,16804,-55,3706,12,65,202,-167,29,57,189,1174,20168
2_C7,2_C7,1404,289,0.0833,NA,NA,0.0833,MUT,AML4,LEUK19_Plate2 Upside down plate_F6_F06_053.fcs,11755,11632,11631,10489,7363,70.2,116,1.11,165376,52416,747,7.12,729,6.27,6.27,4082,1440,168896,92992,718,6.17,6.17,4066,1434,167680,92864,1,147776,39808,135744,36544,484,16004,148096,40064,TRUE,LEUK19,HSC,142101,81254,18788,-102,2926,227,140,310,-37,39,92,182,1225,10265
3_D12,3_D12,1122,289,0.0833,NA,NA,0.0833,MUT,AML4,LEUK19_Plate3_D12_D12_040.fcs,45556,45514,45435,23965,163,0.68,0,0,NA,NA,13300,55.5,17210,37.8,37.9,1467,2275,137920,60800,17206,37.8,37.9,1467,2275,137920,60800,3,161344,46144,136256,40320,606,5556,164608,47360,TRUE,LEUK19,HSC,156692,88872,23773,-74,3355,148,20,29,-53,55,51,162,988,21955
3_G2,3_G2,1056,290,0.1056,NA,0.081818182,0.093709091,MUT,AML4,LEUK19_Plate3_G2_G02_063.fcs,392,391,390,330,6,1.82,0,0,NA,NA,291,88.2,51,13,13.1,1503,3831,156416,65344,51,13,13.1,1503,3831,156416,65344,0,130496,39616,141696,37568,374,3902,130496,39616,TRUE,LEUK19,HSC,142491,85996,23755,-67,4331,132,172,506,-90,18,81,197,1328,31935
3_H4,3_H4,1071,291,0.069,NA,NA,0.069,MUT,AML4,LEUK19_Plate3_H4_H04_074.fcs,8361,3136,3134,2416,363,15,14,0.58,125120,46272,325,13.5,660,21,21.1,1801,7714,132544,66176,660,21,21.1,1801,7714,132544,66176,5131,145856,47360,134848,62912,570,8505,145088,47552,TRUE,LEUK19,HSC,134480,79643,19869,-7,2106,34,7,204,-54,28,125,179,936,37029
6_C11,6_C11,1200,294,0.0909,NA,NA,0.0909,MUT,AML4,LEUK19_Plate6_C11_C11_030.fcs,366,9,9,9,1,11.1,0,0,NA,NA,1,11.1,0,0,0,NA,NA,NA,NA,0,0,0,NA,NA,NA,NA,335,156864,46400,121024,101696,2305,2629,156864,94912,TRUE,LEUK19,HSC,149158,83864,20779,-554,3427,110,291,723,-330,30,87,205,828,42130
3_E9,3_E9,1101,296,0.102,NA,NA,0.102,MUT,AML4,LEUK19_Plate3_E9_E09_047.fcs,1372,26,26,26,1,3.85,0,0,NA,NA,5,19.2,0,0,0,NA,NA,NA,NA,0,0,0,NA,NA,NA,NA,1281,149952,51904,106304,84736,608,2963,149952,51904,TRUE,LEUK19,HSC,138150,85011,20098,-233,4767,222,102,1742,-103,20,76,237,1235,27090
2_C2,2_C2,1370,310,0.0909,NA,0.060344828,0.075622414,MUT,AML4,LEUK19_Plate2 Upside down fill in_F11_F11_086.fcs,10703,10680,10674,6166,323,5.24,1,0.016,174208,56064,5319,86.3,4220,39.5,39.5,3170,3004,150400,59968,4218,39.5,39.5,3170,3004,150400,59968,0,150848,42880,140352,37184,443,3918,151040,42944,TRUE,LEUK19,HSC,154143,82742,21355,-21,3788,92,-29,615,-230,53,77,235,1299,8944
3_A7,3_A7,1084,311,0.0903,NA,NA,0.0903,MUT,AML4,LEUK19_Plate3_A7_A07_005.fcs,2113,2110,2109,1782,0,0,0,0,NA,NA,1658,93,268,12.7,12.7,671,3511,135296,37824,268,12.7,12.7,671,3511,135296,37824,0,NA,NA,143808,37440,NA,NA,NA,NA,TRUE,LEUK19,HSC,170345,95448,33353,-25,4253,3658,-14,1651,1537,46,48,336,1566,4807
2_G7,2_G7,1408,313,0.1097,NA,NA,0.1097,MUT,AML4,LEUK19_Plate2 Upside down plate_B6_B06_015.fcs,5231,5212,5208,4694,3793,80.8,228,4.86,157696,56192,42,0.89,428,8.21,8.22,2177,3723,144512,70528,375,7.19,7.2,2148,4246,141824,67904,1,139328,39680,128512,39680,544,17862,140160,40512,TRUE,LEUK19,HSC,157521,83830,19977,-205,4957,-3,-74,396,-52,80,95,281,1593,23499
6_A3,6_A3,1141,313,0.1338,NA,0.061403509,0.0976017545,MUT,AML4,LEUK19_Plate6_A3_A03_002.fcs,2518,2512,2512,850,3,0.35,0,0,NA,NA,334,39.3,1471,58.6,58.6,1358,3279,152704,55296,1471,58.6,58.6,1358,3279,152704,55296,0,166208,54592,160704,47296,801,3253,166208,54592,TRUE,LEUK19,HSC,103910,83342,22046,-156,2441,1077,-40,161,992,36,69,165,949,3963
3_B10,3_B10,1106,314,0.0789,NA,NA,0.0789,MUT,AML4,LEUK19_Plate3_B10_B10_017.fcs,1904,1899,1899,1639,763,46.6,22,1.34,162816,64448,353,21.5,216,11.4,11.4,1509,3641,145152,58816,214,11.3,11.3,1512,3641,145152,58816,0,140480,41920,138560,43456,518,6531,141696,42496,TRUE,LEUK19,HSC,153986,84343,23938,-273,9990,240,67,32,-297,51,113,253,2153,15738
2_E7,2_E7,1406,315,0.1019,NA,NA,0.1019,MUT,AML4,LEUK19_Plate2 Upside down plate_D6_D06_031.fcs,29119,29038,29024,17343,519,2.99,3,0.017,127744,51008,7239,41.7,8043,27.7,27.7,1489,1983,142080,54656,8000,27.6,27.6,1487,1991,141952,54528,2,153344,42752,132736,35264,577,4334,157824,45696,TRUE,LEUK19,HSC,171512,92543,15758,53,2654,237,4,491,-114,11,124,189,1148,16698
1_C5,1_C5,1315,320,0.1329,NA,NA,0.1329,MUT,AML4,LEUK19_Plate1_C5_C05_023.fcs,4776,4754,4745,2687,6,0.22,0,0,NA,NA,1277,47.5,1887,39.7,39.8,1680,5147,133504,49024,1884,39.6,39.7,1680,5147,133504,48960,0,123776,36288,130816,34496,1432,3476,142976,57728,TRUE,LEUK19,HSC,115937,77528,10778,20,2683,60,18,104,-101,47,23,120,745,9196
3_E12,3_E12,1123,323,0.0938,NA,NA,0.0938,MUT,AML4,LEUK19_Plate3_E12_E12_049.fcs,5762,5751,5746,2880,14,0.49,0,0,NA,NA,2329,80.9,2458,42.7,42.8,1630,2568,151744,63744,2456,42.7,42.7,1630,2568,151744,63744,0,156992,40832,150208,40896,515,3366,156992,40832,TRUE,LEUK19,HSC,161676,87128,24325,90,4530,238,5079,-155,167,35,102,205,2351,27880
1_E7,1_E7,1329,325,0.1173,NA,NA,0.1173,MUT,AML4,LEUK19_Plate1_E7_E07_044.fcs,15707,15623,15617,13144,755,5.74,3,0.023,186560,77120,9777,74.4,1672,10.7,10.7,2593,1764,151104,73088,1666,10.7,10.7,2588,1767,150976,73024,0,148160,43520,137536,39552,544,4263,150528,44864,TRUE,LEUK19,HSC,149423,82378,19836,96,3176,75,96,842,-26,40,109,175,1258,17343
3_F8,3_F8,1095,326,0.0932,NA,0.052173913,0.07268695650000001,MUT,AML4,LEUK19_Plate3_F8_F08_057.fcs,529,523,515,176,0,0,0,0,NA,NA,45,25.6,328,62.7,63.7,1899,6363,159296,70272,328,62.7,63.7,1899,6363,159296,70272,2,NA,NA,153344,46016,NA,NA,NA,NA,TRUE,LEUK19,HSC,162190,91371,17970,-77,4575,27,-40,125,-122,24,87,197,1259,29166
2_A10,2_A10,1422,328,0.1006,NA,NA,0.1006,MUT,AML4,LEUK19_Plate2 Upside down plate_H3_H03_069.fcs,606,603,573,184,2,1.09,0,0,NA,NA,5,2.72,324,53.7,56.5,1741,3120,163392,66688,311,51.6,54.3,1699,3253,163072,65600,0,124416,47424,104064,50816,1549,5039,126208,90304,TRUE,LEUK19,HSC,127464,79110,13089,24,5387,286,22,1261,53,42,23,183,1332,2973
2_E5,2_E5,1392,331,0.0798,NA,NA,0.0798,MUT,AML4,LEUK19_Plate2 Upside down plate_D8_D08_033.fcs,5954,5921,5906,2877,409,14.2,5,0.17,169664,56000,1084,37.7,2374,40.1,40.2,4462,2206,197760,101184,2349,39.7,39.8,4453,2227,197440,100480,4,150592,40960,136384,35968,507,5404,152064,42240,TRUE,LEUK19,HSC,138668,86946,34719,-93,4867,87,-20,200,-136,80,61,220,1405,16192
3_G10,3_G10,1110,334,0.053900000000000003,NA,NA,0.053900000000000003,MUT,AML4,LEUK19_Plate3_G10_G10_070.fcs,2506,2500,2499,2361,65,2.75,0,0,NA,NA,2245,95.1,123,4.92,4.92,1808,3028,150208,67392,123,4.92,4.92,1808,3028,150208,67392,0,171776,46208,158528,41344,529,3626,171776,46208,TRUE,LEUK19,HSC,148663,86161,20577,4,3097,-40,68,514,-133,24,167,188,1168,34140
1_G6,1_G6,1325,337,0.119,NA,0.057377049,0.0881885245,MUT,AML4,LEUK19_Plate1_G6_G06_064.fcs,4689,4681,4681,4349,2977,68.5,25,0.57,197312,65728,496,11.4,258,5.51,5.51,1983,2865,140160,72320,252,5.38,5.38,1983,2882,139200,72064,0,141824,38848,136384,38016,518,10699,142080,39104,TRUE,LEUK19,HSC,153661,86588,33229,-105,3811,49,328,723,48,53,64,333,1107,24575
6_G10,6_G10,1197,339,0.119,NA,NA,0.119,MUT,AML4,LEUK19_Plate6_G10_G10_071.fcs,8463,8458,8456,7426,3319,44.7,8,0.11,185664,66880,236,3.18,775,9.16,9.17,1686,2206,169280,97088,775,9.16,9.17,1686,2206,169280,97088,1,160384,44928,159744,49792,480,7512,160640,44992,TRUE,LEUK19,HSC,152941,86291,22657,-630,4182,233,-34,294,-413,55,110,246,1482,54971
1_A4,1_A4,1307,341,0.1065,NA,0.056451613,0.0814758065,MUT,AML4,LEUK19_Plate1_A4_A04_004.fcs,7063,7031,7000,5100,1967,38.6,7,0.14,225216,28800,1367,26.8,1323,18.8,18.9,2301,1630,204928,48448,1260,17.9,18,2275,1646,207360,48192,0,203776,27776,196416,27456,506,7414,203584,27904,TRUE,LEUK19,HSC,141591,81379,20938,-155,7002,201,316,1123,-137,20,112,203,2763,1515
3_E4,3_E4,1068,355,0.0904,NA,NA,0.0904,MUT,AML4,LEUK19_Plate3_E4_E04_043.fcs,44866,44826,44821,21738,15,0.069,0,0,NA,NA,13148,60.5,19291,43,43,1290,2734,132224,46848,19289,43,43,1290,2734,132224,46848,4,135552,37376,141120,37760,427,7714,135232,37376,TRUE,LEUK19,HSC,158727,86703,19174,2,5282,167,301,148,-58,55,64,231,1310,25771
3_G9,3_G9,1103,362,0.1167,NA,0.063492063,0.0900960315,MUT,AML4,LEUK19_Plate3_G9_G09_069.fcs,14283,2835,2835,2728,737,27,6,0.22,118464,54272,800,29.3,47,1.66,1.66,1355,1709,144192,80256,47,1.66,1.66,1355,1709,144192,80256,10809,152128,43968,151040,52224,527,5628,152320,44032,TRUE,LEUK19,HSC,184595,96410,22368,-104,4824,58,127,1211,-249,33,143,304,2087,33879
6_A8,6_A8,1178,369,0.0884,NA,NA,0.0884,MUT,AML4,LEUK19_Plate6_A8_A08_007.fcs,19055,19037,19037,11210,4781,42.6,565,5.04,149504,51392,914,8.15,6621,34.8,34.8,2048,3469,142976,62080,6609,34.7,34.7,2048,3469,142912,62080,1,148864,47936,153408,52352,611,8873,148992,48448,TRUE,LEUK19,HSC,196750,92532,33690,189,2568,3287,11,754,4029,65,16,354,2208,6186
4_D7,4_D7,941,372,NA,NA,NA,0,WT,AML4,LEUK19_Plate4_D7_D07_019.fcs,4543,4538,4476,285,23,8.07,0,0,NA,NA,137,48.1,4038,89,90.2,2799,4099,179904,80000,4038,89,90.2,2799,4099,179904,80000,0,142656,50752,122560,43968,444,7269,142656,50752,TRUE,LEUK19,HSC,214919,103295,29495,-122,6995,-30,1792,134,-381,37,93,188,1703,12064
3_C12,3_C12,1121,376,0.0919,NA,NA,0.0919,MUT,AML4,LEUK19_Plate3_C12_C12_029.fcs,51495,51467,51108,24314,25,0.1,0,0,NA,NA,8579,35.3,21653,42.1,42.4,1237,2655,126656,49600,21648,42.1,42.4,1237,2655,126656,49600,6,144128,44096,143488,42112,588,7284,150336,48064,TRUE,LEUK19,HSC,129458,79430,16712,-144,6059,148,848,443,-154,23,104,206,1250,21691
6_H6,6_H6,1169,377,0.1129,NA,NA,0.1129,MUT,AML4,LEUK19_Plate6_H6_H06_078.fcs,6790,6779,6768,1813,128,7.06,2,0.11,150784,48704,0,0,4642,68.5,68.6,3201,6015,155136,71872,4636,68.4,68.5,3201,6015,155136,71872,1,167552,48576,NA,NA,593,7562,167872,48768,TRUE,LEUK19,HSC,159053,84695,17096,-745,4750,127,2199,815,-475,5,136,261,1424,57501
2_D7,2_D7,1405,379,0.0699,NA,NA,0.0699,MUT,AML4,LEUK19_Plate2 Upside down plate_E6_E06_042.fcs,8894,8879,8877,8064,4449,55.2,65,0.81,195712,70912,683,8.47,666,7.5,7.5,2177,3286,135808,66624,655,7.38,7.38,2202,3319,135680,66432,2,150208,43648,139072,42240,556,10341,151040,44096,TRUE,LEUK19,HSC,157987,83719,18404,-264,10329,10,59,29,-420,37,53,257,5438,13497
2_H12,2_H12,1439,384,0.125,NA,0.070422535,0.0977112675,MUT,AML4,LEUK19_Plate2 Upside down plate_A1_A01_001.fcs,394,392,390,56,2,3.57,0,0,NA,NA,1,1.79,309,78.8,79.2,2323,6093,190208,81280,309,78.8,79.2,2323,6093,190208,81280,0,131008,37312,80960,49344,1125,4108,141184,59136,TRUE,LEUK19,HSC,148424,81718,15877,-79,4546,182,111,339,-143,34,99,198,1371,25186
3_G3,3_G3,1063,385,0.0681,NA,NA,0.0681,MUT,AML4,LEUK19_Plate3_G3_G03_064.fcs,9082,8845,8841,4608,1,0.022,0,0,NA,NA,2411,52.3,3835,43.4,43.4,1040,6404,129088,47296,3833,43.3,43.4,1040,6404,129088,47296,159,162880,54720,140032,39616,606,8117,162880,54720,TRUE,LEUK19,HSC,138758,81594,14790,-108,6020,199,2381,211,-313,14,134,194,3653,32342
2_D6,2_D6,1398,390,0.1244,NA,0.076923077,0.10066153850000001,MUT,AML4,LEUK19_Plate2 Upside down plate_E7_E07_043.fcs,10161,10148,10133,5774,17,0.29,0,0,NA,NA,1984,34.4,2995,29.5,29.6,3145,1860,186624,82432,2940,29,29,3120,1870,185984,81664,2,153600,43456,140096,38016,3469,3590,207360,96192,TRUE,LEUK19,HSC,134178,79195,19387,44,2803,15,782,422,-64,12,118,224,1092,13731
2_F2,2_F2,1373,391,0.0923,NA,NA,0.0923,MUT,AML4,LEUK19_Plate2 Upside down plate_C11_C11_026.fcs,3683,3653,3651,3000,1526,50.9,6,0.2,208064,74880,847,28.2,523,14.3,14.3,2911,2275,160192,71680,519,14.2,14.2,2911,2279,160192,71232,0,148288,40512,137984,38144,483,6474,148992,40960,TRUE,LEUK19,HSC,153343,82873,19760,-10,2838,5,84,98,-35,22,67,186,1149,21363
2_E6,2_E6,1399,394,0.0674,NA,NA,0.0674,MUT,AML4,LEUK19_Plate2 Upside down plate_D7_D07_032.fcs,3092,29,29,28,0,0,0,0,NA,NA,0,0,1,3.45,3.45,772,1976,126272,36288,1,3.45,3.45,772,1976,126272,36288,2986,NA,NA,NA,NA,1424,3299,165632,74176,TRUE,LEUK19,HSC,134429,80599,18372,-44,4124,85,35,130,-114,45,91,134,1191,16459
3_H6,3_H6,1083,394,0.1071,NA,NA,0.1071,MUT,AML4,LEUK19_Plate3_H6_H06_076.fcs,2455,2446,2444,989,511,51.7,17,1.72,164224,48128,298,30.1,1369,56,56,3554,3604,163008,78016,1367,55.9,55.9,3554,3604,163328,78080,0,150080,42368,147904,43584,478,7205,150080,42752,TRUE,LEUK19,HSC,156487,81579,15724,-42,2495,72,1,314,-133,26,166,204,827,36436
3_G7,3_G7,1089,397,0.1282,NA,NA,0.1282,MUT,AML4,LEUK19_Plate3_G7_G07_067.fcs,5911,5902,5894,2721,95,3.49,0,0,NA,NA,2153,79.1,2791,47.3,47.4,2377,2210,152320,66688,2790,47.3,47.3,2377,2210,152320,66688,0,159424,42880,148608,39360,454,4721,159424,42880,TRUE,LEUK19,HSC,191256,94792,34717,-246,5471,176,-20,236,-260,44,138,234,1378,33364
3_D1,3_D1,1048,397,0.1134,NA,NA,0.1134,MUT,AML4,LEUK19_Plate3_D1_D01_030.fcs,3741,3725,3725,3462,858,24.8,7,0.2,161920,47808,2458,71,231,6.2,6.2,1718,3234,141504,61568,231,6.2,6.2,1718,3234,141504,61568,0,158144,43072,151616,41600,513,4731,158144,43072,TRUE,LEUK19,HSC,122343,78495,17726,29,3658,89,35,808,-118,39,78,174,1127,24613
2_C10,2_C10,1423,398,0.1269,NA,NA,0.1269,MUT,AML4,LEUK19_Plate2 Upside down plate_F3_F03_050.fcs,3222,3188,3173,1896,25,1.32,1,0.053,127872,45952,1415,74.6,972,30.5,30.6,1506,2871,138816,53632,971,30.5,30.6,1506,2877,138816,53696,1,139072,38208,135360,34944,937,3547,154688,53824,TRUE,LEUK19,HSC,126875,78736,16350,-108,5219,175,-16,352,-214,49,131,161,2764,11263
4_C6,4_C6,937,401,NA,NA,NA,0,WT,AML4,LEUK19_Plate4_C6_C06_012.fcs,3901,3896,3894,3106,196,6.31,0,0,NA,NA,2558,82.4,569,14.6,14.6,1860,1784,151104,56128,569,14.6,14.6,1860,1784,151104,56128,0,155520,44992,141504,39616,480,4091,155520,44992,TRUE,LEUK19,HSC,154445,84401,19383,-101,3864,61,138,884,-127,59,125,240,1334,8937
1_E10,1_E10,1347,408,0.1084,NA,NA,0.1084,MUT,AML4,LEUK19_Plate1_E10_E10_046.fcs,3584,3574,3571,3291,2472,75.1,477,14.5,148032,55232,24,0.73,219,6.13,6.13,2227,2957,153408,79168,194,5.43,5.43,2396,3400,153024,80064,1,137536,41472,132992,39488,641,20862,139008,43328,TRUE,LEUK19,HSC,161825,85428,18372,-72,4239,90,511,389,68,22,83,235,1629,18151
1_C6,1_C6,1322,408,0.0842,NA,NA,0.0842,MUT,AML4,LEUK19_Plate1_C6_C06_024.fcs,22646,22573,21678,12092,56,0.46,0,0,NA,NA,6516,53.9,6896,30.5,31.8,1535,2275,142976,56320,6871,30.4,31.7,1532,2279,142912,56256,0,146560,41664,139264,36992,1223,3483,158400,61504,TRUE,LEUK19,HSC,162914,91345,16435,90,3240,99,976,171,-143,36,88,203,1347,9400
3_H7,3_H7,1090,412,0.0931,NA,NA,0.0931,MUT,AML4,LEUK19_Plate3_H7_H07_077.fcs,1261,1257,1257,1131,3,0.27,0,0,NA,NA,1108,98,103,8.19,8.19,1046,3089,137280,57600,103,8.19,8.19,1046,3089,137280,57600,0,147968,44544,147008,37824,628,5964,147968,44544,TRUE,LEUK19,HSC,166068,89158,22992,-81,3267,95,-7,84,-105,42,123,222,1503,36240
6_G8,6_G8,1183,413,0.1165,NA,NA,0.1165,MUT,AML4,LEUK19_Plate6_G8_G08_069.fcs,1079,1079,1079,1052,413,39.3,4,0.38,174144,75072,176,16.7,14,1.3,1.3,1456,1867,184896,104960,14,1.3,1.3,1456,1867,184896,104960,0,170752,48768,156416,55744,599,4976,169728,50176,TRUE,LEUK19,HSC,153812,84267,21262,-252,2469,63,76,158,-320,43,165,176,979,54460
3_D2,3_D2,1053,415,0.1144,NA,NA,0.1144,MUT,AML4,LEUK19_Plate3_D2_D02_031.fcs,897,894,894,390,1,0.26,0,0,NA,NA,72,18.5,400,44.7,44.7,1991,2583,160384,61248,400,44.7,44.7,1991,2583,160384,61248,0,157760,54144,132096,45248,671,2428,91584,54144,TRUE,LEUK19,HSC,123450,78650,13101,-97,2078,155,131,800,-9,22,98,132,1297,24327
2_B4,2_B4,1384,423,0.0721,NA,NA,0.0721,MUT,AML4,LEUK19_Plate2 Upside down fill in_G9_G09_087.fcs,684,683,683,640,327,51.1,24,3.75,148800,55360,209,32.7,15,2.2,2.2,2006,1181,171328,93568,15,2.2,2.2,2006,1181,171328,93568,0,140736,41408,139200,68800,568,8524,143168,43264,TRUE,LEUK19,HSC,144419,83312,25922,-89,4079,127,-52,364,-3,46,139,219,1362,7244
3_F10,3_F10,1109,424,0.0711,NA,NA,0.0711,MUT,AML4,LEUK19_Plate3_F10_F10_059.fcs,5363,5359,5357,4293,41,0.96,0,0,NA,NA,3893,90.7,851,15.9,15.9,2002,2025,149504,66304,850,15.9,15.9,2002,2021,149440,66240,0,171200,51072,149696,41280,597,3816,171200,51072,TRUE,LEUK19,HSC,177917,89103,25135,9,3120,10,311,55,14,42,174,264,987,28605
6_A2,6_A2,1133,429,0.1116,NA,0.126582278,0.119091139,MUT,AML4,LEUK19_Plate6_A2_A02_001.fcs,382,378,377,295,62,21,11,3.73,174976,60416,62,21,58,15.3,15.4,1213,2810,135744,58304,58,15.3,15.4,1213,2810,135744,58304,2,140224,46272,131520,49920,702,5664,143616,48832,TRUE,LEUK19,HSC,193847,101893,37899,-65,4929,3123,8,957,529,90,66,455,1771,1960
3_E7,3_E7,1087,436,0.1101,NA,0.075,0.09255,MUT,AML4,LEUK19_Plate3_E7_E07_046.fcs,4358,4351,4346,3798,2377,62.6,5,0.13,169088,66432,426,11.2,490,11.3,11.3,1705,5664,134400,63744,490,11.3,11.3,1705,5664,134400,63744,1,154240,45824,145344,43648,490,7049,154304,45952,TRUE,LEUK19,HSC,122109,80608,30370,-11,5066,185,-60,46,-342,49,120,219,1177,26557
6_C8,6_C8,1179,437,0.0833,NA,NA,0.0833,MUT,AML4,LEUK19_Plate6_C8_C08_027.fcs,35319,35291,35274,19138,160,0.84,6,0.031,144064,63936,17535,91.6,13091,37.1,37.1,1791,2377,138304,63616,13086,37.1,37.1,1791,2377,138240,63616,1,154240,45120,132288,44864,570,4057,156160,46720,TRUE,LEUK19,HSC,158677,83360,20580,-565,3345,110,43,470,-497,52,148,246,1782,41158
4_G7,4_G7,944,439,NA,NA,NA,0,WT,AML4,LEUK19_Plate4_G7_G07_035.fcs,45732,45696,45604,24542,269,1.1,3,0.012,108928,61440,19472,79.3,17448,38.2,38.3,1202,2236,120000,49920,17446,38.2,38.3,1202,2236,120000,49856,0,158080,55616,132864,46848,531,3808,157824,55872,TRUE,LEUK19,HSC,147651,82988,21454,-249,5635,189,108,737,-182,21,76,170,1806,21294
1_D11,1_D11,1351,448,0.1441,NA,0.076023392,0.110061696,MUT,AML4,LEUK19_Plate1_D11_D11_037.fcs,3286,3284,3284,3173,2077,65.5,577,18.2,171840,67712,28,0.88,76,2.31,2.31,3221,1612,205632,111936,64,1.95,1.95,3366,1612,206720,115328,0,148608,41152,143296,41856,677,26196,153984,45888,TRUE,LEUK19,HSC,167141,85207,24179,-99,4841,112,570,405,61,12,140,221,1909,11874
3_D6,3_D6,1079,454,0.0881,NA,NA,0.0881,MUT,AML4,LEUK19_Plate3_D6_D06_034.fcs,4268,4258,4257,2716,123,4.53,0,0,NA,NA,1857,68.4,1356,31.8,31.9,1961,2799,154304,67264,1355,31.8,31.8,1964,2804,154304,67264,0,149888,41664,142784,38464,490,4556,149888,41664,TRUE,LEUK19,HSC,140505,82175,18570,59,3999,91,8,926,-110,50,158,201,969,23346
6_F5,6_F5,1160,456,0.1195,NA,0.082352941,0.1009264705,MUT,AML4,LEUK19_Plate6_F5_F05_055.fcs,27265,27242,27237,13533,1316,9.72,2,0.015,172736,79744,6299,46.5,11807,43.3,43.3,1658,2519,153024,66304,11804,43.3,43.3,1658,2519,153024,66304,3,163712,44928,154752,42176,486,4821,163904,45056,TRUE,LEUK19,HSC,146469,86298,15797,-634,3243,38,21,268,-423,53,116,188,922,51431
3_G6,3_G6,1082,459,0.0786,NA,NA,0.0786,MUT,AML4,LEUK19_Plate3_G6_G06_066.fcs,1598,1595,1595,1329,630,47.4,12,0.9,153600,42496,524,39.4,199,12.5,12.5,2099,1512,147712,67328,199,12.5,12.5,2099,1512,147712,67328,0,148352,39808,147008,38656,473,5774,148480,39936,TRUE,LEUK19,HSC,152816,85152,15578,-208,7330,147,-78,900,-325,32,81,176,4437,33081
3_D5,3_D5,1074,462,0.1087,NA,NA,0.1087,MUT,AML4,LEUK19_Plate3_D5_D05_033.fcs,12939,12919,12916,9813,3887,39.6,622,6.34,150080,51136,3062,31.2,2582,20,20,1874,3034,130688,63424,2514,19.5,19.5,1902,3107,130816,63616,0,150464,44160,146112,42368,636,6253,149952,45376,TRUE,LEUK19,HSC,176581,92107,20800,-168,4461,24,-36,138,-112,44,152,235,1316,23554
6_E9,6_E9,1188,462,0.1096,NA,NA,0.1096,MUT,AML4,LEUK19_Plate6_E9_E09_047.fcs,21590,21576,21555,9251,6,0.065,2,0.022,108800,64000,5332,57.6,10424,48.3,48.4,1242,2826,141312,52096,10424,48.3,48.4,1242,2826,141312,52096,0,155584,44672,140736,37568,531,9929,156992,59712,TRUE,LEUK19,HSC,159358,87471,17538,-816,4792,86,179,678,-580,22,205,172,1656,48454
2_A4,2_A4,1383,478,0.0669,NA,NA,0.0669,MUT,AML4,LEUK19_Plate2 Upside down plate_H9_H09_075.fcs,12943,12917,12909,6240,2396,38.4,62,0.99,162688,71872,914,14.6,5673,43.9,43.9,3345,2634,169920,89920,5538,42.9,42.9,3332,2691,169920,89280,0,152192,46784,146240,47552,543,11120,152960,48064,TRUE,LEUK19,HSC,152207,86121,19891,-134,6519,109,-65,228,-246,10,67,224,2193,1329
6_B9,6_B9,1185,480,0.089,NA,NA,0.089,MUT,AML4,LEUK19_Plate6_B9_B09_017.fcs,11373,7275,7273,6690,5115,76.5,748,11.2,132416,43072,221,3.3,541,7.44,7.44,2040,4444,146112,65152,533,7.33,7.33,2052,4500,146304,65280,4040,137920,39360,140032,45760,553,12296,137408,39808,TRUE,LEUK19,HSC,187587,91557,26818,-37,2622,2201,16,947,1106,16,113,252,909,23962
1_G11,1_G11,1354,488,0.0792,NA,NA,0.0792,MUT,AML4,LEUK19_Plate1_G11_G11_066.fcs,23325,6333,6332,6117,1500,24.5,4,0.065,135872,79168,777,12.7,133,2.1,2.1,1612,3847,117824,62272,123,1.94,1.94,1588,4116,116864,61376,15495,138944,39616,136832,40128,543,7269,140992,40832,TRUE,LEUK19,HSC,137245,80161,15682,-15,3090,72,-30,367,-104,35,113,172,1586,26337
2_F12,2_F12,1437,496,0.1048,NA,NA,0.1048,MUT,AML4,LEUK19_Plate2 Upside down plate_C1_C01_018.fcs,2515,2504,2504,2318,1973,85.1,42,1.81,154112,49728,77,3.32,162,6.47,6.47,1774,3785,146816,61888,155,6.19,6.19,1774,3959,146816,61888,0,142976,35520,138368,37760,512,16117,143552,35840,TRUE,LEUK19,HSC,152477,82501,26960,-10,5452,75,125,73,-213,44,48,240,1389,18400
6_H9,6_H9,1190,524,0.0811,NA,NA,0.0811,MUT,AML4,LEUK19_Plate6_H9_H09_080.fcs,917,916,910,100,16,16,0,0,NA,NA,1,1,792,86.5,87,5912,10772,197056,123072,790,86.2,86.8,5912,10772,197440,123072,0,157824,49920,222528,206144,550,13828,157824,49920,TRUE,LEUK19,HSC,116839,79327,25934,-562,3309,164,-39,234,-198,96,32,238,1390,56651
6_E11,6_E11,1201,525,0.1034,NA,NA,0.1034,MUT,AML4,LEUK19_Plate6_E11_E11_049.fcs,204,201,201,197,121,61.4,0,0,NA,NA,61,31,4,1.99,1.99,1426,3151,136256,51648,4,1.99,1.99,1426,3151,136256,51648,0,149696,41472,146176,40448,487,4721,149696,41472,TRUE,LEUK19,HSC,170800,86335,22423,-1331,8404,285,-106,517,-45,111,104,299,5622,48856
3_H3,3_H3,1064,526,0.0805,NA,NA,0.0805,MUT,AML4,LEUK19_Plate3_H3_H3_H03_082.fcs,8297,5584,5553,2877,0,0,0,0,NA,NA,1131,39.3,2417,43.3,43.5,929,7496,129856,45696,2417,43.3,43.5,929,7496,129856,45696,2680,NA,NA,144384,39168,1295,2877,135936,92864,TRUE,LEUK19,HSC,148035,83712,14690,-65,4828,-5,40,396,-251,5,118,209,1403,37277
3_C11,3_C11,1114,532,0.1107,NA,NA,0.1107,MUT,AML4,LEUK19_Plate3_C11_C11_028.fcs,57738,57698,57407,32915,177,0.54,2,0.00608,112192,34304,17864,54.3,18095,31.4,31.5,1197,2262,127552,47168,18092,31.4,31.5,1197,2262,127552,47168,2,160576,47168,141376,38848,524,4281,160512,47232,TRUE,LEUK19,HSC,152019,84183,20089,-187,3934,279,196,1338,-196,40,76,221,1750,21439
4_H10,4_H10,947,543,NA,NA,NA,0,WT,AML4,LEUK19_Plate4_H10_H10_042.fcs,21971,21953,21944,11864,4721,39.8,375,3.16,163328,48576,2082,17.5,8294,37.8,37.8,2262,2160,158016,75776,8286,37.7,37.8,2262,2160,158016,75776,1,157184,43328,154304,46208,588,7512,157760,43904,TRUE,LEUK19,HSC,183092,91857,44105,-61,5315,125,4,82,-146,51,149,293,2128,23454
3_B11,3_B11,1113,554,0.1136,NA,0.056122449,0.0848612245,MUT,AML4,LEUK19_Plate3_B11_B11_018.fcs,9712,8940,8935,6913,1929,27.9,3,0.043,134720,80192,2170,31.4,1830,20.5,20.5,1405,4692,135168,57152,1826,20.4,20.4,1405,4692,135168,57152,734,140800,40960,139776,39488,464,5616,140864,41024,TRUE,LEUK19,HSC,200402,90663,39533,-54,4628,153,198,-11,-35,48,93,373,1941,15496
2_D1,2_D1,1365,556,0.0909,NA,NA,0.0909,MUT,AML4,LEUK19_Plate2 Upside down plate_E12_E12_048.fcs,9056,9007,8975,3339,394,11.8,2,0.06,186496,63488,1045,31.3,5025,55.8,56,3138,3352,175936,76992,5005,55.6,55.8,3126,3352,175744,76864,0,158848,42816,149696,39168,573,4771,161792,45056,TRUE,LEUK19,HSC,126636,79089,18310,-147,3522,77,188,733,5,42,45,206,1325,15106
6_H5,6_H5,1162,559,0.1087,NA,0.0625,0.08560000000000001,MUT,AML4,LEUK19_Plate6_H5_H05_077.fcs,3647,506,506,472,2,0.42,0,0,NA,NA,86,18.2,1,0.2,0.2,403,1606,112192,90496,1,0.2,0.2,403,1606,112192,90496,2592,95104,57152,130624,73280,630,4032,95104,57152,TRUE,LEUK19,HSC,141103,80292,21147,-618,3465,218,479,525,-423,58,185,191,1397,57756
3_C8,3_C8,1093,561,0.0794,NA,NA,0.0794,MUT,AML4,LEUK19_Plate3_C8_C08_025.fcs,1061,9,9,8,0,0,0,0,NA,NA,2,25,1,11.1,11.1,2888,2860,119424,59200,1,11.1,11.1,2888,2860,119424,59200,1007,NA,NA,134912,133056,NA,NA,NA,NA,TRUE,LEUK19,HSC,171719,86027,23603,-22,3753,131,29,357,-29,30,37,257,1369,20734
3_G11,3_G11,1118,567,0.1246,NA,NA,0.1246,MUT,AML4,LEUK19_Plate3_G11_G11_071.fcs,210,186,186,163,0,0,0,0,NA,NA,84,51.5,8,4.3,4.3,2152,964,154240,112896,8,4.3,4.3,2152,964,154240,112896,16,NA,NA,145856,77440,3504,4389,192960,149312,TRUE,LEUK19,HSC,157448,83848,26986,-7,3238,4,238,148,-45,76,179,306,1174,34390
3_A10,3_A10,1105,567,0.1139,NA,NA,0.1139,MUT,AML4,LEUK19_Plate3_A10_A10_008.fcs,55,55,55,55,45,81.8,0,0,NA,NA,9,16.4,0,0,0,NA,NA,NA,NA,0,0,0,NA,NA,NA,NA,0,156416,50112,154688,42624,571,5359,156416,50112,TRUE,LEUK19,HSC,185882,88634,26074,176,2909,2323,-11,859,631,60,107,261,1117,9447
4_F5,4_F5,935,568,NA,NA,NA,0,WT,AML4,LEUK19_Plate4_F5_F05_027.fcs,26968,26935,26933,17867,7081,39.6,23,0.13,165184,47936,6388,35.8,7923,29.4,29.4,2480,2177,146560,67648,7919,29.4,29.4,2480,2177,146496,67648,2,157312,42304,149504,38976,438,6028,157376,42432,TRUE,LEUK19,HSC,167328,91069,25411,-124,4111,119,162,227,-102,78,141,291,1639,18677
1_B12,1_B12,1357,576,0.1007,NA,NA,0.1007,MUT,AML4,LEUK19_Plate1_B12_B12_018.fcs,797,796,794,532,381,71.6,13,2.44,160640,55104,6,1.13,227,28.5,28.6,4518,2231,202752,112256,213,26.8,26.8,4490,2288,198720,108096,0,151744,41984,130624,57152,550,36284,155072,42496,TRUE,LEUK19,HSC,180478,88323,35500,-256,6511,40,380,63,-70,45,112,238,2000,4174
6_A10,6_A10,1191,581,0.0865,NA,NA,0.0865,MUT,AML4,LEUK19_Plate6_A10_A10_009.fcs,10680,10676,10673,1864,171,9.17,4,0.21,163264,49472,380,20.4,7683,72,72,2056,2676,177984,72384,7682,72,72,2056,2676,177984,72384,0,156544,48704,148736,48896,562,6160,156992,49472,TRUE,LEUK19,HSC,196954,97950,43282,-684,7802,3128,127,857,1564,143,-57,400,2656,12657
3_C9,3_C9,1099,582,0.0919,NA,NA,0.0919,MUT,AML4,LEUK19_Plate3_C9_C09_026.fcs,13688,13683,13679,12165,4063,33.4,576,4.73,155072,47552,6205,51,1045,7.64,7.64,2382,1397,167168,78656,1036,7.57,7.57,2391,1402,167104,78272,0,150208,41280,144704,39936,603,5824,150656,42368,TRUE,LEUK19,HSC,191201,93130,30329,-61,3816,125,114,160,-73,38,75,238,1849,20985
3_F6,3_F6,1081,597,0.0949,NA,NA,0.0949,MUT,AML4,LEUK19_Plate3_F6_F06_055.fcs,18294,18269,18257,12291,4676,38,62,0.5,161984,49280,2958,24.1,5390,29.5,29.5,3201,4481,190016,105920,5382,29.5,29.5,3208,4481,190016,105920,0,153344,44544,154816,44736,499,7817,153728,44608,TRUE,LEUK19,HSC,129376,78902,17575,-92,3521,93,58,451,-100,16,162,259,986,29662
3_F4,3_F4,1069,599,0.0816,NA,NA,0.0816,MUT,AML4,LEUK19_Plate3_F4_F04_053.fcs,2339,2335,2055,1110,1,0.09,0,0,NA,NA,90,8.11,706,30.2,34.4,1280,2826,141504,52544,706,30.2,34.4,1280,2826,141504,52544,0,131072,29760,130496,42240,448,2447,95552,29760,TRUE,LEUK19,HSC,167790,87568,19625,-64,4460,35,101,134,-208,34,201,191,1774,30297
3_A12,3_A12,1119,599,0.0983,NA,NA,0.0983,MUT,AML4,LEUK19_Plate3_A12_A12_010.fcs,327,295,295,228,145,63.6,11,4.82,127936,49152,2,0.88,53,18,18,2480,3469,148480,71360,53,18,18,2480,3469,148480,71360,29,143104,45568,107584,38272,568,13989,141248,46208,TRUE,LEUK19,HSC,177989,89026,28833,-205,4577,3142,-74,1621,370,50,82,218,1192,11391
2_E10,2_E10,1425,603,0.1367,NA,0.073059361,0.10487968049999999,MUT,AML4,LEUK19_Plate2 Upside down plate_D3_D03_029.fcs,11922,11795,11792,10061,5352,53.2,32,0.32,165376,54592,2336,23.2,1134,9.61,9.62,2707,1777,177344,81216,1119,9.49,9.49,2697,1791,177280,81152,3,150080,41344,136896,38144,506,10110,150528,41600,TRUE,LEUK19,HSC,152033,82837,26328,-195,3183,69,96,631,-80,9,101,166,1092,17657
6_D8,6_D8,1180,609,0.0918,NA,NA,0.0918,MUT,AML4,LEUK19_Plate6_D8_D08_037.fcs,16737,16724,16720,8126,11,0.14,0,0,NA,NA,3525,43.4,6097,36.5,36.5,1839,1767,165760,66304,6097,36.5,36.5,1839,1767,165760,66304,3,178944,52544,151552,41088,582,4142,178944,52544,TRUE,LEUK19,HSC,122191,80566,22510,-356,4005,240,-3,276,-467,78,93,198,1938,44113
3_C3,3_C3,1060,611,0.125,NA,NA,0.125,MUT,AML4,LEUK19_Plate3_C3_C03_021.fcs,3747,3738,3737,2315,212,9.16,18,0.78,155520,46912,1904,82.2,1188,31.8,31.8,3434,1624,149056,60800,1182,31.6,31.6,3434,1627,148928,60800,0,147904,41856,140928,38720,630,4500,148736,42368,TRUE,LEUK19,HSC,162935,88810,22760,26,4496,105,-41,428,-123,21,128,310,2070,19355
2_E12,2_E12,1436,612,0.0789,NA,NA,0.0789,MUT,AML4,LEUK19_Plate2 Upside down plate_D1_D01_027.fcs,5141,5104,5093,3707,1211,32.7,3,0.081,200768,80512,918,24.8,875,17.1,17.2,2206,1784,161280,75392,873,17.1,17.1,2198,1791,161280,75392,1,157504,44928,146496,43648,579,7253,157760,45312,TRUE,LEUK19,HSC,158612,90414,17876,-57,2024,104,29,526,-134,24,97,201,768,18179
3_B12,3_B12,1120,614,0.082,NA,NA,0.082,MUT,AML4,LEUK19_Plate3_B12_B12_019.fcs,26238,26215,26213,19765,16944,85.7,573,2.9,158144,52416,768,3.89,5475,20.9,20.9,2578,2185,169728,73152,5432,20.7,20.7,2588,2189,169792,73152,2,144448,39680,138944,41088,468,14754,144832,40192,TRUE,LEUK19,HSC,163057,84805,30143,-300,6321,120,123,766,-225,70,90,234,1814,15239
6_B6,6_B6,1164,614,0.0879,NA,NA,0.0879,MUT,AML4,LEUK19_Plate6_B6_B06_015.fcs,4876,4862,4862,3898,118,3.03,1,0.026,166848,68352,3548,91,799,16.4,16.4,2905,3878,181632,96000,799,16.4,16.4,2905,3878,181632,96000,1,152384,43968,144832,45248,500,4281,152832,44544,TRUE,LEUK19,HSC,188087,95405,37950,48,2842,2716,-20,1640,3770,74,11,390,2154,27253
2_D3,2_D3,1378,616,0.08,NA,NA,0.08,MUT,AML4,LEUK19_Plate2 Upside down plate_E10_E10_046.fcs,1230,1230,1220,1077,3,0.28,1,0.093,99392,54976,4,0.37,110,8.94,9.02,1487,3016,135424,51072,108,8.78,8.85,1487,3022,135936,51072,0,144512,41728,99968,36928,1106,3532,142976,56128,TRUE,LEUK19,HSC,145863,82418,16789,46,3597,185,-11,559,65,19,117,163,1405,14602
2_B3,2_B3,1377,625,0.1026,NA,0.068965517,0.0857827585,MUT,AML4,LEUK19_Plate2 Upside down plate_G10_G10_065.fcs,29708,29639,29608,14676,1972,13.4,8,0.055,123904,46464,5689,38.8,11827,39.9,39.9,2519,1825,139776,63552,11777,39.7,39.8,2514,1825,139648,63424,2,150848,40896,140288,36736,510,5370,151360,41216,TRUE,LEUK19,HSC,150695,85503,25818,-29,3799,44,381,245,-211,19,78,191,940,7551
1_B10,1_B10,1345,626,0.1226,NA,NA,0.1226,MUT,AML4,LEUK19_Plate1_B10_B10_016.fcs,8808,3661,3661,3586,221,6.16,0,0,NA,NA,503,14,21,0.57,0.57,1407,4185,131328,57344,21,0.57,0.57,1407,4185,131328,57344,4665,137024,39488,135872,36224,715,3634,150720,45120,TRUE,LEUK19,HSC,142275,81678,16915,-93,2971,101,-8,219,-35,56,118,131,882,4657
1_A8,1_A8,1332,626,0.1197,NA,NA,0.1197,MUT,AML4,LEUK19_Plate1_A8_A08_007.fcs,237,235,230,32,0,0,0,0,NA,NA,0,0,170,72.3,73.9,2697,1884,100096,52544,61,26,26.5,2505,4176,217728,50688,0,NA,NA,NA,NA,2236,9074,85824,49728,TRUE,LEUK19,HSC,183200,88785,25341,-292,6866,51,1306,310,-277,6,145,255,3290,2534
3_G1,3_G1,1051,628,0.0935,NA,NA,0.0935,MUT,AML4,LEUK19_Plate3_G1_G01_062.fcs,10636,10626,10623,7927,4226,53.3,231,2.91,155008,43968,1942,24.5,2328,21.9,21.9,2391,2275,154304,72512,2324,21.9,21.9,2391,2279,154304,72512,0,152704,42368,147136,41472,522,7817,152896,42496,TRUE,LEUK19,HSC,158731,85325,22079,-44,5067,47,122,583,-241,38,62,230,1628,31678
6_D5,6_D5,1158,628,0.0669,NA,NA,0.0669,MUT,AML4,LEUK19_Plate6_D5_D05_034.fcs,1417,1413,1411,725,29,4,0,0,NA,NA,651,89.8,612,43.3,43.4,3040,2185,172480,75328,612,43.3,43.4,3040,2185,172480,75328,0,173760,52352,156736,42944,534,3769,173760,52352,TRUE,LEUK19,HSC,156052,85936,25663,-578,3727,111,32,296,-493,38,84,303,1458,45077
1_A12,1_A12,1356,636,0.0921,NA,NA,0.0921,MUT,AML4,LEUK19_Plate1_A12_A12_009.fcs,1614,1437,1434,1208,132,10.9,40,3.31,173952,41152,4,0.33,104,7.24,7.25,1825,1366,188480,67328,59,4.11,4.11,1509,1906,175936,51840,155,139392,33984,122176,17280,1040,4116,152512,41664,TRUE,LEUK19,HSC,172499,85945,25482,-61,4546,8,116,-26,-45,25,108,244,2047,3681
4_D6,4_D6,938,646,NA,NA,NA,0,WT,AML4,LEUK19_Plate4_D6_D06_018.fcs,7944,7938,7936,4326,507,11.7,2,0.046,131136,47936,3157,73,3003,37.8,37.8,2905,1627,158464,63424,3003,37.8,37.8,2905,1627,158464,63424,0,153216,41536,141824,37696,448,4547,153216,41600,TRUE,LEUK19,HSC,136517,80764,15989,-15,3074,131,-10,293,-156,4,133,175,1360,12382
6_G5,6_G5,1161,648,0.0943,NA,NA,0.0943,MUT,AML4,LEUK19_Plate6_G5_G05_066.fcs,13809,11701,11699,10631,6919,65.1,45,0.42,173824,79936,247,2.32,662,5.66,5.66,1552,1906,153024,85888,655,5.6,5.6,1555,1906,153088,86016,1075,148160,44608,136512,68480,503,10133,148352,44800,TRUE,LEUK19,HSC,152017,85528,19914,-1307,7713,200,846,226,-974,59,156,285,5779,53753
3_B2,3_B2,1052,651,0.1034,NA,NA,0.1034,MUT,AML4,LEUK19_Plate3_B2_B02_012.fcs,135,135,135,80,0,0,0,0,NA,NA,40,50,47,34.8,34.8,1906,2650,167104,65600,47,34.8,34.8,1906,2650,167104,65600,0,NA,NA,126912,34752,NA,NA,NA,NA,TRUE,LEUK19,HSC,168166,93312,18475,18,4798,82,308,440,-136,12,107,189,2080,18051
6_A5,6_A5,1156,651,0.0966,NA,NA,0.0966,MUT,AML4,LEUK19_Plate6_A5_A05_004.fcs,1280,179,179,166,1,0.6,0,0,NA,NA,13,7.83,3,1.68,1.68,1177,1168,199680,162176,3,1.68,1.68,1177,1168,199680,162176,988,118592,35840,183104,151936,417,6460,118592,35840,TRUE,LEUK19,HSC,212667,95495,24997,-534,4185,2351,18,546,1341,56,116,321,2170,4815
2_B6,2_B6,1396,661,0.0909,NA,NA,0.0909,MUT,AML4,LEUK19_Plate2 Upside down plate_G7_G07_063.fcs,59258,59124,59097,26961,1975,7.33,30,0.11,186432,70848,10748,39.9,25680,43.4,43.5,1777,2168,120384,53056,25627,43.3,43.4,1777,2173,120320,53056,7,151424,45760,140352,41408,587,5725,152896,46592,TRUE,LEUK19,HSC,128700,80972,21901,-145,4397,-10,614,1,-157,40,99,259,2068,6520
2_A9,2_A9,1417,665,0.1212,NA,0.073469388,0.097334694,MUT,AML4,LEUK19_Plate2 Upside down plate_H4_H04_070.fcs,5347,5099,5095,4582,2629,57.4,1033,22.5,128064,48256,3,0.065,426,8.35,8.36,1754,5180,126592,61184,373,7.32,7.32,1798,5799,129088,61184,212,123008,36416,116352,27392,745,26447,124288,39360,TRUE,LEUK19,HSC,162325,85209,17803,-139,5115,134,77,217,-312,33,18,197,1436,2714
2_C4,2_C4,1385,666,0.1045,NA,NA,0.1045,MUT,AML4,LEUK19_Plate2 Upside down plate_F9_F09_056.fcs,3543,3539,3537,1398,338,24.2,7,0.5,127808,37824,463,33.1,1799,50.8,50.9,4334,2115,161984,78144,1785,50.4,50.5,4316,2119,161472,77952,0,153792,41728,139584,35776,522,7596,153792,41728,TRUE,LEUK19,HSC,160443,95276,16421,-126,6252,90,-13,-150,-126,28,29,220,1482,9548
2_E1,2_E1,1366,674,0.1075,NA,NA,0.1075,MUT,AML4,LEUK19_Plate2 Upside down plate_D12_D12_036.fcs,794,2,2,2,0,0,0,0,NA,NA,0,0,0,0,0,NA,NA,NA,NA,0,0,0,NA,NA,NA,NA,769,NA,NA,NA,NA,NA,NA,NA,NA,TRUE,LEUK19,HSC,150226,85143,16347,-177,3699,181,-11,582,-229,38,151,181,479,15310
3_C4,3_C4,1067,679,0.1206,NA,NA,0.1206,MUT,AML4,LEUK19_Plate3_C4_C04_022.fcs,10392,10379,10377,8566,496,5.79,0,0,NA,NA,7046,82.3,1345,13,13,2198,1670,150144,62912,1344,12.9,13,2198,1670,150144,62784,0,152512,44864,143296,41088,468,4108,152512,45056,TRUE,LEUK19,HSC,161575,87736,25949,-138,7410,120,22,1379,-46,39,53,227,3009,19626
2_E11,2_E11,1431,702,0.086,NA,NA,0.086,MUT,AML4,LEUK19_Plate2 Upside down plate_D2_D02_028.fcs,34,30,30,23,6,26.1,1,4.35,224512,84352,1,4.35,5,16.7,16.7,2346,908,224128,103040,2,6.67,6.67,1588,908,184960,89984,4,115392,37760,213376,49216,956,8993,147840,56448,TRUE,LEUK19,HSC,170781,92692,27694,-146,6770,211,-21,108,-14,45,206,283,3403,17856
3_F12,3_F12,1124,702,0.0954,NA,NA,0.0954,MUT,AML4,LEUK19_Plate3_F12_F12_061.fcs,4165,4155,4150,2157,115,5.33,1,0.046,178816,65792,1524,70.7,1635,39.4,39.4,1523,2447,150656,64704,1634,39.3,39.4,1523,2442,150592,64640,0,159360,41792,150464,41856,547,4108,161024,42176,TRUE,LEUK19,HSC,159390,85091,21342,-179,4364,54,-1,95,-171,22,86,214,1160,28114
6_G9,6_G9,1189,723,0.1105,NA,0.080769231,0.09563461549999999,MUT,AML4,LEUK19_Plate6_G9_G09_070.fcs,3531,2206,2206,2089,146,6.99,4,0.19,197376,64000,671,32.1,62,2.81,2.81,1892,1828,149696,99200,62,2.81,2.81,1892,1828,149696,99200,244,164288,49472,125056,67840,694,6160,170688,53440,TRUE,LEUK19,HSC,118634,78236,13246,-541,3509,99,-52,435,-346,50,37,173,1035,54730
4_D2,4_D2,917,753,NA,NA,NA,0,WT,AML4,LEUK19_Plate4_D2_D02_014.fcs,2203,2200,2146,1831,0,0,0,0,NA,NA,165,9.01,172,7.82,8.01,869,2223,141632,44416,172,7.82,8.01,869,2223,141632,44416,0,NA,NA,126656,34624,NA,NA,NA,NA,TRUE,LEUK19,HSC,128188,79726,16777,-62,4828,98,246,749,-15,39,38,172,1869,13428
2_C6,2_C6,1397,774,0.0907,NA,NA,0.0907,MUT,AML4,LEUK19_Plate2 Upside down plate_F7_F07_054.fcs,8941,4513,4512,4302,607,14.1,10,0.23,141376,67584,25,0.58,118,2.61,2.62,1815,2006,135168,76992,100,2.22,2.22,1667,2262,129088,67648,4199,140032,45952,154688,48384,599,9751,140032,49024,TRUE,LEUK19,HSC,160524,85238,19014,-163,7360,146,2618,-242,-93,-1,79,366,3437,10030
2_F10,2_F10,1426,781,0.0979,NA,NA,0.0979,MUT,AML4,LEUK19_Plate2 Upside down fill in_C3_C03_082.fcs,4117,4111,4109,2521,145,5.75,0,0,NA,NA,2028,80.4,1228,29.9,29.9,2193,1615,158272,62784,1227,29.8,29.9,2193,1615,158272,62848,1,155520,39424,136640,35840,461,3910,153664,39424,TRUE,LEUK19,HSC,122004,86791,32736,-31,4462,172,-12,326,-38,84,4,226,1786,18948
2_A8,2_A8,1410,795,0.1139,NA,NA,0.1139,MUT,AML4,LEUK19_Plate2 Upside down plate_H5_H05_071.fcs,399,14,14,8,1,12.5,0,0,NA,NA,0,0,3,21.4,21.4,2087,1418,185088,92032,1,7.14,7.14,1501,1661,167552,92032,336,88768,51904,NA,NA,1312,5224,178432,99584,TRUE,LEUK19,HSC,120973,84951,31461,-29,4635,80,311,-11,-203,92,-12,189,1524,2459
2_A12,2_A12,1433,807,0.0898,NA,NA,0.0898,MUT,AML4,LEUK19_Plate2 Upside down plate_H1_H01_067.fcs,166,146,146,95,1,1.05,2,2.11,76224,37568,0,0,28,19.2,19.2,2323,1161,170432,119488,1,0.68,0.68,1407,1046,131584,119488,11,99776,46976,NA,NA,1535,5060,163712,113024,TRUE,LEUK19,HSC,161596,84989,22058,-184,5936,259,-35,1221,-135,31,119,230,1672,3617
1_D5,1_D5,1316,810,0.135,NA,0.071942446,0.103471223,MUT,AML4,LEUK19_Plate1_D5_D05_031.fcs,15172,14621,14617,13921,2915,20.9,21,0.15,184832,66496,3804,27.3,514,3.52,3.52,2485,7349,130624,64960,500,3.42,3.42,2490,7512,129728,64128,517,143744,43456,129536,39296,573,6041,144832,43968,TRUE,LEUK19,HSC,165042,85231,33199,-25,7350,221,1739,1122,-83,42,149,278,2500,14305
2_H6,2_H6,1402,821,0.0737,NA,NA,0.0737,MUT,AML4,LEUK19_Plate2 Upside down plate_A7_A07_006.fcs,4027,823,823,795,453,57,3,0.38,196928,75584,64,8.05,12,1.46,1.46,1609,1526,136128,52928,10,1.22,1.22,1582,1630,121472,49856,3101,155584,40704,148480,38208,570,7817,155840,41920,TRUE,LEUK19,HSC,168706,85559,23050,-193,3819,142,70,550,-112,17,225,256,1904,26693
2_A3,2_A3,1376,848,0.0879,NA,NA,0.0879,MUT,AML4,LEUK19_Plate2 Upside down fill in_H10_H10_088.fcs,7812,7790,7788,6283,4107,65.4,470,7.48,147776,46528,967,15.4,1230,15.8,15.8,1942,2111,151104,68032,1220,15.7,15.7,1946,2123,151168,68096,0,144896,38016,142080,38016,547,8993,145216,38848,TRUE,LEUK19,HSC,172737,87447,21959,-83,4364,164,380,164,-29,52,136,213,1874,1123
3_C1,3_C1,1047,855,0.1108,NA,0.082539683,0.09666984149999999,MUT,AML4,LEUK19_Plate3_C1_C01_020.fcs,47934,47898,47888,39012,21460,55,196,0.5,149504,43712,10061,25.8,8080,16.9,16.9,1957,3176,135936,59264,8066,16.8,16.8,1957,3176,135872,59264,2,144832,39744,142336,38336,440,6733,144896,39808,TRUE,LEUK19,HSC,155141,90280,18768,-43,3663,115,143,370,64,15,119,165,1088,18519
1_B11,1_B11,1350,933,0.1142,NA,0.051829268,0.083014634,MUT,AML4,LEUK19_Plate1_B11_B11_017.fcs,2137,2122,2120,1449,168,11.6,0,0,NA,NA,1113,76.8,540,25.4,25.5,1664,2697,145024,65344,539,25.4,25.4,1664,2697,145024,65344,1,152576,41536,145728,40192,585,3386,153472,41536,TRUE,LEUK19,HSC,107474,78311,16152,-146,4042,136,22,1008,-85,39,160,179,1352,4403
3_F1,3_F1,1050,936,0.1352,NA,0.091194969,0.1131974845,MUT,AML4,LEUK19_Plate3_F1_F01_050.fcs,1214,1210,1210,1169,108,9.24,1,0.086,211712,68160,1003,85.8,35,2.89,2.89,1159,2676,146752,62336,35,2.89,2.89,1159,2676,146752,62336,0,168704,43520,156992,39680,600,3448,168896,43968,TRUE,LEUK19,HSC,161621,84643,24428,14,4493,96,658,282,10,36,52,213,1689,31320
6_B5,6_B5,1157,947,0.1191,NA,0.076246334,0.097673167,MUT,AML4,LEUK19_Plate6_B5_B05_014.fcs,7181,7177,7173,6877,4455,64.8,47,0.68,170624,48384,1743,25.3,253,3.53,3.53,2181,2377,166912,67904,251,3.5,3.5,2189,2382,166912,67840,0,155264,43136,148480,41408,475,6806,155648,43264,TRUE,LEUK19,HSC,189659,92531,24423,37,4645,3051,-89,1643,1908,72,32,256,1675,27984
2_G12,2_G12,1438,950,0.0892,NA,NA,0.0892,MUT,AML4,LEUK19_Plate2 Upside down fill in_B1_B01_079.fcs,1968,1962,1959,1761,575,32.7,508,28.8,134976,39040,241,13.7,153,7.8,7.81,1549,5050,136192,52288,129,6.57,6.58,1535,6226,137344,52288,0,134848,33920,128192,56960,948,13235,135360,36416,TRUE,LEUK19,HSC,172340,87084,22203,9,5030,19,382,302,146,-7,65,234,1728,24948
6_H7,6_H7,1177,976,0.107,NA,0.080118694,0.093559347,MUT,AML4,LEUK19_Plate6_H7_H07_079.fcs,51,37,37,32,0,0,0,0,NA,NA,15,46.9,1,2.7,2.7,5737,784,109312,68864,1,2.7,2.7,5737,784,109312,68864,5,NA,NA,172800,81600,NA,NA,NA,NA,TRUE,LEUK19,HSC,155868,83291,20816,-687,6166,235,450,730,-778,21,101,313,2832,57290
4_H3,4_H3,925,978,NA,NA,NA,0,WT,AML4,LEUK19_Plate4_H3_H03_038.fcs,449,436,436,382,22,5.76,25,6.54,155392,99712,188,49.2,10,2.29,2.29,2111,897,142720,116544,9,2.06,2.06,2173,1127,142720,116544,10,137792,42944,139072,83136,2181,6806,161664,102784,TRUE,LEUK19,HSC,186873,92520,31679,-179,5349,261,125,800,-19,39,72,294,2331,25330
6_B12,6_B12,1205,999,0.0972,NA,NA,0.0972,MUT,AML4,LEUK19_Plate6_B12_B12_020.fcs,8205,8201,8196,2109,5,0.24,0,0,NA,NA,356,16.9,5307,64.7,64.8,1774,3619,158336,64512,5301,64.6,64.7,1774,3619,158336,64512,0,136576,40448,155520,55104,631,5652,136576,40448,TRUE,LEUK19,HSC,147377,93840,28655,14,2929,2365,8,676,624,39,58,250,1408,17354
6_F11,6_F11,1202,1016,0.1168,NA,0.075842697,0.0963213485,MUT,AML4,LEUK19_Plate6_F11_F11_060.fcs,256,256,256,227,77,33.9,12,5.29,164672,52032,98,43.2,15,5.86,5.86,1573,1564,146880,67200,15,5.86,5.86,1573,1564,146880,67200,0,147328,41344,146432,42240,694,5071,150464,45440,TRUE,LEUK19,HSC,118656,78751,18660,-827,5070,111,10,404,-595,34,82,207,1311,49630
6_B11,6_B11,1199,1035,0.1155,NA,NA,0.1155,MUT,AML4,LEUK19_Plate6_B11_B11_019.fcs,6797,3906,3904,3543,1204,34,6,0.17,161408,86656,923,26.1,310,7.94,7.94,1181,5279,130304,56768,310,7.94,7.94,1181,5279,130304,56768,2840,151680,44160,151104,43584,527,6660,152128,44288,TRUE,LEUK19,HSC,210770,96088,32244,177,3427,2733,-106,726,2581,58,27,277,1272,20045
3_E1,3_E1,1049,1037,0.1092,NA,0.068681319,0.0889406595,MUT,AML4,LEUK19_Plate3_E1_E01_041.fcs,9399,9379,9378,6411,4448,69.4,200,3.12,163648,45696,1319,20.6,2825,30.1,30.1,3497,3583,158528,77056,2822,30.1,30.1,3497,3590,158528,77056,0,158592,42496,151360,41728,519,9239,158848,42688,TRUE,LEUK19,HSC,136139,82327,16851,2,5580,58,-101,219,-128,17,34,190,3515,24965
6_E10,6_E10,1195,1058,0.1031,NA,NA,0.1031,MUT,AML4,LEUK19_Plate6_E10_E10_048.fcs,1092,1089,1088,733,18,2.46,0,0,NA,NA,448,61.1,276,25.3,25.4,1254,2410,135936,56576,275,25.3,25.3,1254,2410,135936,56832,0,168896,49920,150656,49536,641,3839,168896,54400,TRUE,LEUK19,HSC,152701,85372,20854,-609,4080,173,63,854,-461,52,110,240,1081,48646
2_C1,2_C1,1364,1079,0.1049,NA,NA,0.1049,MUT,AML4,LEUK19_Plate2 Upside down plate_F12_F12_058.fcs,2259,2242,2241,2094,1826,87.2,74,3.53,154304,47168,35,1.67,117,5.22,5.22,3221,3046,162432,78016,116,5.17,5.18,3221,2981,162240,76480,0,143872,36288,127104,36544,513,15636,144320,36608,TRUE,LEUK19,HSC,138242,79814,17370,-169,3122,31,-16,422,-118,27,79,188,982,8673
2_F7,2_F7,1407,1099,0.085,NA,NA,0.085,MUT,AML4,LEUK19_Plate2 Upside down plate_C6_C06_022.fcs,4310,4192,4192,4150,3652,88,233,5.61,159488,55808,112,2.7,14,0.33,0.33,3022,3312,196672,91904,13,0.31,0.31,3413,3448,202688,117056,0,142720,38400,133376,36480,550,12046,143744,39168,TRUE,LEUK19,HSC,173138,91037,22430,23,3597,149,1270,699,33,19,136,193,1149,19770
2_H4,2_H4,1389,1150,0.0972,NA,NA,0.0972,MUT,AML4,LEUK19_Plate2 Upside down plate_A9_A09_008.fcs,8499,8452,8449,7693,4636,60.3,2240,29.1,133760,38912,20,0.26,626,7.41,7.41,4821,2815,193728,100800,607,7.18,7.18,4872,2963,195264,101440,1,129408,32448,106624,36608,747,51898,130816,34432,TRUE,LEUK19,HSC,187496,95952,33010,-89,3464,198,1,91,-120,85,31,221,2005,27215
6_H11,6_H11,1204,1167,0.1052,NA,NA,0.1052,MUT,AML4,LEUK19_Plate6_H11_H11_081.fcs,7140,7135,7125,2461,150,6.1,47,1.91,159936,58048,5,0.2,4049,56.7,56.8,1964,3723,141312,65408,4019,56.3,56.4,1964,3746,141312,65472,1,154112,49792,147520,93248,793,8854,156224,51520,TRUE,LEUK19,HSC,154957,84869,20267,-287,2768,182,42,768,11,33,111,175,1570,56071
2_G3,2_G3,1381,1174,0.0848,NA,NA,0.0848,MUT,AML4,LEUK19_Plate2 Upside down fill in_B10_B10_081.fcs,577,11,11,9,0,0,0,0,NA,NA,5,55.6,1,9.09,9.09,4721,819,204992,220096,1,9.09,9.09,4721,819,204992,220096,524,NA,NA,116992,95360,4407,5071,190784,224960,TRUE,LEUK19,HSC,183813,89117,31840,8,4610,284,-39,19,-75,58,82,319,1305,22324
2_F9,2_F9,1420,1231,0.0918,NA,NA,0.0918,MUT,AML4,LEUK19_Plate2 Upside down plate_C4_C04_020.fcs,6917,2547,2547,2501,171,6.84,2,0.08,187520,61504,168,6.72,20,0.79,0.79,1086,2288,137920,52416,19,0.75,0.75,1086,2288,137920,52416,3459,145152,43520,134656,39296,649,5427,146112,45632,TRUE,LEUK19,HSC,135732,80907,13262,-38,4039,181,407,460,-149,13,117,203,1383,19202
1_D10,1_D10,1346,1268,0.0952,NA,NA,0.0952,MUT,AML4,LEUK19_Plate1_D10_D10_036.fcs,7204,4017,4014,3779,3371,89.2,12,0.32,149888,69760,12,0.32,188,4.68,4.68,2091,3182,134528,74432,174,4.33,4.33,2099,3462,132736,73472,2927,141824,41536,135168,40640,500,23650,142272,41728,TRUE,LEUK19,HSC,159645,84575,28013,-203,8187,176,-124,-44,-281,35,79,200,4425,12500
3_F2,3_F2,1055,1475,0.1149,NA,NA,0.1149,MUT,AML4,LEUK19_Plate3_F2_F02_051.fcs,751,741,741,717,3,0.42,0,0,NA,NA,148,20.6,8,1.08,1.08,1353,1832,128000,87936,8,1.08,1.08,1353,1832,128000,87936,9,157312,44352,127744,57600,1968,2676,170432,76096,TRUE,LEUK19,HSC,155822,87242,21134,-143,5668,229,583,746,-200,22,126,176,1757,31033
1_H10,1_H10,1349,1477,0.0941,NA,NA,0.0941,MUT,AML4,LEUK19_Plate1_H10_H10_074.fcs,8835,8325,8312,4630,1108,23.9,40,0.86,173440,64320,178,3.84,3183,38.2,38.3,2301,5082,146624,72896,3167,38,38.1,2301,5093,146560,72768,479,138240,44480,133056,43648,663,7033,142336,46592,TRUE,LEUK19,HSC,172687,94589,19729,-77,4035,98,190,345,-148,9,175,280,1581,27522
2_F3,2_F3,1380,1685,0.1074,NA,NA,0.1074,MUT,AML4,LEUK19_Plate2 Upside down plate_C10_C10_025.fcs,2778,2362,2361,2287,801,35,7,0.31,199232,76160,945,41.3,49,2.07,2.08,1983,4481,134656,64448,48,2.03,2.03,1983,4481,133376,61440,372,144128,40896,137600,37888,570,4821,145344,41472,TRUE,LEUK19,HSC,164283,85226,23285,-265,9706,213,-190,84,-367,52,129,267,6471,21040
4_C3,4_C3,921,1905,NA,NA,NA,0,WT,AML4,LEUK19_Plate4_C3_C03_009.fcs,28773,28757,28694,14119,2,0.014,0,0,NA,NA,6849,48.5,10420,36.2,36.3,1101,2283,140416,45952,10418,36.2,36.3,1101,2283,140416,45952,2,117440,33856,140864,37696,410,10041,117440,33856,TRUE,LEUK19,HSC,142433,83223,17150,-105,6000,154,370,374,-123,35,102,212,1841,8225
6_C7,6_C7,1172,2036,0.105,NA,NA,0.105,MUT,AML4,LEUK19_Plate6_C7_C07_026.fcs,285,282,281,257,89,34.6,8,3.11,159872,64512,100,38.9,15,5.32,5.34,2438,1526,192128,107712,15,5.32,5.34,2438,1526,192128,107712,2,148352,44416,131840,68416,535,12524,150976,45504,TRUE,LEUK19,HSC,169522,94986,23435,-781,5222,124,487,973,-613,48,78,277,2188,40897
4_H8,4_H8,946,2346,NA,NA,NA,0,WT,AML4,LEUK19_Plate4_H8_H08_041.fcs,2870,2761,2760,2197,79,3.6,6,0.27,166976,51392,1420,64.6,380,13.8,13.8,1405,1953,147008,68992,374,13.5,13.6,1394,1939,147008,68800,0,152064,48384,153728,51200,824,4159,162944,52480,TRUE,LEUK19,HSC,NA,NA,NA,NA,NA,NA,NA,NA,NA,NA,NA,NA,NA,NA
2_A11,2_A11,1428,2589,0.1234,NA,NA,0.1234,MUT,AML4,LEUK19_Plate2 Upside down plate_H2_H02_068.fcs,51316,51191,51169,22629,152,0.67,3,0.013,188288,65600,8643,38.2,21107,41.2,41.2,1561,1957,141632,58432,21089,41.2,41.2,1561,1961,141632,58432,5,145984,48512,143296,43200,610,4893,150592,50240,TRUE,LEUK19,HSC,141445,82078,15962,40,3218,81,100,492,-77,18,134,181,945,3357
4_B2,4_B2,915,2649,NA,NA,NA,0,WT,AML4,LEUK19_Plate4_B2_B02_004.fcs,203,29,29,25,2,8,0,0,NA,NA,18,72,3,10.3,10.3,1689,1239,146752,118656,3,10.3,10.3,1689,1239,146752,118656,152,76864,39616,114112,65280,641,2414,118208,56192,TRUE,LEUK19,HSC,139820,80651,21562,-50,4541,155,36,237,-48,47,78,172,1138,7129
4_D5,4_D5,933,3032,NA,NA,NA,0,WT,AML4,LEUK19_Plate4_D5_D05_017.fcs,26800,26779,26772,19791,9,0.045,0,0,NA,NA,14254,72,5359,20,20,1218,2359,145280,47104,5359,20,20,1218,2359,145280,47104,6,123968,34240,135488,37632,352,8081,123968,34240,TRUE,LEUK19,HSC,156911,92450,20463,63,2894,285,44,274,-159,39,138,204,1030,12662
4_D3,4_D3,922,3247,NA,NA,NA,0,WT,AML4,LEUK19_Plate4_D3_D03_015.fcs,225,175,175,172,0,0,0,0,NA,NA,16,9.3,0,0,0,NA,NA,NA,NA,0,0,0,NA,NA,NA,NA,49,NA,NA,127232,64512,NA,NA,NA,NA,TRUE,LEUK19,HSC,161842,87094,23328,-9,5637,62,100,54,22,44,152,254,1324,13188
4_B1,4_B1,907,3373,NA,NA,NA,0,WT,AML4,LEUK19_Plate4_B1_B01_003.fcs,12321,12105,12099,9957,2041,20.5,13,0.13,148544,41152,5896,59.2,1945,16.1,16.1,1722,4672,139200,54144,1945,16.1,16.1,1722,4672,139200,54144,195,159616,42112,153024,41344,518,6404,159552,42112,TRUE,LEUK19,HSC,150731,83240,24641,41,3376,91,23,233,-6,55,133,211,1856,7365
4_D1,4_D1,909,3495,NA,NA,NA,0,WT,AML4,LEUK19_Plate4_D1_D01_013.fcs,6044,777,777,738,1,0.14,0,0,NA,NA,150,20.3,9,1.16,1.16,1555,1183,159296,107456,9,1.16,1.16,1555,1183,159296,107456,5114,114432,98304,133696,79424,769,2558,114432,98304,TRUE,LEUK19,HSC,123853,79482,20989,-23,4167,102,118,962,-20,62,93,182,1595,13639
4_F3,4_F3,923,3548,NA,NA,NA,0,WT,AML4,LEUK19_Plate4_F3_F03_025.fcs,24775,24743,24718,10650,8,0.075,0,0,NA,NA,3987,37.4,11287,45.6,45.7,1501,2140,149568,61888,11285,45.6,45.7,1501,2140,149568,61888,1,147456,40896,146112,41280,613,5787,148416,44864,TRUE,LEUK19,HSC,123657,78422,11344,-90,2679,82,42,304,-62,18,111,122,716,19165
4_F4,4_F4,929,4334,NA,NA,NA,0,WT,AML4,LEUK19_Plate4_F4_F04_026.fcs,13129,13117,13008,8390,4,0.048,0,0,NA,NA,6317,75.3,3998,30.5,30.7,1342,3299,129088,43200,3997,30.5,30.7,1342,3305,129088,43200,0,121280,39232,133184,38144,352,3089,121280,39232,TRUE,LEUK19,HSC,161367,86926,23825,23,5180,216,-54,1244,-150,79,158,214,2122,18895
4_H11,4_H11,948,4510,NA,NA,NA,0,WT,AML4,LEUK19_Plate4_H11_H11_043.fcs,15416,15398,15198,5705,5,0.088,0,0,NA,NA,1957,34.3,7729,50.2,50.9,1503,2373,167104,69760,7726,50.2,50.8,1503,2373,167104,69760,1,148160,43392,147648,51328,440,6972,148160,43392,TRUE,LEUK19,HSC,137039,80537,15552,20,4276,121,136,336,-122,32,17,184,1095,23171
4_B3,4_B3,920,5017,NA,NA,NA,0,WT,AML4,LEUK19_Plate4_B3_B03_005.fcs,31690,31671,31663,24667,2375,9.63,13,0.053,172544,61056,18425,74.7,5595,17.7,17.7,2231,1881,166272,67264,5592,17.7,17.7,2231,1881,166272,67264,3,163456,43840,152640,40704,487,4254,163712,43904,TRUE,LEUK19,HSC,148658,82321,18676,-111,4407,129,-19,550,-78,39,86,162,1231,6797
4_C4,4_C4,927,5217,NA,NA,NA,0,WT,AML4,LEUK19_Plate4_C4_C04_010.fcs,847,583,583,573,55,9.6,0,0,NA,NA,119,20.8,4,0.69,0.69,830,1487,131008,49856,4,0.69,0.69,830,1487,131008,49856,249,146112,41216,135424,44032,504,5114,146112,41472,TRUE,LEUK19,HSC,120517,82180,24324,-108,4637,178,-25,114,-186,52,139,320,1568,8475
4_A2,4_A2,914,5225,NA,NA,NA,0,WT,AML4,LEUK19_Plate4_A2_A02_001.fcs,14389,14368,14365,7826,975,12.5,5,0.064,165312,54016,5677,72.5,5818,40.5,40.5,2136,2060,152576,57920,5815,40.5,40.5,2136,2064,152576,57920,0,163008,43648,157376,42624,509,4547,162816,43712,TRUE,LEUK19,HSC,141224,81041,18866,-60,4848,233,29,1337,-44,46,100,245,1513,975
4_D4,4_D4,928,5280,NA,NA,NA,0,WT,AML4,LEUK19_Plate4_D4_D04_016.fcs,5906,2311,2311,1378,569,41.3,1,0.073,198592,87360,471,34.2,779,33.7,33.7,1881,2017,150144,63616,778,33.7,33.7,1881,2017,150144,63552,3224,147136,44160,138752,41792,450,5533,147264,44224,TRUE,LEUK19,HSC,161357,90487,19774,-144,4357,5,-19,371,-168,30,123,215,1742,12970
4_G1,4_G1,912,5566,NA,NA,NA,0,WT,AML4,LEUK19_Plate4_G1_G01_030.fcs,60192,60143,60081,26133,21,0.08,1,0.00383,117248,46784,19901,76.2,29394,48.9,48.9,1295,2549,142848,55808,29385,48.9,48.9,1295,2549,142848,55808,1,143936,51072,141184,48704,504,5912,143936,51072,TRUE,LEUK19,HSC,135224,80913,17565,-62,5807,219,2625,432,-197,64,90,174,2709,19890
4_C1,4_C1,908,6297,NA,NA,NA,0,WT,AML4,LEUK19_Plate4_C1_C01_007.fcs,24646,24633,24612,7387,3,0.041,0,0,NA,NA,3452,46.7,13957,56.7,56.7,1218,2337,158784,54528,13955,56.7,56.7,1218,2337,158784,54528,1,146880,34432,144512,40576,483,3448,146880,34432,TRUE,LEUK19,HSC,144140,84118,16850,-11,3958,73,373,688,-149,50,94,214,1397,7620
4_H1,4_H1,913,6657,NA,NA,NA,0,WT,AML4,LEUK19_Plate4_H1_H01_036.fcs,3764,3758,3754,489,4,0.82,3,0.61,140352,79808,77,15.7,3044,81,81.1,2799,6213,153152,83712,3044,81,81.1,2799,6213,153152,83712,0,125184,49088,139840,68032,916,4614,140352,63232,TRUE,LEUK19,HSC,159142,84013,22992,-30,3777,138,1589,156,-190,32,96,260,1644,25828
4_C2,4_C2,916,6693,NA,NA,NA,0,WT,AML4,LEUK19_Plate4_C2_C02_008.fcs,7671,3858,3858,3772,0,0,0,0,NA,NA,694,18.4,19,0.49,0.49,1835,1421,150400,119552,19,0.49,0.49,1835,1421,150400,119552,3717,NA,NA,120256,74688,3259,3034,153536,162368,TRUE,LEUK19,HSC,168881,86383,28602,-130,4149,76,493,292,71,56,157,182,1571,7974
4_G2,4_G2,918,7190,NA,NA,NA,0,WT,AML4,LEUK19_Plate4_G2_G02_031.fcs,32579,32523,32516,23994,134,0.56,0,0,NA,NA,14745,61.5,7644,23.5,23.5,1363,4472,135168,54208,7644,23.5,23.5,1363,4472,135168,54208,24,163264,45952,142656,42304,484,4041,163264,45952,TRUE,LEUK19,HSC,123670,78748,17358,-100,2833,21,95,289,-152,25,132,205,837,20137
4_F1,4_F1,911,7455,NA,NA,NA,0,WT,AML4,LEUK19_Plate4_F1_F01_024.fcs,2544,2532,2527,2434,2,0.082,0,0,NA,NA,1972,81,59,2.33,2.33,652,2442,138944,43520,59,2.33,2.33,652,2442,138944,43520,0,135424,33792,150144,43264,366,2686,135424,33792,TRUE,LEUK19,HSC,141677,83175,17154,-124,3835,195,212,151,-140,30,122,209,1272,19632
4_E6,4_E6,939,7478,NA,NA,NA,0,WT,AML4,LEUK19_Plate4_E6_E06_022.fcs,10082,10066,10057,4844,13,0.27,0,0,NA,NA,4264,88,4154,41.3,41.3,2181,1683,169152,67712,4153,41.3,41.3,2181,1683,169216,67712,1,135808,38848,144576,39872,431,3568,135808,38848,TRUE,LEUK19,HSC,142171,83739,25039,-43,4915,262,760,343,-92,53,134,245,1587,15252
4_E1,4_E1,910,7638,NA,NA,NA,0,WT,AML4,LEUK19_Plate4_E1_E01_020.fcs,9376,9361,9361,4367,1365,31.3,27,0.62,149568,44224,1418,32.5,4418,47.2,47.2,2634,2328,168128,76288,4415,47.2,47.2,2634,2328,168192,76288,1,153472,42240,148928,43264,502,6308,153536,42432,TRUE,LEUK19,HSC,149832,93413,18041,-111,3892,189,23,658,-142,37,106,163,1006,13848
4_C5,4_C5,932,7638,NA,NA,NA,0,WT,AML4,LEUK19_Plate4_C5_C05_011.fcs,992,990,990,962,232,24.1,0,0,NA,NA,624,64.9,24,2.42,2.42,1506,3046,143040,57920,24,2.42,2.42,1506,3046,143040,57920,0,151232,42432,145728,40000,490,4444,151232,42752,TRUE,LEUK19,HSC,152256,82949,22231,74,4655,167,-54,1529,-108,25,99,276,1840,8674
4_G4,4_G4,930,7909,NA,NA,NA,0,WT,AML4,LEUK19_Plate4_G4_G04_033.fcs,23395,23376,23373,21196,6931,32.7,79,0.37,190400,64832,9631,45.4,1488,6.37,6.37,2115,1576,163008,70336,1487,6.36,6.36,2115,1576,163008,70336,1,165184,46720,157632,43456,504,5837,165376,46848,TRUE,LEUK19,HSC,153563,84074,20073,37,3773,91,14,608,-87,21,101,200,1456,20571
4_H2,4_H2,919,10737,NA,NA,NA,0,WT,AML4,LEUK19_Plate4_H2_H02_037.fcs,8553,8548,8547,849,2,0.24,0,0,NA,NA,417,49.1,7285,85.2,85.2,1920,3816,153216,71360,7284,85.2,85.2,1920,3816,153216,71360,0,111744,50240,133952,65664,616,3400,111744,50240,TRUE,LEUK19,HSC,151178,83129,22483,-24,3843,30,55,367,-69,45,91,224,1344,25580
4_E5,4_E5,934,12454,NA,NA,NA,0,WT,AML4,LEUK19_Plate4_E5_E05_021.fcs,10735,10722,10719,8557,3699,43.2,72,0.84,156544,48832,2507,29.3,1664,15.5,15.5,1784,1842,150720,60992,1661,15.5,15.5,1784,1849,150720,60992,0,147648,41088,144064,39808,497,6002,147904,41344,TRUE,LEUK19,HSC,148248,86127,16916,21,3144,126,315,254,-88,15,94,164,1280,15012
