Sort_id,SNumber,Depth,VAF.varscan,VAF.mutect,VAF.platypus
1_A9,S150,1576,0.40190000000000003,0.406,NA
4_D4,S113,16,NA,NA,NA
2_B1,S70,237,NA,NA,NA
1_E5,S139,3400,0.48590000000000005,0.485,NA
2_D6,S87,1094,NA,NA,NA
1_E7,S53,1710,0.6017,0.563,0.555984556
4_D5,S119,2813,0.31620000000000004,0.3,NA
4_F8,S224,30,NA,NA,NA
2_F10,S192,88,NA,NA,NA
2_D3,S75,238,0.3143,0.343,NA
1_G10,S63,2602,0.5192,0.506,0.506082725
5_B5,S252,296,0.5815,0.632,NA
2_F1,S162,554,0.41479999999999995,0.411,NA
2_D11,S100,94,0.3214,0.333,0.411764706
2_F7,S183,42,NA,NA,NA
2_D10,S190,255,0.9433,0.92,0.837837838
5_E8,S262,16,NA,1,NA
1_D1,S35,195,NA,NA,NA
4_A12,S239,49,NA,NA,NA
2_F9,S186,10,NA,NA,NA
5_G6,S349,19,NA,NA,NA
2_E2,S167,228,0.06119999999999999,0.075,NA
2_B12,S104,12,0.75,NA,NA
1_D7,S52,4844,NA,NA,NA
4_F4,S114,1053,0.6747,0.685,NA
2_E10,S191,156,0.5455,0.538,NA
1_C3,S135,2054,NA,NA,NA
1_H4,S137,612,0.4222000000000001,0.41,0.464646465
2_C12,S193,237,0.39039999999999997,0.432,0.371428571
4_A1,S196,4519,0.42839999999999995,0.41,NA
1_G9,S60,5224,0.41009999999999996,0.42,NA
4_H4,S116,23,NA,0.571,NA
4_H10,S328,3748,0.0082,NA,NA
5_C3,S337,16,NA,NA,NA
2_E9,S185,0,NA,NA,NA
5_D2,S244,19,NA,0.333,NA
5_B8,S259,0,NA,NA,NA
1_A6,S143,2146,NA,NA,NA
4_D1,S198,6229,0.36579999999999996,0.334,NA
2_E3,S76,1335,NA,NA,NA
5_E5,S255,48,NA,NA,NA
5_F3,S339,9011,NA,NA,NA
4_H3,S206,4223,0.6174000000000001,0.401,NA
1_C1,S34,2406,0.0083,NA,NA
1_H5,S142,2186,0.0103,NA,NA
4_A3,S201,5246,NA,NA,NA
1_H3,S44,28,NA,NA,NA
1_F7,S54,179,0.28,0.27,NA
5_A5,S251,6,NA,NA,NA
1_D2,S129,1536,NA,NA,NA
4_F6,S216,55,NA,NA,NA
5_F7,S258,17,NA,NA,NA
2_G6,S177,575,0.4382,0.407,NA
5_F10,S360,15,NA,NA,NA
1_F8,S147,35,NA,NA,NA
4_G9,S321,3258,NA,NA,NA
2_E5,S81,16,NA,NA,NA
4_D11,S235,1580,0.43270000000000003,0.424,NA
2_B6,S86,12,NA,NA,NA
2_D8,S90,94,0.55,0.643,NA
2_D7,S181,34,0.375,0.333,NA
4_B4,S207,4044,NA,NA,NA
2_C2,S166,64,0.3889,0.412,NA
5_F2,S246,561,0.5232,0.522,NA
4_A8,S219,2791,0.5927,0.596,NA
4_H9,S322,3005,NA,NA,NA
4_D10,S325,49,0.5556,0.583,0.727272727
1_D11,S155,3710,0.0092,NA,NA
2_C7,S180,306,NA,NA,NA
2_D9,S96,1661,0.4804,0.502,0.481781377
5_D1,S335,3121,NA,NA,NA
4_G4,S115,1768,NA,NA,NA
1_E9,S58,12,NA,NA,NA
1_B8,S145,4509,0.4656,0.474,NA
4_E5,S120,10,NA,NA,NA
5_A9,S264,0,NA,NA,NA
1_G3,S43,45,0.3636,0.385,NA
4_H7,S218,2530,0.4727,0.486,NA
2_A6,S85,1831,NA,NA,NA
2_C1,S71,637,NA,NA,NA
5_F1,S241,3,NA,NA,NA
2_F8,S91,608,0.5399,0.536,NA
2_B3,S73,463,0.561,0.533,NA
1_C8,S146,25,NA,0.375,NA
4_A5,S117,2009,NA,NA,NA
1_B3,S134,7721,0.4547,0.467,NA
4_A11,S233,5438,0.0046,NA,NA
4_A10,S323,123,NA,NA,NA
1_C10,S61,951,NA,NA,NA
4_E6,S215,68,0.18419999999999997,0.286,NA
1_F5,S140,1903,0.0082,NA,NA
5_E11,S268,627,NA,NA,NA
2_E11,S101,39,NA,NA,NA
1_G1,S38,6599,0.44079999999999997,0.429,NA
4_E1,S199,5811,0.2275,0.219,NA
5_D6,S347,38,NA,NA,NA
4_B2,S107,3092,0.8845000000000001,0.855,0.820295983
4_F9,S232,23,NA,NA,NA
4_H2,S112,4,NA,NA,NA
2_H2,S168,14,NA,NA,NA
2_B10,S189,14,NA,NA,NA
4_C4,S208,29,NA,NA,NA
5_B1,S334,4742,NA,NA,NA
5_G3,S340,1505,0.5480999999999999,0.571,NA
1_A5,S138,664,NA,NA,NA
1_E1,S36,3863,0.4556,0.465,NA
2_B9,S95,1159,0.5389,0.517,NA
1_F11,S157,5094,0.0046,NA,NA
1_G11,S158,3907,0.4891,0.471,NA
2_G10,S97,88,0.2157,0.217,NA
4_H1,S106,4246,0.44760000000000005,0.441,NA
2_H9,S188,756,0.5075,0.489,NA
4_E11,S236,735,0.2162,0.257,NA
2_F11,S102,373,0.0329,NA,NA
4_A6,S211,244,NA,NA,NA
5_E1,S336,670,0.021099999999999997,NA,NA
1_B4,S46,1671,0.8216,0.688,0.813953488
5_E2,S245,702,0.5079,0.502,0.520408163
2_G7,S184,75,NA,NA,NA
5_F4,S249,14,NA,NA,NA
5_C8,S260,50,NA,NA,NA
4_D7,S126,1953,0.1231,0.114,NA
4_E3,S204,1183,0.267,0.256,NA
5_F11,S269,63,0.3846,0.4,0.636363636
1_A8,S56,3667,NA,NA,NA
5_A12,S270,86,0.7358,0.567,0.785714286
1_B12,S160,18,NA,NA,NA
4_H8,S226,1546,0.0074,NA,NA
4_D2,S109,23,NA,0.6,NA
5_G2,S247,1461,0.8946999999999999,0.871,0.844444444
5_F8,S263,0,NA,NA,NA
4_C7,S125,458,NA,NA,NA
4_B7,S124,2,NA,NA,NA
2_F4,S172,215,0.616,0.652,0.704545455
5_C5,S253,27,NA,NA,NA
4_E12,S331,30,NA,NA,NA
2_E6,S88,74,NA,NA,NA
2_G1,S163,541,NA,NA,NA
1_H8,S149,5,NA,NA,NA
5_C7,S351,5,NA,NA,NA
4_C11,S234,15,NA,NA,NA
4_F12,S332,8393,NA,NA,NA
2_C4,S170,47,NA,NA,NA
2_B2,S165,644,NA,NA,NA
2_H11,S103,111,0.3333,0.44,NA
4_E7,S127,2042,0.0089,NA,NA
1_G2,S131,38,NA,NA,NA
5_E10,S359,2370,0.8348,0.807,0.840361446
2_H12,S195,78,NA,NA,NA
4_C1,S197,6,NA,NA,NA
4_H6,S122,4,NA,NA,NA
1_H2,S132,26,NA,NA,NA
1_G7,S55,2134,NA,NA,NA
1_F12,S68,569,NA,NA,NA
4_E2,S110,1701,0.0105,NA,NA
2_H1,S164,234,0.43449999999999994,0.424,NA
4_D12,S330,370,NA,NA,NA
1_A3,S133,1412,NA,NA,NA
4_E10,S326,2410,0.1486,0.104,NA
2_H10,S98,419,0.036000000000000004,NA,NA
2_F3,S77,75,NA,NA,NA
2_G8,S92,22,NA,NA,NA
5_B2,S242,9,NA,NA,NA
2_G9,S187,48,0.6154,0.583,NA
4_D6,S214,1714,0.6158,0.629,NA
1_B2,S39,4003,0.6734,0.646,0.65570934299999994
2_H8,S93,131,0.42700000000000005,0.444,NA
4_B8,S220,3829,0.4368,0.431,NA
5_F9,S355,10,NA,1,NA
2_H6,S178,1741,0.5567,0.571,0.566801619
4_G1,S105,3326,NA,NA,NA
5_D9,S354,0,NA,NA,NA
5_D10,S358,4,NA,NA,NA
4_D8,S222,2062,NA,NA,NA
4_C3,S203,28,NA,NA,NA
2_G3,S78,18,NA,NA,NA
4_A7,S123,2856,0.1456,0.136,NA
4_F5,S209,5,NA,NA,NA
4_G5,S210,1437,0.5571,0.564,NA
2_C3,S74,2471,NA,NA,NA
1_C9,S152,950,0.11629999999999999,0.117,NA
5_D8,S261,1,NA,NA,NA
4_F2,S111,224,0.816,0.796,NA
1_G12,S69,499,NA,NA,NA
1_G6,S51,1520,0.6979000000000001,0.698,NA
2_H3,S79,881,0.40979999999999994,0.422,NA
4_C2,S108,4,NA,NA,NA
2_B7,S179,34,NA,NA,NA
1_C12,S65,1418,0.44760000000000005,0.467,NA
1_G8,S148,71,0.5455,0.333,0.666666667
5_D12,S271,363,0.3917,0.383,NA
5_A7,S350,5255,0.5002,0.509,NA
1_E10,S62,5613,0.44839999999999997,0.319,NA
2_D1,S72,1333,NA,NA,NA
4_B9,S228,55,NA,NA,NA
2_B11,S99,55,NA,NA,NA
1_C6,S49,6045,NA,NA,NA
5_B10,S356,42,0.3182,0.25,NA
5_D4,S343,581,0.6356,0.609,0.595959596
1_B11,S153,2726,NA,NA,NA
5_D5,S254,4837,NA,NA,NA
2_G12,S194,648,0.5417000000000001,0.49,0.489583333
5_D7,S352,12,NA,NA,NA
4_F1,S200,32,NA,NA,NA
4_C6,S213,0,NA,NA,NA
1_F9,S59,3471,0.4706,0.437,0.452079566
4_F7,S128,18,NA,NA,NA
4_D9,S230,14,NA,NA,NA
4_F3,S205,3386,NA,NA,NA
5_C10,S357,1519,0.38409999999999994,0.399,NA
2_H5,S84,343,NA,NA,NA
2_E7,S182,170,0.381,0.364,NA
1_D6,S50,1512,0.2651,0.239,NA
1_E12,S67,284,NA,NA,NA
5_B9,S353,6,NA,NA,NA
5_E4,S344,14,NA,NA,NA
1_E2,S130,2753,0.008700000000000001,0.009225,NA
1_D3,S136,1545,0.46790000000000004,0.463,NA
5_E7,S257,57,NA,0.214,NA
1_C11,S154,1640,0.3914,0.402,NA
2_A8,S89,8,NA,NA,NA
4_F10,S327,2078,0.0999,0.096,NA
4_G7,S217,2228,NA,NA,NA
1_D12,S66,266,0.12719999999999998,0.138,NA
5_G4,S250,34,NA,NA,NA
4_H12,S333,5416,NA,NA,NA
1_E3,S41,376,0.2437,0.212,NA
1_G5,S141,1404,0.5299,0.51,NA
1_D9,S57,4696,NA,NA,NA
1_E11,S156,4809,0.0051,NA,NA
2_G4,S173,136,0.6047,0.697,NA
4_G6,S121,2059,NA,NA,NA
1_A1,S33,646,0.0174,NA,NA
1_E4,S47,16,NA,NA,NA
4_C9,S229,2,NA,NA,NA
1_H10,S64,1743,NA,NA,NA
5_D11,S267,328,NA,NA,NA
4_C8,S221,15,NA,NA,NA
1_C2,S40,102,0.4314,0.391,NA
1_A12,S159,4171,0.44670000000000004,0.439,NA
1_B9,S151,680,0.42829999999999996,0.409,0.388349515
5_G5,S345,1492,NA,NA,NA
1_A4,S45,1978,NA,NA,NA
4_E9,S231,21,NA,NA,NA
4_F11,S237,22,NA,NA,NA
4_B3,S202,4504,0.18630000000000002,0.188,NA
1_F3,S42,151,NA,NA,NA
1_F1,S37,938,0.5283,0.502,0.496240602
4_H11,S238,2629,NA,NA,NA
5_B11,S265,513,NA,NA,NA
2_E1,S161,10,NA,NA,NA
5_B3,S248,214,NA,NA,NA
2_A9,S94,71,NA,NA,NA
4_C10,S324,17,NA,0.5,NA
5_F6,S348,274,0.897,0.875,NA
2_A4,S80,1,NA,NA,NA
4_A9,S227,16,NA,NA,NA
5_A4,S341,18,NA,0.667,NA
1_B6,S144,876,NA,NA,NA
2_E4,S171,129,0.4789,0.485,NA
4_G8,S225,1918,0.9331,0.888,0.869888476
4_E8,S223,1273,0.3718,0.358,NA
5_C11,S266,30,NA,NA,NA
5_E3,S338,19,NA,NA,NA
5_F5,S256,10,NA,NA,NA
5_C2,S243,288,0.11109999999999999,0.087,NA
5_B4,S342,5749,0.2869,0.289,NA
2_B4,S169,581,NA,NA,NA
5_B6,S346,1364,NA,NA,NA
2_F5,S82,825,0.47879999999999995,0.433,0.480314961
1_G4,S48,3702,0.42869999999999997,0.446,NA
4_C12,S329,995,0.38660000000000005,0.359,0.428571429
4_B6,S212,90,NA,NA,NA
2_G5,S83,225,NA,NA,NA
2_A5,S174,3050,NA,NA,NA
4_B12,S240,5670,NA,NA,NA
2_B5,S175,1376,0.42260000000000003,0.434,NA
4_B5,S118,14,NA,NA,NA
2_C5,S176,149,NA,NA,NA
