Plate_well,exp,fcs.name,SingleCells.count,NonEry.count,CD56neg.count,CD14neg.count,IntermediateNeut.count,IntermediateNeut.freq.of.CD14neg,MatureNeut.count,MatureNeut.freq.of.CD14neg,MatureNeut.FSC.A,MatureNeut.SSC.A,EarlyNeut.count,EarlyNeut.freq.of.CD14neg,Mono.count,Mono.freq.of.NonEry,Mono.freq.of.CD56neg,Mono.CD11b.Median,Mono.CD14.Median,Mono.FSC.A,Mono.SSC.A,Mono2.count,Mono2.freq.of.NonEry,Mono2.freq.of.CD56neg,Mono2.CD11b.Median,Mono2.CD14.Median,Mono2.FSC.A,Mono2.SSC.A,Ery.count,IntermediateNeut.FSC.A,IntermediateNeut.SSC.A,EarlyNeut.FSC.A,EarlyNeut.SSC.A,CD66bNeut.CD11b.Median,CD66bNeut.CD66b.Median,CD66bNeut.FSC.A,CD66bNeut.SSC.A,TrueFalse,Sort_id,FSC_A,FSC_W,SSC_A,CD33,CD45RA,CD34,CD90,CD49f,CD38,Lineage,CD7_CD10,Live,CD45,Time,Cell_seeded
13_A1,ARCH4,PLATE 13 LEUK_BM_A1_A01_001.fcs,56,56,55,4,0,0,0,0,NA,NA,1,25,48,85.7,87.3,7349,5664,147584,197632,47,83.9,85.5,7349,5664,200640,147584,0,NA,NA,91008,131392,NA,NA,NA,NA,TRUE,1_A1,149210,89382,88201,239,120,4240,999,693,417,134,43,222,1139,2935,HSC
13_A2,ARCH4,PLATE 13 LEUK_BM_A2_A02_002.fcs,846,843,841,353,46,13,15,4.25,131264,106944,245,69.4,431,51.1,51.2,3678,1881,100992,113280,428,50.8,50.9,3678,1881,113280,100608,0,115904,88512,109888,87808,594,6942,119424,90496,TRUE,1_A6,157049,92173,82742,141,147,3959,414,2819,364,149,119,460,2190,5394,HSC
13_A3,ARCH4,PLATE 13 LEUK_BM_A3_A03_003.fcs,57399,49382,49376,9462,4254,45,1022,10.8,110720,113408,2785,29.4,36786,74.5,74.5,2843,1718,101376,130560,36135,73.2,73.2,2860,1735,130624,101312,2,107904,97856,91648,91136,553,24566,108096,100224,TRUE,1_B4,166874,98466,91248,239,279,2526,2596,1451,642,207,78,418,1646,18661,HSC
13_A4,ARCH4,PLATE 13 LEUK_BM_A4_A04_004.fcs,94057,80762,80753,26000,1920,7.38,379,1.46,116032,109312,21616,83.1,49108,60.8,60.8,2524,1633,97088,107008,48904,60.6,60.6,2524,1636,106944,97088,1,108992,91776,100032,83776,540,9074,109760,94080,TRUE,1_B11,155338,90522,100402,283,64,4715,2633,2401,130,111,42,439,2354,14447,HSC
13_A5,ARCH4,PLATE 13 LEUK_BM_A5_A05_005.fcs,20801,20676,20672,17066,6962,40.8,9549,56,98240,94528,50,0.29,1420,6.87,6.87,2168,774,105536,115712,150,0.73,0.73,3561,1345,155264,109312,0,94656,82304,94016,76160,903,24742,96704,89088,TRUE,1_C4,177736,99921,91325,296,119,5918,2870,2336,390,130,51,387,2064,26815,HSC
13_A6,ARCH4,PLATE 13 LEUK_BM_A6_A06_006.fcs,71105,68049,68041,43165,25350,58.7,4493,10.4,129728,124288,6366,14.7,21928,32.2,32.2,3176,1649,99904,120576,19615,28.8,28.8,3299,1771,121792,99968,3,114048,96320,106752,90752,558,18073,115840,99392,TRUE,1_C9,189000,108162,92902,203,-106,3599,369,1191,256,-69,129,318,1346,29827,HSC
13_A7,ARCH4,PLATE 13 LEUK_BM_A7_A07_007.fcs,14603,14375,14367,4936,32,0.65,3,0.061,86272,89472,3832,77.6,6922,48.2,48.2,2156,2476,102656,105728,6902,48,48,2156,2476,105600,102656,0,95168,90112,100480,85632,458,13575,95168,90112,TRUE,1_C10,151302,89110,83511,-14,187,4288,2796,2391,107,142,38,354,1306,30107,HSC
13_A8,ARCH4,PLATE 13 LEUK_BM_A8_A08_008.fcs,958,744,743,614,0,0,0,0,NA,NA,20,3.26,35,4.7,4.71,2691,503,137472,198784,9,1.21,1.21,2911,500,173184,144128,53,NA,NA,85760,112192,3325,4518,130688,225024,TRUE,1_D4,137179,89737,70793,70,76,2489,1047,2125,304,88,73,286,1494,36332,HSC
13_A9,ARCH4,PLATE 13 LEUK_BM_A9_A09_009.fcs,57789,47477,47457,13127,169,1.29,54,0.41,122432,117184,11658,88.8,31029,65.4,65.4,2414,1642,94720,96768,30979,65.3,65.3,2414,1642,96768,94720,1,111232,91392,98432,84736,600,7253,113152,94720,TRUE,1_D7,124016,87081,81590,18,82,4407,1818,1768,310,132,63,376,1055,34932,HSC
13_A10,ARCH4,PLATE 13 LEUK_BM_A10_A10_010.fcs,203,200,200,91,65,71.4,3,3.3,83584,70592,6,6.59,17,8.5,8.5,2076,2227,99584,103232,12,6,6,2270,2227,84288,83648,0,122368,101312,78656,72000,343,9707,121600,99776,TRUE,1_D8,142612,89713,63488,90,93,2178,157,1045,706,132,94,266,932,34580,HSC
13_A11,ARCH4,PLATE 13 LEUK_BM_A11_A11_011.fcs,14782,14651,14645,3705,101,2.73,7,0.19,96640,72960,3115,84.1,9456,64.5,64.6,3561,2189,106688,118336,9440,64.4,64.5,3561,2189,118272,106624,0,114880,91392,106048,83712,359,5125,112512,88512,TRUE,1_E2,154991,92730,68357,48,89,3601,3467,2070,189,27,-25,374,1828,39894,HSC
13_A12,ARCH4,PLATE 13 LEUK_BM_A12_A12_012.fcs,24016,23454,23449,10604,7191,67.8,894,8.43,102592,88256,1343,12.7,11325,48.3,48.3,4518,1576,103296,119168,8645,36.9,36.9,4672,1811,121664,104256,0,112896,90112,98496,81024,447,16420,111552,89728,TRUE,1_E3,157137,91574,65590,108,143,4524,1723,1840,717,97,85,234,1567,40204,HSC
13_B1,ARCH4,PLATE 13 LEUK_BM_B1_B01_013.fcs,2249,2241,2241,1658,636,38.4,954,57.5,97536,97344,1,0.06,283,12.6,12.6,2144,1022,105152,117888,5,0.22,0.22,6173,1320,218240,131968,0,97536,90688,87488,93184,970,40933,97536,94400,TRUE,1_E9,125423,92486,83686,11,152,4477,1139,970,731,114,146,293,851,45159,HSC
13_B2,ARCH4,PLATE 13 LEUK_BM_B2_B02_014.fcs,33582,33133,33129,4341,658,15.2,114,2.63,101184,84672,2860,65.9,27431,82.8,82.8,3991,2064,102016,125760,27231,82.2,82.2,3999,2076,125824,102016,0,110976,90432,95680,78976,464,6080,108800,89152,TRUE,1_E12,102413,85572,89512,169,154,3448,2568,1129,651,164,50,322,1599,46777,HSC
13_B3,ARCH4,PLATE 13 LEUK_BM_B3_B03_015.fcs,9077,9014,9012,6585,4476,68,1873,28.4,98816,99072,18,0.27,1458,16.2,16.2,5640,1285,112064,136896,798,8.85,8.85,7189,1839,164800,121600,0,103232,92992,101056,75712,602,27021,102080,94656,TRUE,1_F2,148057,91314,69259,153,108,3662,956,641,572,80,15,281,1241,54504,HSC
13_B4,ARCH4,PLATE 13 LEUK_BM_B4_B04_016.fcs,1078,1064,1064,134,25,18.7,5,3.73,97216,86912,22,16.4,762,71.6,71.6,7663,3847,126336,160960,715,67.2,67.2,7886,3910,162624,127168,0,112192,89920,92736,82176,312,6718,106304,85248,TRUE,1_F10,138596,88917,95576,319,108,6040,5061,649,491,103,80,386,1409,48432,HSC
13_B5,ARCH4,PLATE 13 LEUK_BM_B5_B05_017.fcs,267,267,266,97,71,73.2,4,4.12,85376,102976,2,2.06,26,9.74,9.77,1884,5427,108352,100736,0,0,0,NA,NA,NA,NA,0,104896,83712,117760,90944,344,10675,103616,83712,TRUE,1_F12,156042,91968,95560,94,17,3081,588,1449,762,154,328,639,1429,47009,HSC
13_B6,ARCH4,PLATE 13 LEUK_BM_B6_B06_018.fcs,1180,1176,1174,504,89,17.7,361,71.6,89664,89664,2,0.4,483,41.1,41.1,3126,1884,96512,107328,15,1.28,1.28,7049,1573,134784,97856,0,87872,94080,87232,62848,1649,38910,89472,90624,TRUE,1_G1,109937,85869,72429,224,97,4688,951,1529,956,119,205,299,1437,54968,HSC
13_B7,ARCH4,PLATE 13 LEUK_BM_B7_B07_019.fcs,1730,987,983,724,290,40.1,64,8.84,117440,116992,15,2.07,40,4.05,4.07,2292,892,134208,175936,12,1.22,1.22,2987,4024,155904,113984,457,110528,89024,110848,94016,465,12786,113984,95488,TRUE,1_G2,120658,91280,82826,186,126,4319,1384,1362,337,194,81,418,2004,55293,HSC
13_B8,ARCH4,PLATE 13 LEUK_BM_B8_B08_020.fcs,1334,1331,1330,169,73,43.2,59,34.9,107840,97472,7,4.14,1098,82.5,82.6,5462,4185,139072,206912,951,71.5,71.5,5568,4672,211200,142784,0,97728,76800,99136,80768,774,17408,102016,90816,TRUE,2_B11,125604,90886,76489,97,106,4890,1511,3141,276,122,155,325,2007,12134,HSC
13_B9,ARCH4,PLATE 13 LEUK_BM_B9_B09_021.fcs,7980,3946,3890,3630,1456,40.1,268,7.38,115648,109952,433,11.9,43,1.09,1.11,1784,1104,108352,107328,8,0.2,0.21,3312,2152,106112,81408,1454,106112,88128,98816,89664,547,12410,107456,91712,TRUE,2_C11,166478,95630,104213,116,18,2506,980,887,583,160,125,373,2017,27548,HSC
13_B11,ARCH4,PLATE 13 LEUK_BM_B11_B11_023.fcs,326,28,28,27,0,0,0,0,NA,NA,8,29.6,1,3.57,3.57,3292,28072,110272,123840,0,0,0,NA,NA,NA,NA,75,NA,NA,61056,62528,NA,NA,NA,NA,TRUE,2_D5,163809,90310,96647,82,233,4439,2353,1805,865,169,84,423,2109,36215,HSC
13_B12,ARCH4,PLATE 13 LEUK_BM_B12_B12_024.fcs,3003,3002,3000,1923,652,33.9,1190,61.9,94016,92544,2,0.1,605,20.2,20.2,2424,1049,102400,103360,22,0.73,0.73,5874,1373,170176,121408,0,95232,87680,84864,76864,1089,34914,94528,90752,TRUE,2_D11,180452,100404,97090,140,274,3862,510,821,909,117,21,339,1137,30587,HSC
13_C1,ARCH4,PLATE 13 LEUK_BM_C1_C01_025.fcs,42541,35093,35091,16071,398,2.48,55,0.34,141120,132160,14421,89.7,16291,46.4,46.4,2447,1360,101184,116096,16268,46.4,46.4,2447,1363,116032,101184,2,113728,95488,106304,88192,564,5774,116160,99840,TRUE,2_G2,167231,95592,110919,165,79,7873,3399,2848,245,229,59,553,2436,55678,HSC
13_C2,ARCH4,PLATE 13 LEUK_BM_C2_C02_026.fcs,415,127,127,119,0,0,0,0,NA,NA,20,16.8,4,3.15,3.15,1699,1307,82688,93184,4,3.15,3.15,1699,1307,93184,82688,41,NA,NA,99520,88768,NA,NA,NA,NA,TRUE,2_G9,151373,92224,75726,89,15,2999,157,423,662,92,-3,153,846,60220,HSC
13_C3,ARCH4,PLATE 13 LEUK_BM_C3_C03_027.fcs,9882,9606,9606,3611,372,10.3,196,5.43,106560,93824,2775,76.8,5202,54.2,54.2,2951,1953,113024,134976,5107,53.2,53.2,2946,1983,135360,113088,0,102080,84864,106304,96320,674,11827,103680,88256,TRUE,2_H1,147559,89233,79397,92,81,3469,1726,1140,38,118,79,339,1128,71295,HSC
13_C4,ARCH4,PLATE 13 LEUK_BM_C4_C04_028.fcs,95,93,91,5,0,0,2,40,91968,86656,2,40,85,91.4,93.4,6502,4652,141696,201024,63,67.7,69.2,7049,5191,209664,141696,0,NA,NA,80704,65024,2544,31114,91968,86656,TRUE,3_A1,143175,90404,74726,364,17,5904,3357,3111,201,152,84,345,1941,1539,HSC
13_C5,ARCH4,PLATE 13 LEUK_BM_C5_C05_029.fcs,36815,16279,16276,1971,13,0.66,0,0,NA,NA,1154,58.5,12362,75.9,76,1994,2040,96448,118720,12314,75.6,75.7,1991,2044,118592,96384,456,100416,110080,82624,88448,395,5039,100416,110080,TRUE,3_A8,170605,96192,74566,54,133,3981,2156,1087,542,136,70,358,1479,8178,HSC
13_C6,ARCH4,PLATE 13 LEUK_BM_C6_C06_030.fcs,709,701,701,149,10,6.71,92,61.7,84288,86656,2,1.34,482,68.8,68.8,4308,1983,100800,125760,78,11.1,11.1,7782,2981,192384,127872,0,85696,82368,87744,85120,1899,39383,84288,86656,TRUE,3_A9,151314,91584,94048,335,214,4867,733,609,524,164,150,478,455,10284,HSC
13_C7,ARCH4,PLATE 13 LEUK_BM_C7_C07_031.fcs,27100,26379,26376,3223,165,5.12,62,1.92,92352,78080,2646,82.1,21208,80.4,80.4,4425,1462,112512,139392,20807,78.9,78.9,4425,1470,139328,112384,0,109824,85760,96192,78848,597,6792,103040,82816,TRUE,3_B7,129229,82034,98427,287,48,4607,5634,1604,531,240,-25,428,1524,16446,HSC
13_C8,ARCH4,PLATE 13 LEUK_BM_C8_C08_032.fcs,3348,3023,3017,2749,663,24.1,107,3.89,108800,107520,110,4,54,1.79,1.79,2033,884,115008,139072,20,0.66,0.66,2002,774,146368,103360,66,107840,98496,100672,99648,521,9996,108160,100032,TRUE,3_D2,133051,95118,145258,389,118,5442,8633,3392,448,186,63,396,1974,42062,HSC
13_C9,ARCH4,PLATE 13 LEUK_BM_C9_C09_033.fcs,4260,4197,4194,3254,814,25,542,16.7,106240,106496,33,1.01,254,6.05,6.06,2288,653,141504,174400,22,0.52,0.52,3028,2193,145408,103104,0,101376,90816,93888,98944,762,21260,105536,98432,TRUE,3_D8,199464,103854,111773,82,141,4595,958,2422,829,207,71,474,1689,33351,HSC
13_C10,ARCH4,PLATE 13 LEUK_BM_C10_C10_034.fcs,3012,3001,3001,2057,731,35.5,1141,55.5,94208,99136,4,0.19,475,15.8,15.8,2341,933,102912,115392,9,0.3,0.3,3319,1018,133952,111488,0,91072,95040,81728,74368,982,24683,92992,98560,TRUE,3_D9,151625,89483,92790,194,208,3545,183,905,841,61,32,257,645,33018,HSC
13_C11,ARCH4,PLATE 13 LEUK_BM_C11_C11_035.fcs,41768,34027,34025,7698,3305,42.9,641,8.33,109440,106560,2804,36.4,23870,70.2,70.2,2424,1686,97024,112640,23336,68.6,68.6,2428,1702,112448,96896,7,107136,90432,87552,82688,538,21462,107200,92800,TRUE,3_E2,136860,90695,82804,74,120,3635,4833,1825,623,150,39,323,2026,45008,HSC
13_C12,ARCH4,PLATE 13 LEUK_BM_C12_C12_036.fcs,46921,44786,44780,1235,102,8.26,16,1.3,86208,80384,759,61.5,42406,94.7,94.7,3234,2091,98880,110016,41650,93,93,3214,2091,109632,98752,0,109440,84096,81152,78272,304,20961,104000,80384,TRUE,3_E7,146247,94464,142160,97,96,4588,3495,2417,844,168,42,496,1883,48202,HSC
13_D1,ARCH4,PLATE 13 LEUK_BM_D1_D01_037.fcs,19284,11825,11820,4478,1,0.022,0,0,NA,NA,3716,83,5608,47.4,47.4,1705,2519,100288,109312,5596,47.3,47.3,1705,2519,109248,100224,2,80576,64000,103552,86016,421,60785,80576,64000,TRUE,3_E9,96882,85118,94229,28,97,3502,1365,1738,587,108,108,298,2045,51252,HSC
13_D2,ARCH4,PLATE 13 LEUK_BM_D2_D02_038.fcs,668,658,658,537,429,79.9,10,1.86,137216,121024,19,3.54,12,1.82,1.82,1863,2060,93440,127808,8,1.22,1.22,2387,2292,129984,90496,0,113408,90688,116992,88448,358,11827,113472,90688,TRUE,3_E10,106690,88061,90984,188,18,4939,478,1630,863,137,100,234,1276,51935,HSC
13_D3,ARCH4,PLATE 13 LEUK_BM_D3_D03_039.fcs,2576,2564,2564,2069,1317,63.7,659,31.9,98496,99648,11,0.53,175,6.83,6.83,1735,1121,109056,123008,33,1.29,1.29,3518,1363,140352,107712,0,100608,89600,87360,66688,652,19668,99904,93184,TRUE,3_E11,108271,91467,104554,295,266,5387,1082,815,788,134,660,258,905,52987,HSC
13_D4,ARCH4,PLATE 13 LEUK_BM_D4_D04_040.fcs,1663,1654,1654,1186,5,0.42,3,0.25,112384,162816,25,2.11,127,7.68,7.68,2359,570,141440,193792,11,0.67,0.67,2279,668,177856,121536,0,83456,94656,87104,107584,1917,4202,134720,201408,TRUE,3_G4,156806,98061,110201,94,82,3350,629,699,524,155,73,199,1000,63822,HSC
13_D5,ARCH4,PLATE 13 LEUK_BM_D5_D05_041.fcs,69262,44557,44538,17327,1492,8.61,460,2.65,124480,133568,8673,50.1,20906,46.9,46.9,1582,1570,89856,100288,20836,46.8,46.8,1579,1573,100224,89792,502,107904,103424,95168,94080,646,12698,111360,109568,TRUE,3_G6,123532,87559,85982,88,68,3633,627,2080,139,114,71,354,2201,64978,HSC
13_D6,ARCH4,PLATE 13 LEUK_BM_D6_D06_042.fcs,16078,15869,15867,11711,9335,79.7,2044,17.5,98496,103488,31,0.26,3687,23.2,23.2,5050,1576,120832,176768,2696,17,17,5416,1801,187264,126592,1,98112,93376,107072,89216,528,34580,98112,95168,TRUE,3_H1,164530,92324,82678,278,84,3958,1466,2286,211,257,150,384,2366,79520,HSC
13_D7,ARCH4,PLATE 13 LEUK_BM_D7_D07_043.fcs,21689,18386,18381,16454,8647,52.6,6550,39.8,104576,95232,477,2.9,893,4.86,4.86,2734,1049,108032,121216,412,2.24,2.24,3769,2111,148416,104768,1531,106112,88128,106240,91200,745,25519,105472,90752,TRUE,3_H2,148650,97555,97019,123,119,4768,1183,1908,713,157,173,424,2969,79323,HSC
13_D8,ARCH4,PLATE 13 LEUK_BM_D8_D08_044.fcs,24037,19547,19545,3979,64,1.61,26,0.65,100736,79936,3160,79.4,14485,74.1,74.1,3420,1579,111104,141696,14433,73.8,73.8,3420,1579,141568,111104,1,97344,72192,100800,89920,642,7646,99008,77184,TRUE,3_H4,147183,90624,108325,106,8,5402,3271,2058,90,180,79,564,2489,78821,HSC
13_D9,ARCH4,PLATE 13 LEUK_BM_D9_D09_045.fcs,2597,2512,2512,601,334,55.6,24,3.99,100864,106368,75,12.5,1778,70.8,70.8,3991,2148,127168,169984,1601,63.7,63.7,3991,2198,170432,127808,1,108800,91776,101568,91776,395,10435,107072,93632,TRUE,3_H9,148901,92353,73207,304,218,3497,6785,1074,675,132,45,301,1470,75370,HSC
13_D11,ARCH4,PLATE 13 LEUK_BM_D11_D11_047.fcs,18479,18219,18218,15725,11888,75.6,2657,16.9,112512,103872,387,2.46,1710,9.39,9.39,5302,1424,114240,141824,1424,7.82,7.82,5701,1582,148992,115584,0,110144,88256,105024,82752,556,15782,110528,90240,TRUE,4_C8,115613,86553,84853,336,282,4215,3643,1598,177,214,74,290,2075,23560,HSC
13_D12,ARCH4,PLATE 13 LEUK_BM_D12_D12_048.fcs,879,874,874,412,240,58.3,118,28.6,88512,99264,1,0.24,205,23.5,23.5,4041,3120,114240,139904,64,7.32,7.32,9364,5302,211392,140160,0,97600,95872,90688,76608,579,23819,95552,95808,TRUE,4_D4,180812,104742,123782,299,308,3242,138,1200,286,169,1959,452,218,34656,HSC
13_E1,ARCH4,PLATE 13 LEUK_BM_E1_E01_049.fcs,6680,6635,6634,5226,2386,45.7,2755,52.7,101056,97920,2,0.038,736,11.1,11.1,3157,851,109376,126080,178,2.68,2.68,6240,1639,181952,125312,0,99136,87552,84160,49280,864,34414,99968,92800,TRUE,4_D9,134479,91544,95100,114,89,4033,933,1017,768,123,153,320,1445,29060,HSC
13_E2,ARCH4,PLATE 13 LEUK_BM_E2_E02_050.fcs,19648,15729,15727,7182,3,0.042,2,0.028,71744,67840,6003,83.6,6565,41.7,41.7,1832,2257,100672,98112,6557,41.7,41.7,1828,2257,98112,100608,1,101504,73472,102720,85824,597,6460,95872,73472,TRUE,4_D10,151710,88276,75554,154,289,2660,689,1573,390,279,95,426,1607,28474,HSC
13_E3,ARCH4,PLATE 13 LEUK_BM_E3_E03_051.fcs,2346,2301,2297,1277,160,12.5,14,1.1,139136,124416,843,66,780,33.9,34,4099,1445,110656,132352,773,33.6,33.7,4082,1453,132352,110464,0,119232,96512,112768,90752,434,4913,120512,98112,TRUE,4_E5,108805,87691,94404,-49,67,3807,431,1490,781,83,110,333,1872,42596,HSC
13_E4,ARCH4,PLATE 13 LEUK_BM_E4_E04_052.fcs,23099,22845,22843,18996,9172,48.3,1397,7.35,122752,111424,5423,28.5,2917,12.8,12.8,3597,1317,103040,122944,2810,12.3,12.3,3641,1337,123008,102400,0,111168,91072,109184,86656,529,10699,112256,92800,TRUE,4_E9,160125,90237,101678,61,-33,3535,1037,1366,297,106,41,282,1167,46691,HSC
13_E5,ARCH4,PLATE 13 LEUK_BM_E5_E05_053.fcs,8525,8343,8343,5440,4443,81.7,713,13.1,98496,94784,63,1.16,2431,29.1,29.1,4016,1258,120768,163904,1740,20.9,20.9,4316,1549,178880,127488,0,103744,91136,100864,83392,464,27345,102912,91776,TRUE,4_F1,115056,89420,133890,-20,22,5968,1963,1462,685,112,71,382,1558,63766,HSC
13_E6,ARCH4,PLATE 13 LEUK_BM_E6_E06_054.fcs,24186,16860,16855,4258,1472,34.6,212,4.98,127872,124096,1740,40.9,11619,68.9,68.9,2934,1881,109440,148032,11427,67.8,67.8,2934,1895,147712,109248,9,107968,95616,93696,90176,534,12611,109504,98048,TRUE,4_F12,179391,106686,111921,277,69,3644,357,1461,141,232,88,399,1740,52969,HSC
13_E7,ARCH4,PLATE 13 LEUK_BM_E7_E07_055.fcs,1273,1181,1179,851,3,0.35,0,0,NA,NA,492,57.8,2,0.17,0.17,3420,2457,92032,107712,2,0.17,0.17,3420,2457,107712,92032,0,115264,132288,115520,103104,616,52916,115264,132288,TRUE,4_G4,132241,90027,107918,247,60,7165,1409,3352,84,231,126,426,2517,67240,HSC
13_E8,ARCH4,PLATE 13 LEUK_BM_E8_E08_056.fcs,1313,1188,1186,1004,29,2.89,109,10.9,81920,90944,34,3.39,93,7.83,7.84,2963,855,90304,115712,11,0.93,0.93,2639,1518,121408,86528,35,83712,77632,88128,95168,1363,17946,83264,90688,TRUE,4_G9,147471,95202,85122,118,97,2059,204,754,675,153,169,249,840,76869,HSC
13_E9,ARCH4,PLATE 13 LEUK_BM_E9_E09_057.fcs,5718,5706,5702,513,236,46,218,42.5,97408,89216,6,1.17,5045,88.4,88.5,5533,2799,134848,200640,4607,80.7,80.8,5592,2981,203648,136768,0,103232,82816,82112,97088,781,46985,100864,86208,TRUE,4_H10,156950,94282,80987,71,-11,2043,3559,2206,333,110,69,228,702,82030,HSC
13_E10,ARCH4,PLATE 13 LEUK_BM_E10_E10_058.fcs,286,248,248,180,0,0,0,0,NA,NA,102,56.7,1,0.4,0.4,4435,1856,87872,141248,1,0.4,0.4,4435,1856,141248,87872,0,NA,NA,117952,101760,NA,NA,NA,NA,TRUE,5_A10,143453,88981,61483,115,76,5388,1510,3342,245,126,-8,449,2659,6241,HSC
13_E11,ARCH4,PLATE 13 LEUK_BM_E11_E11_059.fcs,104,30,29,25,0,0,0,0,NA,NA,1,4,0,0,0,NA,NA,NA,NA,0,0,0,NA,NA,NA,NA,18,NA,NA,96256,101696,NA,NA,NA,NA,TRUE,5_A12,107667,83622,98951,65,50,2171,192,641,673,162,88,259,1542,7381,HSC
13_E12,ARCH4,PLATE 13 LEUK_BM_E12_E12_060.fcs,11872,11240,11236,4712,4,0.085,0,0,NA,NA,3615,76.7,5179,46.1,46.1,1917,2476,99072,97472,5172,46,46,1917,2480,97472,99072,0,107072,82816,101056,84992,627,10087,107072,82816,TRUE,5_B9,160325,99619,65955,257,170,5933,5795,4800,416,166,53,355,1863,10365,HSC
13_F1,ARCH4,PLATE 13 LEUK_BM_F1_F01_061.fcs,923,792,792,506,0,0,0,0,NA,NA,467,92.3,2,0.25,0.25,3847,525,95552,85952,2,0.25,0.25,3847,525,85952,95552,0,NA,NA,115392,96576,NA,NA,NA,NA,TRUE,5_C1,149580,91892,65076,79,83,4131,835,2184,170,137,93,346,1766,18515,HSC
13_F2,ARCH4,PLATE 13 LEUK_BM_F2_F02_062.fcs,28739,23546,23546,7885,2482,31.5,203,2.57,111936,108288,3297,41.8,13602,57.8,57.8,2750,1225,110848,144960,13453,57.1,57.1,2750,1230,144960,110848,5,107840,85696,93952,81600,468,13265,107904,86720,TRUE,5_C2,153071,91591,78711,188,61,3604,1518,2516,599,138,50,332,1586,18906,HSC
13_F3,ARCH4,PLATE 13 LEUK_BM_F3_F03_063.fcs,154,152,151,66,1,1.52,0,0,NA,NA,33,50,60,39.5,39.7,4444,8524,139456,206848,60,39.5,39.7,4444,8524,206848,139456,0,116224,63936,108352,100160,263,7237,116224,63936,TRUE,5_C5,175203,98806,108749,83,305,5909,943,1809,607,165,466,477,1213,20451,HSC
13_F4,ARCH4,PLATE 13 LEUK_BM_F4_F04_064.fcs,41854,32600,32597,20542,10835,52.7,1894,9.22,119168,114816,2468,12,10346,31.7,31.7,2152,1612,94272,108992,9376,28.8,28.8,2160,1686,108288,93952,11,106112,90112,97408,88192,559,23371,107520,92992,TRUE,5_C9,173883,99643,96823,110,49,3002,627,2498,241,120,113,536,1421,24421,HSC
13_F5,ARCH4,PLATE 13 LEUK_BM_F5_F05_065.fcs,28343,27590,27587,16788,11073,66,1665,9.92,110208,95104,1270,7.56,9180,33.3,33.3,3678,1004,117696,150720,7045,25.5,25.5,3831,1108,159296,120768,2,114048,87616,100672,78144,522,12640,113600,88320,TRUE,5_D8,140996,91244,100110,274,91,4477,1521,641,475,174,96,390,1388,31430,HSC
13_F6,ARCH4,PLATE 13 LEUK_BM_F6_F06_066.fcs,13760,10026,10023,9518,3048,32,1420,14.9,110080,104896,1389,14.6,92,0.92,0.92,1906,728,113088,120448,16,0.16,0.16,2064,1061,126208,100992,689,106752,90624,108544,91136,666,15636,107648,94720,TRUE,5_D12,148980,88390,82834,144,130,3502,661,1402,220,161,165,428,2117,25865,HSC
13_F7,ARCH4,PLATE 13 LEUK_BM_F7_F07_067.fcs,23549,20343,20342,3721,131,3.52,63,1.69,90496,86976,2582,69.4,15337,75.4,75.4,3016,1541,108864,138816,14244,70,70,3016,1567,138688,108800,4,93056,76352,90688,81664,613,9074,92864,81344,TRUE,5_E7,166127,94492,85277,340,150,4376,1568,1100,428,70,85,328,2044,45262,HSC
13_F8,ARCH4,PLATE 13 LEUK_BM_F8_F08_068.fcs,713,708,708,605,463,76.5,52,8.6,121472,110144,32,5.29,12,1.69,1.69,1273,1320,112064,102784,3,0.42,0.42,3926,1320,152896,112064,0,114816,89728,125440,96448,470,10870,115328,91200,TRUE,5_E12,121843,86876,119204,209,142,3404,3511,644,575,99,126,323,1835,49786,HSC
13_F9,ARCH4,PLATE 13 LEUK_BM_F9_F09_069.fcs,434,377,376,179,0,0,0,0,NA,NA,125,69.8,0,0,0,NA,NA,NA,NA,0,0,0,NA,NA,NA,NA,0,NA,NA,114688,98880,NA,NA,NA,NA,TRUE,5_F7,148118,93582,124289,267,18,2555,1222,1603,99,108,131,405,337,54936,HSC
13_F10,ARCH4,PLATE 13 LEUK_BM_F10_F10_070.fcs,5629,5613,5611,5028,3296,65.6,1574,31.3,107520,107584,28,0.56,191,3.4,3.4,1712,899,113408,123200,10,0.18,0.18,2981,1008,134144,100032,0,102144,90880,105344,89536,666,19165,104128,95488,TRUE,5_F10,135880,91274,92967,93,60,4220,3022,1311,333,146,139,274,2327,51946,HSC
13_F11,ARCH4,PLATE 13 LEUK_BM_F11_F11_071.fcs,44668,34841,34833,6361,37,0.58,17,0.27,105280,87296,5086,80,25763,73.9,74,1924,1867,96384,96960,25591,73.5,73.5,1924,1867,96896,96320,3,102016,78592,95232,88064,676,18115,102144,78656,TRUE,5_G1,150803,91921,105556,146,175,4208,2250,1423,635,249,88,455,2037,60061,HSC
13_F12,ARCH4,PLATE 13 LEUK_BM_F12_F12_072.fcs,12137,12092,12090,10759,8571,79.7,1672,15.5,125696,113792,71,0.66,777,6.43,6.43,3476,972,102656,124416,491,4.06,4.06,4185,1084,130944,103616,0,111424,90048,93184,79360,570,33678,113088,92736,TRUE,5_G4,131212,90677,79062,130,144,4834,3439,1025,543,95,64,263,1480,65620,HSC
13_G1,ARCH4,PLATE 13 LEUK_BM_G1_G01_073.fcs,43108,28161,28159,2580,135,5.23,54,2.09,97728,90112,1565,60.7,23836,84.6,84.6,2558,1696,100800,119488,23769,84.4,84.4,2558,1696,119488,100736,15,95232,73728,86656,79872,582,14449,96896,79872,TRUE,5_G5,154381,90768,78705,96,149,3864,828,1218,221,148,59,316,2036,66000,HSC
13_G2,ARCH4,PLATE 13 LEUK_BM_G2_G02_074.fcs,2726,2720,2719,1666,128,7.68,1359,81.6,90560,82880,38,2.28,618,22.7,22.7,3052,875,100160,108160,82,3.01,3.02,4821,1863,158720,111808,0,95424,77376,86976,82752,1842,46758,90944,82752,TRUE,5_H6,152335,95252,73976,18,277,2534,598,1481,697,203,28,298,1085,73535,HSC
13_G3,ARCH4,PLATE 13 LEUK_BM_G3_G03_075.fcs,929,922,922,642,4,0.62,65,10.1,106368,149312,11,1.71,87,9.44,9.44,2240,646,133824,215232,4,0.43,0.43,1091,855,143424,129408,0,79680,69504,96000,129600,1481,4518,119040,182144,TRUE,6_A11,117695,92240,101503,178,31,3454,4070,492,857,175,158,370,2143,14752,HSC
13_G4,ARCH4,PLATE 13 LEUK_BM_G4_G04_076.fcs,13616,5172,5167,1858,22,1.18,1,0.054,150400,200256,527,28.4,2619,50.6,50.7,1744,2173,87680,93952,2578,49.8,49.9,1731,2189,93568,87360,198,69760,99584,86144,83904,467,3583,74240,100736,TRUE,6_B3,151009,90224,65906,11,122,3712,654,1571,251,140,189,396,1892,24939,HSC
13_G5,ARCH4,PLATE 13 LEUK_BM_G5_G05_077.fcs,18758,17341,17340,4964,3482,70.1,1201,24.2,94528,92800,89,1.79,11784,68,68,4237,1888,125696,176640,10523,60.7,60.7,4308,1968,178688,127040,0,101888,93952,95168,84480,527,29306,99328,93504,TRUE,6_B6,180071,100418,134980,125,167,5330,320,1250,413,145,138,487,1394,23696,HSC
13_G6,ARCH4,PLATE 13 LEUK_BM_G6_G06_078.fcs,229,22,21,19,1,5.26,0,0,NA,NA,8,42.1,2,9.09,9.52,3120,1777,110080,150784,2,9.09,9.52,3120,1777,150784,110080,16,84992,127744,61696,69120,421,35678,84992,127744,TRUE,6_B10,166904,101591,90455,57,35,3255,2468,1022,754,199,6,424,1832,17480,HSC
13_G7,ARCH4,PLATE 13 LEUK_BM_G7_G07_079.fcs,6347,6218,6216,5270,1498,28.4,1850,35.1,101760,100224,31,0.59,269,4.33,4.33,2189,641,129280,146816,3,0.048,0.048,2152,1920,186176,120320,0,94208,85504,89472,103616,916,16420,99712,94976,TRUE,6_C4,132033,87897,112134,-24,157,3027,467,1384,667,251,69,340,1849,30979,HSC
13_G8,ARCH4,PLATE 13 LEUK_BM_G8_G08_080.fcs,17690,17581,17579,14429,8199,56.8,5590,38.7,102208,90816,164,1.14,1815,10.3,10.3,4193,954,111232,128768,1019,5.8,5.8,5125,1283,156928,115328,0,105088,85248,104064,86080,715,23427,104128,87360,TRUE,6_C5,157373,92867,99279,271,152,4964,1744,1527,383,238,101,361,1835,32428,HSC
13_G9,ARCH4,PLATE 13 LEUK_BM_G9_G09_081.fcs,36616,35688,35642,28417,9775,34.4,1058,3.72,131776,118656,10252,36.1,6096,17.1,17.1,3120,1302,100160,123136,5903,16.5,16.6,3145,1330,123520,100096,7,110976,90816,108160,87424,528,8658,112384,92800,TRUE,6_C8,125068,89607,143960,318,150,6414,3727,2628,564,304,-6,440,3073,34212,HSC
13_G10,ARCH4,PLATE 13 LEUK_BM_G10_G10_082.fcs,29367,16409,16405,1381,119,8.62,17,1.23,103360,117248,1079,78.1,13921,84.8,84.9,2728,1822,105024,141952,13891,84.7,84.7,2728,1822,141888,104960,99,112896,96576,85440,90624,531,11963,111936,96576,TRUE,6_D1,155455,92834,90763,43,90,4246,509,1451,308,134,177,321,1592,48885,HSC
13_G11,ARCH4,PLATE 13 LEUK_BM_G11_G11_083.fcs,111,37,35,33,0,0,1,3.03,103616,72192,4,12.1,1,2.7,2.86,2505,2301,120576,199168,1,2.7,2.86,2505,2301,199168,120576,7,NA,NA,57280,70720,1386,38444,103616,72192,TRUE,6_D4,154229,89137,86426,230,92,4112,250,560,696,53,307,263,1312,46697,HSC
13_G12,ARCH4,PLATE 13 LEUK_BM_G12_G12_084.fcs,66518,44595,44592,14987,1117,7.45,219,1.46,133120,119936,9165,61.2,25265,56.7,56.7,2103,1434,96832,111040,25196,56.5,56.5,2103,1434,110976,96768,119,109952,92096,98176,82304,588,7365,113408,95616,TRUE,6_D8,159467,92950,93190,210,101,3431,1395,823,588,166,79,551,1830,43580,HSC
13_H1,ARCH4,PLATE 13 LEUK_BM_H1_H01_085.fcs,58911,24302,24293,4611,18,0.39,3,0.065,124736,137600,2721,59,16306,67.1,67.1,1633,1633,92032,102656,16283,67,67,1633,1636,102592,92032,1392,101056,108224,89600,86592,697,4976,112320,125120,TRUE,6_D11,118231,88679,128331,243,57,6462,1760,2023,229,92,6,397,2330,39633,HSC
13_H2,ARCH4,PLATE 13 LEUK_BM_H2_H02_086.fcs,248,240,240,40,2,5,4,10,73216,91008,5,12.5,180,75,75,4398,4801,94592,124480,21,8.75,8.75,5147,4116,172352,110016,0,64256,49984,79936,60736,2534,8153,79488,102016,TRUE,6_E2,173566,95850,115630,114,151,4966,519,937,354,93,15,336,694,50609,HSC
13_H3,ARCH4,PLATE 13 LEUK_BM_H3_H03_087.fcs,2169,2167,2167,1770,0,0,0,0,NA,NA,101,5.71,67,3.09,3.09,2227,567,128768,190272,21,0.97,0.97,1764,695,149120,111040,0,NA,NA,82624,104896,2010,2894,136192,205184,TRUE,6_E6,146800,90054,70848,-15,20,1937,125,540,454,124,59,232,844,54369,HSC
13_H4,ARCH4,PLATE 13 LEUK_BM_H4_H04_088.fcs,16580,16447,16447,14101,7034,49.9,6592,46.7,100608,95808,54,0.38,1203,7.31,7.31,3561,960,112768,137216,545,3.31,3.31,4997,1680,179200,123456,1,101056,86144,106560,89856,805,27085,100800,90176,TRUE,6_E8,172380,100217,120848,37,67,2864,371,1121,738,85,72,351,1379,56088,HSC
13_H5,ARCH4,PLATE 13 LEUK_BM_H5_H05_089.fcs,5685,5658,5657,5004,3336,66.7,1531,30.6,102208,103296,9,0.18,200,3.53,3.54,1715,950,106112,112320,1,0.018,0.018,1725,1152,124928,109312,0,99840,89344,126592,107840,638,19714,100672,93312,TRUE,6_F8,150428,93175,91058,162,165,4664,668,927,722,76,9,320,1319,63282,HSC
13_H6,ARCH4,PLATE 13 LEUK_BM_H6_H06_090.fcs,2717,2684,2684,1989,168,8.45,107,5.38,114752,120128,18,0.9,201,7.49,7.49,2173,661,156352,173888,4,0.15,0.15,1603,521,139648,106432,0,102592,97856,99776,97856,1008,9685,114752,119424,TRUE,6_F10,148340,90920,75908,51,80,2305,181,568,476,96,334,178,1159,61912,HSC
13_H7,ARCH4,PLATE 13 LEUK_BM_H7_H07_091.fcs,23348,20646,20645,6609,3,0.045,0,0,NA,NA,5378,81.4,12360,59.9,59.9,2266,1953,99840,107904,12342,59.8,59.8,2262,1953,107840,99840,0,106496,82432,99456,81664,529,3701,106944,82496,TRUE,6_G2,126901,82056,60379,130,26,3289,272,1230,154,170,31,442,1489,76286,HSC
13_H8,ARCH4,PLATE 13 LEUK_BM_H8_H08_092.fcs,4108,3792,3786,3719,0,0,0,0,NA,NA,194,5.22,10,0.26,0.26,1652,730,121408,203840,6,0.16,0.16,1127,1036,151744,97600,9,NA,NA,80192,97088,2283,3227,122816,189888,TRUE,6_G7,159045,90896,99303,262,123,3514,2513,970,798,60,24,313,1645,84006,HSC
13_H9,ARCH4,PLATE 13 LEUK_BM_H9_H09_093.fcs,3226,3220,3219,1925,202,10.5,1390,72.2,89920,95936,14,0.73,716,22.2,22.2,2992,712,98752,120128,42,1.3,1.3,3511,1501,145280,117824,0,87680,86080,75136,68928,1761,41732,89664,96000,TRUE,6_G9,146552,91331,74066,-91,126,2879,391,1664,743,135,111,341,1471,84575,HSC
13_H10,ARCH4,PLATE 13 LEUK_BM_H10_H10_094.fcs,616,614,614,225,11,4.89,136,60.4,89920,95808,3,1.33,292,47.6,47.6,3678,1266,100544,135552,35,5.7,5.7,5439,3641,179200,121984,0,73984,76416,68160,67072,2288,17367,89728,103296,TRUE,6_G12,117209,87742,105613,259,93,7199,510,1176,982,160,13,392,976,86992,HSC
13_H11,ARCH4,PLATE 13 LEUK_BM_H11_H11_095.fcs,30859,30667,30661,28028,15270,54.5,6240,22.3,119168,107328,2881,10.3,1464,4.77,4.77,2650,950,98176,116544,1181,3.85,3.85,2782,1018,114368,95424,0,108992,87232,107008,88576,653,25277,111488,91776,TRUE,6_H1,122850,88641,119904,-12,18,6043,3096,2513,841,263,72,463,2523,97201,HSC
13_H12,ARCH4,PLATE 13 LEUK_BM_H12_H12_096.fcs,681,673,671,404,3,0.74,3,0.74,127360,106624,332,82.2,83,12.3,12.4,1624,2471,95488,96064,83,12.3,12.4,1624,2471,96064,95488,0,96448,78144,104640,84992,547,28889,126784,92032,TRUE,6_H3,149464,90246,85572,160,115,5374,11203,4513,170,101,-26,402,2126,95990,HSC
14_A1,ARCH4,PLATE 14_A1_A01_001.fcs,9098,8787,8785,4032,5,0.12,0,0,NA,NA,3811,94.5,2814,32,32,1741,3462,101312,120768,2809,32,32,1741,3462,120768,101312,0,99136,86272,110848,92800,406,6821,99136,86272,TRUE,7_A1,155622,90577,104733,55,33,3669,3959,2065,40,173,54,519,1894,3522,HSC
14_A2,ARCH4,PLATE 14_A2_A02_002.fcs,775,770,767,734,0,0,1,0.14,64448,106240,25,3.41,2,0.26,0.26,1906,715,119552,175168,2,0.26,0.26,1906,715,175168,119552,0,NA,NA,83392,90048,1603,7301,64448,106240,TRUE,7_A2,137092,91115,73718,30,122,3826,238,324,394,104,29,266,1151,3784,HSC
14_A3,ARCH4,PLATE 14_A3_A03_003.fcs,9527,9412,9412,6064,3410,56.2,2470,40.7,97792,89728,11,0.18,2383,25.3,25.3,6836,1541,119616,155200,1336,14.2,14.2,8299,2500,183104,132224,0,102592,86080,83008,75584,718,30965,100096,87808,TRUE,7_A4,131611,84408,61891,11,80,3889,878,1352,561,144,27,286,1491,4334,HSC
14_A4,ARCH4,PLATE 14_A4_A04_004.fcs,12989,12715,12711,9120,6770,74.2,2202,24.1,97408,97216,13,0.14,2735,21.5,21.5,6836,1636,116992,153664,1331,10.5,10.5,7957,2341,179008,128960,0,100352,95232,98880,75392,535,27739,99584,95616,TRUE,7_A6,163356,97314,93164,216,263,4654,2362,1005,701,84,52,323,1236,6235,HSC
14_A5,ARCH4,PLATE 14_A5_A05_005.fcs,39607,38452,38451,29998,22570,75.2,5832,19.4,106432,94272,379,1.26,6566,17.1,17.1,6645,1788,111872,140736,4868,12.7,12.7,7463,2206,156864,115648,1,108032,86272,103488,74880,541,18545,107520,87488,TRUE,7_A7,162869,94838,93578,115,246,2642,1235,815,403,199,51,418,2054,6419,HSC
14_A6,ARCH4,PLATE 14_A6_A06_006.fcs,55031,43593,43589,12271,1675,13.7,531,4.33,108096,100480,7937,64.7,27140,62.3,62.3,2193,1567,94912,112576,26915,61.7,61.7,2193,1573,112512,94848,12,104768,88576,96064,87168,603,15491,105472,90432,TRUE,7_A8,178235,98725,66841,257,138,3596,2528,891,498,166,107,382,2598,7352,HSC
14_A7,ARCH4,PLATE 14_A7_A07_007.fcs,2121,1431,1424,1354,1,0.074,0,0,NA,NA,36,2.66,13,0.91,0.91,1961,681,105856,127040,13,0.91,0.91,1961,681,127040,105856,188,104640,155520,87552,110656,363,36990,104640,155520,TRUE,7_A10,148204,90148,57783,19,132,2716,413,898,854,126,41,263,1382,8381,HSC
14_A8,ARCH4,PLATE 14_A8_A08_008.fcs,51,49,49,1,0,0,0,0,NA,NA,1,100,38,77.6,77.6,6718,14550,109056,132416,14,28.6,28.6,8794,8262,195008,128640,0,NA,NA,111360,116672,NA,NA,NA,NA,TRUE,7_B4,157681,98982,100827,200,129,5695,479,1426,847,156,42,392,1247,17358,HSC
14_A9,ARCH4,PLATE 14_A9_A09_009.fcs,41344,40932,40931,35864,24369,67.9,9057,25.3,111424,99456,729,2.03,2577,6.3,6.3,3967,1125,107264,114240,1479,3.61,3.61,5912,1585,125760,103808,0,109440,87168,108224,82560,605,15856,109888,89856,TRUE,7_B9,153512,96621,71745,110,233,4664,2918,2692,293,225,114,300,1325,12604,HSC
14_A10,ARCH4,PLATE 14_A10_A10_010.fcs,23516,23292,23288,19208,13622,70.9,3286,17.1,113280,100608,913,4.75,2312,9.93,9.93,4237,1363,105600,116736,1786,7.67,7.67,5082,1582,124032,103808,0,112000,91008,106944,81344,547,18200,112256,92224,TRUE,7_B10,99725,89211,133237,75,63,3685,1557,1730,332,44,40,411,2069,11374,HSC
14_A11,ARCH4,PLATE 14_A11_A11_011.fcs,8760,8698,8695,4271,11,0.26,2,0.047,82432,68288,3715,87,2532,29.1,29.1,1863,2539,97600,93376,2524,29,29,1863,2544,93312,97600,0,86592,75200,100096,84352,478,21010,86592,75200,TRUE,7_B11,150009,91950,73436,-76,195,3007,1489,2734,111,181,43,325,1376,10896,HSC
14_A12,ARCH4,PLATE 14_A12_A12_012.fcs,333,330,323,2,0,0,0,0,NA,NA,2,100,317,96.1,98.1,12467,15384,150336,215616,314,95.2,97.2,12496,15384,215616,150336,0,NA,NA,118144,89600,NA,NA,NA,NA,TRUE,7_C2,150738,91820,84229,247,95,2821,1152,993,500,109,206,243,1035,21542,HSC
14_B1,ARCH4,PLATE 14_B1_B01_013.fcs,4816,4810,4809,3164,1046,33.1,1838,58.1,93376,92352,12,0.38,845,17.6,17.6,2270,1010,99584,105216,10,0.21,0.21,4398,1249,110976,98368,0,90560,88576,68928,73984,1078,23371,92032,91328,TRUE,7_C3,202819,110192,138080,175,179,5314,644,2470,873,152,119,463,1345,22380,HSC
14_B2,ARCH4,PLATE 14_B2_B02_014.fcs,3665,3642,3640,1320,631,47.8,442,33.5,93760,80704,7,0.53,1267,34.8,34.8,6240,2539,114240,123200,486,13.3,13.4,11613,3120,176320,126400,0,103552,81792,92928,54784,616,29659,98752,81408,TRUE,7_C8,96023,88076,111699,47,97,2993,818,1174,747,156,91,281,857,28511,HSC
14_B3,ARCH4,PLATE 14_B3_B03_015.fcs,490,488,487,447,0,0,0,0,NA,NA,13,2.91,5,1.02,1.03,2476,616,107328,152128,2,0.41,0.41,2044,493,85184,101568,0,NA,NA,81664,92352,NA,NA,NA,NA,TRUE,7_D2,126672,89554,93856,233,131,5250,2287,680,677,218,154,431,1816,34890,HSC
14_B4,ARCH4,PLATE 14_B4_B04_016.fcs,17744,15704,15698,2242,703,31.4,81,3.61,99968,96000,1074,47.9,12487,79.5,79.5,2563,2136,100800,118144,12333,78.5,78.6,2558,2148,117888,100736,0,106432,88320,92096,92736,453,11045,105920,89344,TRUE,7_D12,165639,94475,96856,174,99,4653,3571,2142,511,166,15,355,1968,30861,HSC
14_B5,ARCH4,PLATE 14_B5_B05_017.fcs,25717,22709,22708,8828,4,0.045,0,0,NA,NA,6880,77.9,11905,52.4,52.4,2297,2355,97152,98112,11888,52.3,52.4,2297,2355,98048,97152,0,77696,104640,96896,80512,423,3886,77696,104640,TRUE,7_E5,143275,94955,93566,221,83,5645,1115,2814,156,130,74,379,1905,36574,HSC
14_B6,ARCH4,PLATE 14_B6_B06_018.fcs,5300,5224,5224,1853,1166,62.9,402,21.7,93248,82432,34,1.83,2764,52.9,52.9,5799,1561,115136,149056,1697,32.5,32.5,6363,2087,171392,124800,0,107584,84928,90240,86528,461,31039,103424,84224,TRUE,7_E11,148111,92827,78036,45,109,3495,875,1392,588,140,75,295,1635,42879,HSC
14_B7,ARCH4,PLATE 14_B7_B07_019.fcs,1244,1196,1194,683,2,0.29,1,0.15,63936,85760,601,88,25,2.09,2.09,1495,1935,112768,97024,25,2.09,2.09,1495,1935,97024,112768,0,104896,88960,111808,91904,547,70707,104896,88960,TRUE,7_F3,141995,89339,74539,219,291,4442,2199,3469,177,276,157,420,2438,53139,HSC
14_B8,ARCH4,PLATE 14_B8_B08_020.fcs,22803,19667,19666,7936,6,0.076,0,0,NA,NA,7502,94.5,8800,44.7,44.7,2060,2382,94400,97728,8790,44.7,44.7,2060,2382,97664,94400,0,105472,83136,104000,85440,370,4633,105472,83136,TRUE,7_F5,139489,87943,83016,91,105,6025,508,1576,55,326,77,458,2307,50825,HSC
14_B9,ARCH4,PLATE 14_B9_B09_021.fcs,42979,41846,41840,2852,541,19,27,0.95,122432,116672,1926,67.5,37643,90,90,3107,2350,105408,122880,37472,89.5,89.6,3107,2350,122880,105344,0,114304,95872,96448,80640,389,8099,114432,96000,TRUE,7_F12,176166,95694,87992,178,55,6088,2540,1916,226,76,81,509,2878,45258,HSC
14_B10,ARCH4,PLATE 14_B10_B10_022.fcs,32821,18896,18818,3127,182,5.82,34,1.09,113792,99392,1917,61.3,12728,67.4,67.6,1649,2495,87616,91968,12683,67.1,67.4,1649,2495,91968,87552,134,104128,85568,88960,86848,540,20961,105024,87616,TRUE,7_G4,176626,105827,70251,76,80,4773,1711,2074,139,183,89,500,1908,58626,HSC
14_B11,ARCH4,PLATE 14_B11_B11_023.fcs,18773,18556,18554,14693,7488,51,6927,47.1,99456,90112,45,0.31,2303,12.4,12.4,4133,1080,107776,123712,996,5.37,5.37,6390,2359,168128,117568,0,100736,84160,100480,76032,800,33196,100160,86912,TRUE,7_H9,135852,89127,49843,87,32,3608,3104,1626,364,36,59,204,1437,65304,HSC
14_B12,ARCH4,PLATE 14_B12_B12_024.fcs,15215,15132,15131,13543,9082,67.1,3540,26.1,109120,92608,301,2.22,512,3.38,3.38,1994,895,111552,105920,120,0.79,0.79,2843,1302,118272,94784,0,107264,84352,101120,80384,608,22342,107776,86336,TRUE,7_H10,140987,89509,83639,12,81,4918,2971,2539,208,171,30,384,2365,64478,HSC
14_C1,ARCH4,PLATE 14_C1_C01_025.fcs,35,33,32,2,0,0,1,50,98496,84032,1,50,13,39.4,40.6,2837,9364,109312,149120,13,39.4,40.6,2837,9364,149120,109312,0,NA,NA,99264,96640,1002,46083,98496,84032,TRUE,7_H12,169618,98634,69058,192,176,6019,856,1207,448,53,668,273,559,63001,HSC
14_C2,ARCH4,PLATE 14_C2_C02_026.fcs,27264,22285,22279,2202,35,1.59,17,0.77,93184,94720,1055,47.9,19224,86.3,86.3,3483,2457,109440,139456,19091,85.7,85.7,3483,2457,139200,109376,3,93888,81408,93376,90496,676,22395,93184,82368,TRUE,8_A3,154867,94970,119172,144,212,5671,7376,2036,447,208,18,458,2568,4397,HSC
14_C3,ARCH4,PLATE 14_C3_C03_027.fcs,43332,33282,33274,7581,2584,34.1,431,5.69,104704,91328,3510,46.3,23952,72,72,2911,2240,99776,120128,23656,71.1,71.1,2917,2249,120192,99712,12,108096,91648,100544,92416,488,11800,107456,91392,TRUE,8_A4,134994,88813,87620,273,55,4996,4469,1792,651,120,163,304,1769,8162,HSC
14_C4,ARCH4,PLATE 14_C4_C04_028.fcs,2957,2825,2825,2294,6,0.26,55,2.4,131584,179520,28,1.22,123,4.35,4.35,2148,580,143296,212032,18,0.64,0.64,2310,707,160128,112640,35,107008,112768,83968,104128,1677,5257,136512,199360,TRUE,8_B7,147768,90101,69652,-39,-26,4788,1051,1006,337,109,68,299,1731,17341,HSC
14_C5,ARCH4,PLATE 14_C5_C05_029.fcs,4065,3997,3997,2996,156,5.21,170,5.67,115712,121472,35,1.17,311,7.78,7.78,2283,614,147584,184960,14,0.35,0.35,1606,697,156160,127552,0,102272,86912,104128,108096,1325,7080,122240,128896,TRUE,8_B4,135385,94483,66485,53,75,1575,958,584,349,132,117,305,365,19105,HSC
14_C6,ARCH4,PLATE 14_C6_C06_030.fcs,90,24,19,18,0,0,1,5.56,102784,157504,1,5.56,0,0,0,NA,NA,NA,NA,0,0,0,NA,NA,NA,NA,9,NA,NA,58944,93632,1892,8099,102784,157504,TRUE,8_B5,133405,89561,93300,89,185,2986,2288,683,746,175,29,313,1629,18810,HSC
14_C7,ARCH4,PLATE 14_C7_C07_031.fcs,1273,1270,1268,231,0,0,0,0,NA,NA,63,27.3,859,67.6,67.7,3113,6404,101952,109120,856,67.4,67.5,3113,6404,109120,101952,0,NA,NA,96192,92160,NA,NA,NA,NA,TRUE,8_C8,109204,88826,113126,187,-21,4697,2293,666,452,75,35,341,1508,30725,HSC
14_C8,ARCH4,PLATE 14_C8_C08_032.fcs,5588,5515,5504,4452,35,0.79,28,0.63,118144,153152,102,2.29,249,4.51,4.52,2405,561,137536,189184,10,0.18,0.18,1573,652,115328,92672,3,105920,91776,79168,84992,2181,4934,137472,199424,TRUE,8_C10,152378,93093,72030,47,137,2676,3422,1289,609,203,20,329,1274,31810,HSC
14_C9,ARCH4,PLATE 14_C9_C09_033.fcs,576,565,564,76,0,0,0,0,NA,NA,43,56.6,1,0.18,0.18,1012,4032,179712,148480,1,0.18,0.18,1012,4032,148480,179712,0,NA,NA,111104,83648,NA,NA,NA,NA,TRUE,8_D1,148164,96991,67789,63,-8,2531,516,2193,258,103,114,311,1209,40044,HSC
14_C10,ARCH4,PLATE 14_C10_C10_034.fcs,394,386,385,249,0,0,0,0,NA,NA,157,63.1,7,1.81,1.82,1715,1683,111488,127808,7,1.81,1.82,1715,1683,127808,111488,0,NA,NA,110208,88960,NA,NA,NA,NA,TRUE,8_D2,129962,89053,75308,290,90,5705,810,1910,97,74,-6,386,2278,39279,HSC
14_C11,ARCH4,PLATE 14_C11_C11_035.fcs,107,24,20,20,0,0,0,0,NA,NA,2,10,0,0,0,NA,NA,NA,NA,0,0,0,NA,NA,NA,NA,5,NA,NA,55488,66624,NA,NA,NA,NA,TRUE,8_D5,170195,95460,75761,145,94,3434,688,1509,620,167,22,327,2152,37103,HSC
14_C12,ARCH4,PLATE 14_C12_C12_036.fcs,26211,25374,25370,16449,13059,79.4,2131,13,99648,87040,232,1.41,7217,28.4,28.4,5359,1489,108288,135488,3707,14.6,14.6,6015,1979,152640,115200,3,107776,82496,100672,76480,417,23594,106304,82752,TRUE,8_D6,113677,89330,98366,-33,52,3729,3733,1698,564,80,87,390,2433,36752,HSC
14_D1,ARCH4,PLATE 14_D1_D01_037.fcs,79133,28315,28250,6211,5,0.081,3,0.048,129920,122176,3215,51.8,17740,62.7,62.8,1462,2002,89728,93888,17719,62.6,62.7,1462,2002,93888,89728,3435,97024,81344,95552,86272,484,19031,97024,86208,TRUE,8_D9,139098,96152,81380,339,110,4256,4379,1024,564,18,10,341,2054,35283,HSC
14_D2,ARCH4,PLATE 14_D2_D02_038.fcs,30382,17248,17247,5042,1311,26,124,2.46,123840,116096,2269,45,10591,61.4,61.4,2068,1784,95424,115520,10515,61,61,2064,1788,115264,95296,231,107136,86144,89856,82496,465,12904,107904,88000,TRUE,8_E6,140474,96955,134651,-74,160,3189,1430,2355,585,165,40,358,1339,43221,HSC
14_D3,ARCH4,PLATE 14_D3_D03_039.fcs,3836,3798,3798,2072,933,45,1029,49.7,92480,94592,4,0.19,1308,34.4,34.4,3754,1177,112384,149248,457,12,12,4821,1748,183360,127296,1,92480,98048,62336,63808,862,41732,92480,96320,TRUE,8_E7,127919,91760,77100,119,21,4672,2064,1886,677,137,-1,407,1746,43416,HSC
14_D4,ARCH4,PLATE 14_D4_D04_040.fcs,13883,13798,13797,11940,8690,72.8,2443,20.5,108864,94144,255,2.14,920,6.67,6.67,2899,974,105344,112832,474,3.44,3.44,4334,1172,127424,101760,0,108928,86912,109632,81536,562,21060,108864,88192,TRUE,8_E9,148288,92571,91431,37,11,2440,1695,988,614,47,105,430,1133,44311,HSC
14_D5,ARCH4,PLATE 14_D5_D05_041.fcs,31986,30965,30961,21624,13524,62.5,2986,13.8,112768,97536,2184,10.1,7847,25.3,25.3,4016,1114,107904,133568,7138,23.1,23.1,4133,1163,137088,108672,2,110592,84864,105600,78784,558,15384,110848,86464,TRUE,8_E10,152818,93941,82816,258,300,4592,2114,1149,450,178,-12,412,2221,46133,HSC
14_D6,ARCH4,PLATE 14_D6_D06_042.fcs,14332,13950,13948,7655,5751,75.1,675,8.82,94656,90624,478,6.24,5165,37,37,3746,1018,114240,149312,3383,24.3,24.3,3959,1170,159552,119040,0,107840,92608,93056,78336,420,18545,106112,92608,TRUE,8_F5,170331,96023,100594,177,175,4853,2429,1736,274,223,254,462,1771,53481,HSC
14_D7,ARCH4,PLATE 14_D7_D07_043.fcs,14179,11450,11388,2977,890,29.9,143,4.8,116416,109056,1526,51.3,7703,67.3,67.6,3597,3366,120960,174912,7455,65.1,65.5,3590,3462,174080,120704,19,105920,85632,98752,91968,546,15241,106368,87808,TRUE,9_F10,122705,88956,75212,121,78,3929,282,429,745,206,81,420,1022,62286,HSC
14_D8,ARCH4,PLATE 14_D8_D08_044.fcs,5702,5650,5649,3721,618,16.6,55,1.48,106496,95936,2363,63.5,1087,19.2,19.2,2826,2275,98688,125120,1071,19,19,2837,2292,125184,98624,0,111104,96192,113152,95360,437,6002,110784,95744,TRUE,8_F12,129627,92569,111973,27,148,4298,1319,1788,159,86,62,340,2031,48524,HSC
14_D9,ARCH4,PLATE 14_D9_D09_045.fcs,5084,4491,4489,3416,1119,32.8,1382,40.5,91776,87552,27,0.79,444,9.89,9.89,2266,789,103744,114880,18,0.4,0.4,2963,1798,147264,98304,181,89728,78400,78976,103296,923,22608,91456,83328,TRUE,8_G1,165763,95045,81283,99,115,2264,693,1576,735,203,64,302,1364,56951,HSC
14_D10,ARCH4,PLATE 14_D10_D10_046.fcs,5271,5221,5219,2356,1455,61.8,615,26.1,95872,79808,38,1.61,2178,41.7,41.7,5652,1549,114176,146432,1535,29.4,29.4,6488,1983,163776,120192,1,105024,82112,85888,76480,528,24334,102464,81600,TRUE,8_H11,142928,87014,67163,176,117,3951,4474,1092,920,115,140,330,1082,73163,HSC
14_D11,ARCH4,PLATE 14_D11_D11_047.fcs,15335,14286,14280,3396,1774,52.2,858,25.3,94016,95680,458,13.5,10359,72.5,72.5,4057,2639,111552,160704,9525,66.7,66.7,4159,2739,163584,113024,0,96448,90496,92864,96000,642,38910,95744,92352,TRUE,8_H12,159908,93313,86747,163,127,4586,4400,935,364,106,39,314,1519,72679,HSC
14_E1,ARCH4,PLATE 14_E1_E01_049.fcs,8879,7975,7972,1089,696,63.9,118,10.8,92544,87808,43,3.95,6606,82.8,82.9,5169,2400,135488,205696,6220,78,78,5235,2471,208000,136640,3,104448,85120,90368,96192,378,27541,101696,85824,TRUE,9_A7,138938,87439,66403,196,85,3865,499,2169,93,147,27,355,1937,7875,HSC
14_E2,ARCH4,PLATE 14_E2_E02_050.fcs,22415,6931,6926,1769,200,11.3,54,3.05,129920,115520,873,49.3,4571,66,66,1842,2156,93056,118272,4524,65.3,65.3,1839,2164,118016,92864,594,108288,91008,88960,88128,628,8581,112832,97408,TRUE,9_C3,125385,81635,69373,113,166,4400,1364,1473,75,222,121,491,1451,28044,HSC
14_E3,ARCH4,PLATE 14_E3_E03_051.fcs,3388,3377,3377,2478,1266,51.1,986,39.8,95872,97728,20,0.81,407,12.1,12.1,2328,962,102592,115136,74,2.19,2.19,6446,1815,151616,117248,0,96448,84544,88448,83072,772,16926,96128,91136,TRUE,9_C8,159463,96183,101867,89,105,4709,989,1007,854,108,63,409,1036,37068,HSC
14_E4,ARCH4,PLATE 14_E4_E04_052.fcs,24489,23825,23820,14922,11356,76.1,2571,17.2,100096,91904,207,1.39,7374,31,31,5125,1470,109824,139456,4200,17.6,17.6,5701,1957,157888,117184,0,108800,87424,97088,73984,519,24218,107264,88128,TRUE,9_D3,169969,97336,69130,61,64,3698,1371,1085,683,54,125,353,1905,48939,HSC
14_E5,ARCH4,PLATE 14_E5_E05_053.fcs,11164,3650,3647,3323,3,0.09,14,0.42,114368,177152,272,8.19,62,1.7,1.7,2270,649,129664,198464,22,0.6,0.6,2181,673,186816,118208,4049,111488,92480,95936,129152,1744,4167,143104,215744,TRUE,9_D4,153204,91896,82922,200,152,2912,788,602,266,172,62,313,1731,48735,HSC
14_E6,ARCH4,PLATE 14_E6_E06_054.fcs,11492,10913,10913,1179,689,58.4,234,19.8,94272,88896,60,5.09,9323,85.4,85.4,4566,2244,129536,189696,8375,76.7,76.7,4662,2373,193600,131648,2,106688,83712,90496,109312,460,33356,102208,85056,TRUE,9_E2,127777,85448,95037,232,91,3053,221,1086,207,69,77,313,383,51049,HSC
14_E7,ARCH4,PLATE 14_E7_E07_055.fcs,31643,26258,26199,10628,4780,45,788,7.41,105536,94528,1775,16.7,14517,55.3,55.4,3561,2160,102208,122688,13849,52.7,52.9,3619,2240,124032,102464,221,107200,86016,96000,77952,516,19901,107136,86976,TRUE,9_E4,179827,97097,139997,113,153,4164,792,1179,75,228,103,606,1705,53875,HSC
14_E8,ARCH4,PLATE 14_E8_E08_056.fcs,3272,3183,3180,612,59,9.64,1,0.16,142400,132992,471,77,2172,68.2,68.3,3959,4380,103424,118528,2168,68.1,68.2,3950,4389,118464,103296,0,113600,92160,105408,83968,347,6674,113600,92160,TRUE,9_E11,142647,90760,84212,134,85,5465,3546,2004,243,179,55,428,1785,59455,HSC
14_E9,ARCH4,PLATE 14_E9_E09_057.fcs,30128,23504,23498,9066,3569,39.4,335,3.7,122368,117440,3762,41.5,12824,54.6,54.6,2697,2033,97728,118720,12505,53.2,53.2,2702,2060,118400,97600,3,107136,88064,95296,85632,493,13144,107968,89344,TRUE,9_E12,155435,92282,71173,32,277,3033,900,1668,98,110,74,375,1449,60518,HSC
14_E10,ARCH4,PLATE 14_E10_E10_058.fcs,3387,3336,3336,2527,176,6.96,392,15.5,126208,144192,11,0.44,228,6.83,6.83,2177,617,153408,178432,12,0.36,0.36,1561,1095,153536,137024,0,112448,96768,103168,97856,1373,7237,128192,142144,TRUE,9_F12,151557,92603,87209,96,41,2880,579,902,397,102,58,258,817,61853,HSC
14_E11,ARCH4,PLATE 14_E11_E11_059.fcs,13105,13069,13065,9588,6486,67.6,2883,30.1,104896,88000,31,0.32,2156,16.5,16.5,5169,1119,108992,121152,1001,7.66,7.66,7381,1696,159040,114880,0,106240,83200,92608,79296,611,31716,105728,84416,TRUE,9_G3,136860,89340,79393,15,58,2604,289,1261,394,40,17,209,938,69303,HSC
14_E12,ARCH4,PLATE 14_E12_E12_060.fcs,200,198,198,10,0,0,5,50,82112,92992,1,10,150,75.8,75.8,5007,8355,100608,117888,24,12.1,12.1,9577,4701,196864,137344,0,NA,NA,92672,76416,2681,32643,79744,92992,TRUE,9_G8,171418,94110,122012,119,226,5358,1135,1854,956,274,59,568,1175,72280,HSC
14_F1,ARCH4,PLATE 14_F1_F01_061.fcs,37393,36802,36802,34002,24391,71.7,5434,16,103872,94016,157,0.46,1797,4.88,4.88,3671,1156,105216,130432,858,2.33,2.33,4614,1794,154880,109696,0,105472,84928,109568,80512,550,18720,105152,86464,TRUE,9_H7,132335,93660,111118,74,37,3378,2734,793,834,94,74,410,2487,82127,HSC
14_F2,ARCH4,PLATE 14_F2_F02_062.fcs,8927,8877,8876,6414,521,8.12,2376,37,97664,94720,29,0.45,1125,12.7,12.7,2549,760,98048,103488,45,0.51,0.51,3483,1168,145216,103488,0,93824,83456,94464,108288,1407,18986,97280,94080,TRUE,9_H9,171236,95997,101844,110,113,3608,956,926,728,112,60,345,2439,80079,HSC
14_F3,ARCH4,PLATE 14_F3_F03_063.fcs,1428,1270,1264,1077,2,0.19,23,2.14,118272,170048,30,2.79,45,3.54,3.56,2350,603,139008,224768,3,0.24,0.24,1612,879,134016,100416,48,89600,96000,77440,96896,1484,5497,127424,186368,TRUE,10_A2,164413,93970,104104,101,112,2464,723,491,717,120,32,314,1580,2804,HSC
14_F4,ARCH4,PLATE 14_F4_F04_064.fcs,3241,3237,3237,2292,1245,54.3,958,41.8,96512,88064,1,0.044,388,12,12,1825,1008,102976,101888,9,0.28,0.28,4566,5125,186816,133440,0,97152,83712,109568,75712,745,23096,96704,85952,TRUE,10_A3,161189,95158,109035,208,108,4713,2741,541,608,89,49,366,1590,4518,HSC
14_F5,ARCH4,PLATE 14_F5_F05_065.fcs,953,907,903,497,1,0.2,1,0.2,138496,158912,392,78.9,28,3.09,3.1,1567,3716,95296,110848,26,2.87,2.88,1526,3808,120576,97344,0,75008,76544,115520,93888,793,33921,75008,76544,TRUE,10_A6,149842,96049,81230,-34,37,3823,1416,3007,421,163,176,332,2149,5988,HSC
14_F6,ARCH4,PLATE 14_F6_F06_066.fcs,7905,7870,7867,5337,2005,37.6,3075,57.6,108096,101184,54,1.01,1617,20.5,20.6,4099,1074,116992,136896,545,6.93,6.93,6516,2305,197184,133760,0,116352,100288,125696,101184,1006,33116,111488,100928,TRUE,10_A11,160996,94760,93096,175,130,5255,1386,2109,432,66,85,331,1554,9714,HSC
14_F7,ARCH4,PLATE 14_F7_F07_067.fcs,4514,3730,3728,2771,323,11.7,1081,39,88832,82432,38,1.37,525,14.1,14.1,2563,943,91712,100544,41,1.1,1.1,5158,4791,158528,107136,270,88448,71424,88704,107840,1249,29730,89216,80320,TRUE,10_B1,144697,89721,80641,-7,130,2878,128,1176,662,67,21,225,1369,21746,HSC
14_F8,ARCH4,PLATE 14_F8_F08_068.fcs,4313,4301,4301,2653,907,34.2,1628,61.4,97536,94592,1,0.038,929,21.6,21.6,2414,976,104576,109504,10,0.23,0.23,4416,1091,123072,92928,0,98368,90496,90624,72704,1084,37984,97664,93440,TRUE,10_B6,177610,105192,134304,99,112,4757,160,1202,779,107,113,376,1250,16536,HSC
14_F9,ARCH4,PLATE 14_F9_F09_069.fcs,1311,1304,1304,710,484,68.2,139,19.6,95040,97600,4,0.56,295,22.6,22.6,3525,2177,108416,124992,89,6.83,6.83,8505,3427,196416,136320,0,110592,95232,85824,98624,497,20327,106624,96384,TRUE,10_B11,163925,95019,94035,85,180,5344,651,1077,670,102,84,342,1173,13417,HSC
14_F10,ARCH4,PLATE 14_F10_F10_070.fcs,2203,2196,2196,1290,725,56.2,412,31.9,93824,102784,0,0,289,13.2,13.2,2156,1402,98688,111744,11,0.5,0.5,3999,7349,173568,108224,0,97088,99648,NA,NA,639,17045,95296,100544,TRUE,10_C5,156578,92693,86348,182,80,5717,842,1461,630,168,146,235,861,24289,HSC
14_F11,ARCH4,PLATE 14_F11_F11_071.fcs,2585,2559,2558,1042,562,53.9,377,36.2,94336,86592,2,0.19,946,37,37,5302,2198,112000,127104,319,12.5,12.5,9599,3686,195072,136640,0,98624,85504,99904,58752,652,31414,96448,85248,TRUE,10_C10,123148,89060,79563,156,56,5382,480,2751,726,61,91,351,1178,29897,HSC
14_F12,ARCH4,PLATE 14_F12_F12_072.fcs,12713,12668,12668,9001,5412,60.1,2308,25.6,100992,86080,636,7.07,2175,17.2,17.2,4537,1342,107136,120832,1242,9.8,9.8,6267,2064,146240,109760,0,106304,84608,105664,83584,593,19392,104960,84992,TRUE,10_C12,150600,92158,73115,22,94,3401,1214,1533,491,78,70,274,1386,31229,HSC
14_G1,ARCH4,PLATE 14_G1_G01_073.fcs,4864,4812,4812,2512,1814,72.2,584,23.2,95552,90112,7,0.28,1708,35.5,35.5,5302,1376,120576,158720,917,19.1,19.1,6240,1808,187392,131392,0,101248,87232,92608,96960,493,32879,99904,88192,TRUE,10_D1,141238,90703,82911,105,-20,3442,172,1128,765,61,16,311,1802,39308,HSC
14_G2,ARCH4,PLATE 14_G2_G02_074.fcs,15925,11750,11750,644,26,4.04,0,0,NA,NA,481,74.7,10547,89.8,89.8,2734,2292,102336,105792,10511,89.5,89.5,2734,2292,105728,102272,1,106112,92480,96576,78400,421,5291,106112,87296,TRUE,10_D5,169013,94094,104332,70,151,3050,2052,1397,511,139,85,257,955,37243,HSC
14_G3,ARCH4,PLATE 14_G3_G03_075.fcs,24417,23549,23548,13331,10398,78,1219,9.14,105280,93760,482,3.62,8874,37.7,37.7,3554,1487,108480,143552,7153,30.4,30.4,3746,1652,151424,111168,0,108608,84480,92992,75264,484,21768,108224,85184,TRUE,10_D7,169578,99611,126727,186,39,2240,2715,1075,230,113,98,332,519,36729,HSC
14_G4,ARCH4,PLATE 14_G4_G04_076.fcs,8856,8791,8789,7965,5666,71.1,1448,18.2,123008,112000,363,4.56,245,2.79,2.79,1784,988,115904,122688,83,0.94,0.94,2963,1154,132864,96384,0,112832,91584,102912,84864,594,17737,114496,94848,TRUE,10_E6,130773,94887,116998,221,39,6126,1912,1751,581,178,106,416,2129,46074,HSC
14_G5,ARCH4,PLATE 14_G5_G05_077.fcs,39194,7691,7644,2192,21,0.96,8,0.36,128512,122240,814,37.1,4236,55.1,55.4,1478,2202,90240,106176,4215,54.8,55.1,1473,2206,106048,90112,3309,108608,96064,88128,86528,772,6390,118912,107456,TRUE,10_E7,101768,89069,122731,16,116,5801,4871,1394,206,143,62,351,2680,46522,HSC
14_G6,ARCH4,PLATE 14_G6_G06_078.fcs,8825,8521,8521,6588,1577,23.9,100,1.52,132288,118144,4111,62.4,1396,16.4,16.4,2804,1330,96640,117760,1384,16.2,16.2,2804,1332,117632,96192,0,113216,92032,110976,87104,464,7301,113792,92800,TRUE,10_E10,153000,92907,88072,57,66,6575,281,2254,263,94,71,513,2104,48999,HSC
14_G7,ARCH4,PLATE 14_G7_G07_079.fcs,47238,21020,21008,3117,1,0.032,1,0.032,89920,122688,1730,55.5,14575,69.3,69.4,1487,2072,88128,94656,14549,69.2,69.3,1487,2072,94656,88064,802,118080,74880,92096,86464,1082,2934,94720,122688,TRUE,10_F11,157292,93214,87678,97,46,3949,533,1701,159,122,99,234,1113,51527,HSC
14_G8,ARCH4,PLATE 14_G8_G08_080.fcs,34288,15253,15244,7098,1090,15.4,200,2.82,131776,130688,3821,53.8,6618,43.4,43.4,1655,1764,91008,106304,6558,43,43,1652,1771,105984,90752,414,111104,96768,98624,95680,582,9534,113152,100992,TRUE,10_G6,140515,94175,71056,178,65,3222,209,809,272,121,36,504,1558,70547,HSC
14_G9,ARCH4,PLATE 14_G9_G09_081.fcs,10148,10107,10107,8826,6380,72.3,2119,24,105088,97024,120,1.36,430,4.25,4.25,1902,990,107520,110592,129,1.28,1.28,3299,1246,128000,96896,1,105920,86400,93760,80320,593,23427,105664,88384,TRUE,10_G8,157718,90352,60479,154,251,2997,1721,585,732,103,86,243,857,71342,HSC
