Well,Cells #Events,Cells %Parent,Cells FSC-A Median,Cells FSC-W Median,Cells SSC-A Median,Cells CD33 640 670/30-A Median,Cells CD45RA 640 730/45-A Median,Cells CD34 640 780/60-A Median,Cells CD90 561 582/15-A Median,Cells CD49f 561 670/14-A Median,Cells CD38 561 780/60-A Median,Cells CD19 488 530/30-A Median,Cells Live/Dead V405 450/50-A Median,Cells CD7/10 V405 525/50-A Median,Cells V405 780/60-A Median,Cells Time Median,Singlets #Events,Singlets %Parent,Singlets FSC-A Median,Singlets FSC-W Median,Singlets SSC-A Median,Singlets CD33 640 670/30-A Median,Singlets CD45RA 640 730/45-A Median,Singlets CD34 640 780/60-A Median,Singlets CD90 561 582/15-A Median,Singlets CD49f 561 670/14-A Median,Singlets CD38 561 780/60-A Median,Singlets CD19 488 530/30-A Median,Singlets Live/Dead V405 450/50-A Median,Singlets CD7/10 V405 525/50-A Median,Singlets V405 780/60-A Median,Singlets Time Median,Live cells #Events,Live cells %Parent,Live cells FSC-A Median,Live cells FSC-W Median,Live cells SSC-A Median,Live cells CD33 640 670/30-A Median,Live cells CD45RA 640 730/45-A Median,Live cells CD34 640 780/60-A Median,Live cells CD90 561 582/15-A Median,Live cells CD49f 561 670/14-A Median,Live cells CD38 561 780/60-A Median,Live cells CD19 488 530/30-A Median,Live cells Live/Dead V405 450/50-A Median,Live cells CD7/10 V405 525/50-A Median,Live cells V405 780/60-A Median,Live cells Time Median,CD19 neg #Events,CD19 neg %Parent,CD19 neg FSC-A Median,CD19 neg FSC-W Median,CD19 neg SSC-A Median,CD19 neg CD33 640 670/30-A Median,CD19 neg CD45RA 640 730/45-A Median,CD19 neg CD34 640 780/60-A Median,CD19 neg CD90 561 582/15-A Median,CD19 neg CD49f 561 670/14-A Median,CD19 neg CD38 561 780/60-A Median,CD19 neg CD19 488 530/30-A Median,CD19 neg Live/Dead V405 450/50-A Median,CD19 neg CD7/10 V405 525/50-A Median,CD19 neg V405 780/60-A Median,CD19 neg Time Median,34+/33- #Events,34+/33- %Parent,34+/33- FSC-A Median,34+/33- FSC-W Median,34+/33- SSC-A Median,34+/33- CD33 640 670/30-A Median,34+/33- CD45RA 640 730/45-A Median,34+/33- CD34 640 780/60-A Median,34+/33- CD90 561 582/15-A Median,34+/33- CD49f 561 670/14-A Median,34+/33- CD38 561 780/60-A Median,34+/33- CD19 488 530/30-A Median,34+/33- Live/Dead V405 450/50-A Median,34+/33- CD7/10 V405 525/50-A Median,34+/33- V405 780/60-A Median,34+/33- Time Median,34+/45dim #Events,34+/45dim %Parent,34+/45dim FSC-A Median,34+/45dim FSC-W Median,34+/45dim SSC-A Median,34+/45dim CD33 640 670/30-A Median,34+/45dim CD45RA 640 730/45-A Median,34+/45dim CD34 640 780/60-A Median,34+/45dim CD90 561 582/15-A Median,34+/45dim CD49f 561 670/14-A Median,34+/45dim CD38 561 780/60-A Median,34+/45dim CD19 488 530/30-A Median,34+/45dim Live/Dead V405 450/50-A Median,34+/45dim CD7/10 V405 525/50-A Median,34+/45dim V405 780/60-A Median,34+/45dim Time Median,CD38/CD34+ #Events,CD38/CD34+ %Parent,CD38/CD34+ FSC-A Median,CD38/CD34+ FSC-W Median,CD38/CD34+ SSC-A Median,CD38/CD34+ CD33 640 670/30-A Median,CD38/CD34+ CD45RA 640 730/45-A Median,CD38/CD34+ CD34 640 780/60-A Median,CD38/CD34+ CD90 561 582/15-A Median,CD38/CD34+ CD49f 561 670/14-A Median,CD38/CD34+ CD38 561 780/60-A Median,CD38/CD34+ CD19 488 530/30-A Median,CD38/CD34+ Live/Dead V405 450/50-A Median,CD38/CD34+ CD7/10 V405 525/50-A Median,CD38/CD34+ V405 780/60-A Median,CD38/CD34+ Time Median,CD38-/34+ #Events,CD38-/34+ %Parent,CD38-/34+ FSC-A Median,CD38-/34+ FSC-W Median,CD38-/34+ SSC-A Median,CD38-/34+ CD33 640 670/30-A Median,CD38-/34+ CD45RA 640 730/45-A Median,CD38-/34+ CD34 640 780/60-A Median,CD38-/34+ CD90 561 582/15-A Median,CD38-/34+ CD49f 561 670/14-A Median,CD38-/34+ CD38 561 780/60-A Median,CD38-/34+ CD19 488 530/30-A Median,CD38-/34+ Live/Dead V405 450/50-A Median,CD38-/34+ CD7/10 V405 525/50-A Median,CD38-/34+ V405 780/60-A Median,CD38-/34+ Time Median,HSC pool #Events,HSC pool %Parent,HSC pool FSC-A Median,HSC pool FSC-W Median,HSC pool SSC-A Median,HSC pool CD33 640 670/30-A Median,HSC pool CD45RA 640 730/45-A Median,HSC pool CD34 640 780/60-A Median,HSC pool CD90 561 582/15-A Median,HSC pool CD49f 561 670/14-A Median,HSC pool CD38 561 780/60-A Median,HSC pool CD19 488 530/30-A Median,HSC pool Live/Dead V405 450/50-A Median,HSC pool CD7/10 V405 525/50-A Median,HSC pool V405 780/60-A Median,HSC pool Time Median
A1,1,100,"63,731","81,947","11,678",56,-15,767,81,387,0,22,-30,236,"1,293",571,1,100,"63,731","81,947","11,678",56,-15,767,81,387,0,22,-30,236,"1,293",571,1,100,"63,731","81,947","11,678",56,-15,767,81,387,0,22,-30,236,"1,293",571,1,100,"63,731","81,947","11,678",56,-15,767,81,387,0,22,-30,236,"1,293",571,1,100,"63,731","81,947","11,678",56,-15,767,81,387,0,22,-30,236,"1,293",571,1,100,"63,731","81,947","11,678",56,-15,767,81,387,0,22,-30,236,"1,293",571,0,0,,,,,,,,,,,,,,,1,100,"63,731","81,947","11,678",56,-15,767,81,387,0,22,-30,236,"1,293",571,1,100,"63,731","81,947","11,678",56,-15,767,81,387,0,22,-30,236,"1,293",571
A2,1,100,"69,125","87,693","17,142",87,36,"1,907",146,"1,097",-251,48,-12,369,"2,407",819,1,100,"69,125","87,693","17,142",87,36,"1,907",146,"1,097",-251,48,-12,369,"2,407",819,1,100,"69,125","87,693","17,142",87,36,"1,907",146,"1,097",-251,48,-12,369,"2,407",819,1,100,"69,125","87,693","17,142",87,36,"1,907",146,"1,097",-251,48,-12,369,"2,407",819,1,100,"69,125","87,693","17,142",87,36,"1,907",146,"1,097",-251,48,-12,369,"2,407",819,1,100,"69,125","87,693","17,142",87,36,"1,907",146,"1,097",-251,48,-12,369,"2,407",819,0,0,,,,,,,,,,,,,,,1,100,"69,125","87,693","17,142",87,36,"1,907",146,"1,097",-251,48,-12,369,"2,407",819,1,100,"69,125","87,693","17,142",87,36,"1,907",146,"1,097",-251,48,-12,369,"2,407",819
A3,1,100,"74,200","84,671","10,942",60,14,"1,739",-33,455,23,51,32,272,"1,832","1,050",1,100,"74,200","84,671","10,942",60,14,"1,739",-33,455,23,51,32,272,"1,832","1,050",1,100,"74,200","84,671","10,942",60,14,"1,739",-33,455,23,51,32,272,"1,832","1,050",1,100,"74,200","84,671","10,942",60,14,"1,739",-33,455,23,51,32,272,"1,832","1,050",1,100,"74,200","84,671","10,942",60,14,"1,739",-33,455,23,51,32,272,"1,832","1,050",1,100,"74,200","84,671","10,942",60,14,"1,739",-33,455,23,51,32,272,"1,832","1,050",0,0,,,,,,,,,,,,,,,1,100,"74,200","84,671","10,942",60,14,"1,739",-33,455,23,51,32,272,"1,832","1,050",1,100,"74,200","84,671","10,942",60,14,"1,739",-33,455,23,51,32,272,"1,832","1,050"
A4,1,100,"61,884","85,281","18,124",54,3,755,-9,162,36,44,18,459,"1,635","1,244",1,100,"61,884","85,281","18,124",54,3,755,-9,162,36,44,18,459,"1,635","1,244",1,100,"61,884","85,281","18,124",54,3,755,-9,162,36,44,18,459,"1,635","1,244",1,100,"61,884","85,281","18,124",54,3,755,-9,162,36,44,18,459,"1,635","1,244",1,100,"61,884","85,281","18,124",54,3,755,-9,162,36,44,18,459,"1,635","1,244",1,100,"61,884","85,281","18,124",54,3,755,-9,162,36,44,18,459,"1,635","1,244",0,0,,,,,,,,,,,,,,,1,100,"61,884","85,281","18,124",54,3,755,-9,162,36,44,18,459,"1,635","1,244",1,100,"61,884","85,281","18,124",54,3,755,-9,162,36,44,18,459,"1,635","1,244"
A5,1,100,"72,055","86,019","18,067",121,6,"1,095",86,"1,641",-23,29,63,354,"2,455","1,459",1,100,"72,055","86,019","18,067",121,6,"1,095",86,"1,641",-23,29,63,354,"2,455","1,459",1,100,"72,055","86,019","18,067",121,6,"1,095",86,"1,641",-23,29,63,354,"2,455","1,459",1,100,"72,055","86,019","18,067",121,6,"1,095",86,"1,641",-23,29,63,354,"2,455","1,459",1,100,"72,055","86,019","18,067",121,6,"1,095",86,"1,641",-23,29,63,354,"2,455","1,459",1,100,"72,055","86,019","18,067",121,6,"1,095",86,"1,641",-23,29,63,354,"2,455","1,459",0,0,,,,,,,,,,,,,,,1,100,"72,055","86,019","18,067",121,6,"1,095",86,"1,641",-23,29,63,354,"2,455","1,459",1,100,"72,055","86,019","18,067",121,6,"1,095",86,"1,641",-23,29,63,354,"2,455","1,459"
A6,1,100,"49,779","81,029","16,069",16,74,"1,530",370,"1,039",-126,34,-24,223,"1,683","1,655",1,100,"49,779","81,029","16,069",16,74,"1,530",370,"1,039",-126,34,-24,223,"1,683","1,655",1,100,"49,779","81,029","16,069",16,74,"1,530",370,"1,039",-126,34,-24,223,"1,683","1,655",1,100,"49,779","81,029","16,069",16,74,"1,530",370,"1,039",-126,34,-24,223,"1,683","1,655",1,100,"49,779","81,029","16,069",16,74,"1,530",370,"1,039",-126,34,-24,223,"1,683","1,655",1,100,"49,779","81,029","16,069",16,74,"1,530",370,"1,039",-126,34,-24,223,"1,683","1,655",0,0,,,,,,,,,,,,,,,1,100,"49,779","81,029","16,069",16,74,"1,530",370,"1,039",-126,34,-24,223,"1,683","1,655",1,100,"49,779","81,029","16,069",16,74,"1,530",370,"1,039",-126,34,-24,223,"1,683","1,655"
A7,1,100,"62,263","82,617","11,289",25,9,908,169,"1,468",-107,10,-38,275,"1,601","1,861",1,100,"62,263","82,617","11,289",25,9,908,169,"1,468",-107,10,-38,275,"1,601","1,861",1,100,"62,263","82,617","11,289",25,9,908,169,"1,468",-107,10,-38,275,"1,601","1,861",1,100,"62,263","82,617","11,289",25,9,908,169,"1,468",-107,10,-38,275,"1,601","1,861",1,100,"62,263","82,617","11,289",25,9,908,169,"1,468",-107,10,-38,275,"1,601","1,861",1,100,"62,263","82,617","11,289",25,9,908,169,"1,468",-107,10,-38,275,"1,601","1,861",0,0,,,,,,,,,,,,,,,1,100,"62,263","82,617","11,289",25,9,908,169,"1,468",-107,10,-38,275,"1,601","1,861",1,100,"62,263","82,617","11,289",25,9,908,169,"1,468",-107,10,-38,275,"1,601","1,861"
A8,1,100,"53,057","78,995","8,559",162,9,860,108,"1,643",-1,-9,-24,133,863,"2,055",1,100,"53,057","78,995","8,559",162,9,860,108,"1,643",-1,-9,-24,133,863,"2,055",1,100,"53,057","78,995","8,559",162,9,860,108,"1,643",-1,-9,-24,133,863,"2,055",1,100,"53,057","78,995","8,559",162,9,860,108,"1,643",-1,-9,-24,133,863,"2,055",1,100,"53,057","78,995","8,559",162,9,860,108,"1,643",-1,-9,-24,133,863,"2,055",1,100,"53,057","78,995","8,559",162,9,860,108,"1,643",-1,-9,-24,133,863,"2,055",0,0,,,,,,,,,,,,,,,1,100,"53,057","78,995","8,559",162,9,860,108,"1,643",-1,-9,-24,133,863,"2,055",1,100,"53,057","78,995","8,559",162,9,860,108,"1,643",-1,-9,-24,133,863,"2,055"
A9,1,100,"65,175","83,801","17,161",22,31,"1,074",703,517,-106,18,-7,399,"1,946","2,276",1,100,"65,175","83,801","17,161",22,31,"1,074",703,517,-106,18,-7,399,"1,946","2,276",1,100,"65,175","83,801","17,161",22,31,"1,074",703,517,-106,18,-7,399,"1,946","2,276",1,100,"65,175","83,801","17,161",22,31,"1,074",703,517,-106,18,-7,399,"1,946","2,276",1,100,"65,175","83,801","17,161",22,31,"1,074",703,517,-106,18,-7,399,"1,946","2,276",1,100,"65,175","83,801","17,161",22,31,"1,074",703,517,-106,18,-7,399,"1,946","2,276",0,0,,,,,,,,,,,,,,,1,100,"65,175","83,801","17,161",22,31,"1,074",703,517,-106,18,-7,399,"1,946","2,276",1,100,"65,175","83,801","17,161",22,31,"1,074",703,517,-106,18,-7,399,"1,946","2,276"
A10,1,100,"55,921","83,088","17,760",21,40,"2,374",262,"2,510",-126,30,-74,366,"1,729","2,476",1,100,"55,921","83,088","17,760",21,40,"2,374",262,"2,510",-126,30,-74,366,"1,729","2,476",1,100,"55,921","83,088","17,760",21,40,"2,374",262,"2,510",-126,30,-74,366,"1,729","2,476",1,100,"55,921","83,088","17,760",21,40,"2,374",262,"2,510",-126,30,-74,366,"1,729","2,476",1,100,"55,921","83,088","17,760",21,40,"2,374",262,"2,510",-126,30,-74,366,"1,729","2,476",1,100,"55,921","83,088","17,760",21,40,"2,374",262,"2,510",-126,30,-74,366,"1,729","2,476",0,0,,,,,,,,,,,,,,,1,100,"55,921","83,088","17,760",21,40,"2,374",262,"2,510",-126,30,-74,366,"1,729","2,476",1,100,"55,921","83,088","17,760",21,40,"2,374",262,"2,510",-126,30,-74,366,"1,729","2,476"
A11,1,100,"69,438","86,554","16,365",110,31,"2,395",6,"1,795",-372,32,-133,428,"2,400","2,760",1,100,"69,438","86,554","16,365",110,31,"2,395",6,"1,795",-372,32,-133,428,"2,400","2,760",1,100,"69,438","86,554","16,365",110,31,"2,395",6,"1,795",-372,32,-133,428,"2,400","2,760",1,100,"69,438","86,554","16,365",110,31,"2,395",6,"1,795",-372,32,-133,428,"2,400","2,760",1,100,"69,438","86,554","16,365",110,31,"2,395",6,"1,795",-372,32,-133,428,"2,400","2,760",1,100,"69,438","86,554","16,365",110,31,"2,395",6,"1,795",-372,32,-133,428,"2,400","2,760",0,0,,,,,,,,,,,,,,,1,100,"69,438","86,554","16,365",110,31,"2,395",6,"1,795",-372,32,-133,428,"2,400","2,760",1,100,"69,438","86,554","16,365",110,31,"2,395",6,"1,795",-372,32,-133,428,"2,400","2,760"
A12,1,100,"75,761","88,315","13,502",16,36,"1,923",-3,"1,100",-115,31,-30,440,"1,701","2,983",1,100,"75,761","88,315","13,502",16,36,"1,923",-3,"1,100",-115,31,-30,440,"1,701","2,983",1,100,"75,761","88,315","13,502",16,36,"1,923",-3,"1,100",-115,31,-30,440,"1,701","2,983",1,100,"75,761","88,315","13,502",16,36,"1,923",-3,"1,100",-115,31,-30,440,"1,701","2,983",1,100,"75,761","88,315","13,502",16,36,"1,923",-3,"1,100",-115,31,-30,440,"1,701","2,983",1,100,"75,761","88,315","13,502",16,36,"1,923",-3,"1,100",-115,31,-30,440,"1,701","2,983",0,0,,,,,,,,,,,,,,,1,100,"75,761","88,315","13,502",16,36,"1,923",-3,"1,100",-115,31,-30,440,"1,701","2,983",1,100,"75,761","88,315","13,502",16,36,"1,923",-3,"1,100",-115,31,-30,440,"1,701","2,983"
B1,1,100,"73,362","88,877","12,106",288,38,"1,225",100,"2,411",-12,5,-96,349,"1,916","5,704",1,100,"73,362","88,877","12,106",288,38,"1,225",100,"2,411",-12,5,-96,349,"1,916","5,704",1,100,"73,362","88,877","12,106",288,38,"1,225",100,"2,411",-12,5,-96,349,"1,916","5,704",1,100,"73,362","88,877","12,106",288,38,"1,225",100,"2,411",-12,5,-96,349,"1,916","5,704",1,100,"73,362","88,877","12,106",288,38,"1,225",100,"2,411",-12,5,-96,349,"1,916","5,704",1,100,"73,362","88,877","12,106",288,38,"1,225",100,"2,411",-12,5,-96,349,"1,916","5,704",0,0,,,,,,,,,,,,,,,1,100,"73,362","88,877","12,106",288,38,"1,225",100,"2,411",-12,5,-96,349,"1,916","5,704",1,100,"73,362","88,877","12,106",288,38,"1,225",100,"2,411",-12,5,-96,349,"1,916","5,704"
B2,1,100,"61,047","84,628","11,825",160,42,"1,516",39,"1,607",-54,20,-129,376,"3,231","5,500",1,100,"61,047","84,628","11,825",160,42,"1,516",39,"1,607",-54,20,-129,376,"3,231","5,500",1,100,"61,047","84,628","11,825",160,42,"1,516",39,"1,607",-54,20,-129,376,"3,231","5,500",1,100,"61,047","84,628","11,825",160,42,"1,516",39,"1,607",-54,20,-129,376,"3,231","5,500",1,100,"61,047","84,628","11,825",160,42,"1,516",39,"1,607",-54,20,-129,376,"3,231","5,500",1,100,"61,047","84,628","11,825",160,42,"1,516",39,"1,607",-54,20,-129,376,"3,231","5,500",0,0,,,,,,,,,,,,,,,1,100,"61,047","84,628","11,825",160,42,"1,516",39,"1,607",-54,20,-129,376,"3,231","5,500",1,100,"61,047","84,628","11,825",160,42,"1,516",39,"1,607",-54,20,-129,376,"3,231","5,500"
B3,1,100,"74,511","89,724","13,665",27,20,"1,004",10,476,84,10,-18,245,"1,482","5,296",1,100,"74,511","89,724","13,665",27,20,"1,004",10,476,84,10,-18,245,"1,482","5,296",1,100,"74,511","89,724","13,665",27,20,"1,004",10,476,84,10,-18,245,"1,482","5,296",1,100,"74,511","89,724","13,665",27,20,"1,004",10,476,84,10,-18,245,"1,482","5,296",1,100,"74,511","89,724","13,665",27,20,"1,004",10,476,84,10,-18,245,"1,482","5,296",1,100,"74,511","89,724","13,665",27,20,"1,004",10,476,84,10,-18,245,"1,482","5,296",0,0,,,,,,,,,,,,,,,1,100,"74,511","89,724","13,665",27,20,"1,004",10,476,84,10,-18,245,"1,482","5,296",1,100,"74,511","89,724","13,665",27,20,"1,004",10,476,84,10,-18,245,"1,482","5,296"
B4,1,100,"81,026","90,722","15,647",147,32,"1,537",137,"1,176",-31,21,7,355,"1,909","5,074",1,100,"81,026","90,722","15,647",147,32,"1,537",137,"1,176",-31,21,7,355,"1,909","5,074",1,100,"81,026","90,722","15,647",147,32,"1,537",137,"1,176",-31,21,7,355,"1,909","5,074",1,100,"81,026","90,722","15,647",147,32,"1,537",137,"1,176",-31,21,7,355,"1,909","5,074",1,100,"81,026","90,722","15,647",147,32,"1,537",137,"1,176",-31,21,7,355,"1,909","5,074",1,100,"81,026","90,722","15,647",147,32,"1,537",137,"1,176",-31,21,7,355,"1,909","5,074",0,0,,,,,,,,,,,,,,,1,100,"81,026","90,722","15,647",147,32,"1,537",137,"1,176",-31,21,7,355,"1,909","5,074",1,100,"81,026","90,722","15,647",147,32,"1,537",137,"1,176",-31,21,7,355,"1,909","5,074"
B5,1,100,"56,102","81,091","16,142",94,45,"1,573",28,524,-94,37,-69,326,"1,627","4,845",1,100,"56,102","81,091","16,142",94,45,"1,573",28,524,-94,37,-69,326,"1,627","4,845",1,100,"56,102","81,091","16,142",94,45,"1,573",28,524,-94,37,-69,326,"1,627","4,845",1,100,"56,102","81,091","16,142",94,45,"1,573",28,524,-94,37,-69,326,"1,627","4,845",1,100,"56,102","81,091","16,142",94,45,"1,573",28,524,-94,37,-69,326,"1,627","4,845",1,100,"56,102","81,091","16,142",94,45,"1,573",28,524,-94,37,-69,326,"1,627","4,845",0,0,,,,,,,,,,,,,,,1,100,"56,102","81,091","16,142",94,45,"1,573",28,524,-94,37,-69,326,"1,627","4,845",1,100,"56,102","81,091","16,142",94,45,"1,573",28,524,-94,37,-69,326,"1,627","4,845"
B6,1,100,"56,540","80,779","11,978",162,-2,"1,212",154,757,-46,0,-9,292,"1,574","4,638",1,100,"56,540","80,779","11,978",162,-2,"1,212",154,757,-46,0,-9,292,"1,574","4,638",1,100,"56,540","80,779","11,978",162,-2,"1,212",154,757,-46,0,-9,292,"1,574","4,638",1,100,"56,540","80,779","11,978",162,-2,"1,212",154,757,-46,0,-9,292,"1,574","4,638",1,100,"56,540","80,779","11,978",162,-2,"1,212",154,757,-46,0,-9,292,"1,574","4,638",1,100,"56,540","80,779","11,978",162,-2,"1,212",154,757,-46,0,-9,292,"1,574","4,638",0,0,,,,,,,,,,,,,,,1,100,"56,540","80,779","11,978",162,-2,"1,212",154,757,-46,0,-9,292,"1,574","4,638",1,100,"56,540","80,779","11,978",162,-2,"1,212",154,757,-46,0,-9,292,"1,574","4,638"
B7,1,100,"73,260","85,328","16,329",98,43,"1,506",40,857,-78,-4,-19,360,"2,185","4,386",1,100,"73,260","85,328","16,329",98,43,"1,506",40,857,-78,-4,-19,360,"2,185","4,386",1,100,"73,260","85,328","16,329",98,43,"1,506",40,857,-78,-4,-19,360,"2,185","4,386",1,100,"73,260","85,328","16,329",98,43,"1,506",40,857,-78,-4,-19,360,"2,185","4,386",1,100,"73,260","85,328","16,329",98,43,"1,506",40,857,-78,-4,-19,360,"2,185","4,386",1,100,"73,260","85,328","16,329",98,43,"1,506",40,857,-78,-4,-19,360,"2,185","4,386",0,0,,,,,,,,,,,,,,,1,100,"73,260","85,328","16,329",98,43,"1,506",40,857,-78,-4,-19,360,"2,185","4,386",1,100,"73,260","85,328","16,329",98,43,"1,506",40,857,-78,-4,-19,360,"2,185","4,386"
B8,1,100,"58,518","85,996","17,702",32,-8,"1,404",18,"1,718",-8,10,-38,326,"1,762","4,107",1,100,"58,518","85,996","17,702",32,-8,"1,404",18,"1,718",-8,10,-38,326,"1,762","4,107",1,100,"58,518","85,996","17,702",32,-8,"1,404",18,"1,718",-8,10,-38,326,"1,762","4,107",1,100,"58,518","85,996","17,702",32,-8,"1,404",18,"1,718",-8,10,-38,326,"1,762","4,107",1,100,"58,518","85,996","17,702",32,-8,"1,404",18,"1,718",-8,10,-38,326,"1,762","4,107",1,100,"58,518","85,996","17,702",32,-8,"1,404",18,"1,718",-8,10,-38,326,"1,762","4,107",0,0,,,,,,,,,,,,,,,1,100,"58,518","85,996","17,702",32,-8,"1,404",18,"1,718",-8,10,-38,326,"1,762","4,107",1,100,"58,518","85,996","17,702",32,-8,"1,404",18,"1,718",-8,10,-38,326,"1,762","4,107"
B9,1,100,"63,292","83,176","14,731",142,-13,"1,374",1,794,-4,45,-39,343,"2,593","3,900",1,100,"63,292","83,176","14,731",142,-13,"1,374",1,794,-4,45,-39,343,"2,593","3,900",1,100,"63,292","83,176","14,731",142,-13,"1,374",1,794,-4,45,-39,343,"2,593","3,900",1,100,"63,292","83,176","14,731",142,-13,"1,374",1,794,-4,45,-39,343,"2,593","3,900",1,100,"63,292","83,176","14,731",142,-13,"1,374",1,794,-4,45,-39,343,"2,593","3,900",1,100,"63,292","83,176","14,731",142,-13,"1,374",1,794,-4,45,-39,343,"2,593","3,900",0,0,,,,,,,,,,,,,,,1,100,"63,292","83,176","14,731",142,-13,"1,374",1,794,-4,45,-39,343,"2,593","3,900",1,100,"63,292","83,176","14,731",142,-13,"1,374",1,794,-4,45,-39,343,"2,593","3,900"
B10,1,100,"68,853","87,253","19,114",50,15,"1,334",45,"1,068",8,29,-21,359,"2,300","3,664",1,100,"68,853","87,253","19,114",50,15,"1,334",45,"1,068",8,29,-21,359,"2,300","3,664",1,100,"68,853","87,253","19,114",50,15,"1,334",45,"1,068",8,29,-21,359,"2,300","3,664",1,100,"68,853","87,253","19,114",50,15,"1,334",45,"1,068",8,29,-21,359,"2,300","3,664",1,100,"68,853","87,253","19,114",50,15,"1,334",45,"1,068",8,29,-21,359,"2,300","3,664",1,100,"68,853","87,253","19,114",50,15,"1,334",45,"1,068",8,29,-21,359,"2,300","3,664",0,0,,,,,,,,,,,,,,,1,100,"68,853","87,253","19,114",50,15,"1,334",45,"1,068",8,29,-21,359,"2,300","3,664",1,100,"68,853","87,253","19,114",50,15,"1,334",45,"1,068",8,29,-21,359,"2,300","3,664"
B11,1,100,"70,127","86,623","12,378",83,20,853,-7,"1,712",-36,30,-33,397,"1,982","3,436",1,100,"70,127","86,623","12,378",83,20,853,-7,"1,712",-36,30,-33,397,"1,982","3,436",1,100,"70,127","86,623","12,378",83,20,853,-7,"1,712",-36,30,-33,397,"1,982","3,436",1,100,"70,127","86,623","12,378",83,20,853,-7,"1,712",-36,30,-33,397,"1,982","3,436",1,100,"70,127","86,623","12,378",83,20,853,-7,"1,712",-36,30,-33,397,"1,982","3,436",1,100,"70,127","86,623","12,378",83,20,853,-7,"1,712",-36,30,-33,397,"1,982","3,436",0,0,,,,,,,,,,,,,,,1,100,"70,127","86,623","12,378",83,20,853,-7,"1,712",-36,30,-33,397,"1,982","3,436",1,100,"70,127","86,623","12,378",83,20,853,-7,"1,712",-36,30,-33,397,"1,982","3,436"
B12,1,100,"74,595","87,018","13,336",83,29,"1,313",8,801,-65,50,-45,371,"1,789","3,186",1,100,"74,595","87,018","13,336",83,29,"1,313",8,801,-65,50,-45,371,"1,789","3,186",1,100,"74,595","87,018","13,336",83,29,"1,313",8,801,-65,50,-45,371,"1,789","3,186",1,100,"74,595","87,018","13,336",83,29,"1,313",8,801,-65,50,-45,371,"1,789","3,186",1,100,"74,595","87,018","13,336",83,29,"1,313",8,801,-65,50,-45,371,"1,789","3,186",1,100,"74,595","87,018","13,336",83,29,"1,313",8,801,-65,50,-45,371,"1,789","3,186",0,0,,,,,,,,,,,,,,,1,100,"74,595","87,018","13,336",83,29,"1,313",8,801,-65,50,-45,371,"1,789","3,186",1,100,"74,595","87,018","13,336",83,29,"1,313",8,801,-65,50,-45,371,"1,789","3,186"
C1,1,100,"84,875","93,270","16,747",311,21,"1,075",-14,182,52,-7,3,313,"1,200","5,905",1,100,"84,875","93,270","16,747",311,21,"1,075",-14,182,52,-7,3,313,"1,200","5,905",1,100,"84,875","93,270","16,747",311,21,"1,075",-14,182,52,-7,3,313,"1,200","5,905",1,100,"84,875","93,270","16,747",311,21,"1,075",-14,182,52,-7,3,313,"1,200","5,905",1,100,"84,875","93,270","16,747",311,21,"1,075",-14,182,52,-7,3,313,"1,200","5,905",1,100,"84,875","93,270","16,747",311,21,"1,075",-14,182,52,-7,3,313,"1,200","5,905",0,0,,,,,,,,,,,,,,,1,100,"84,875","93,270","16,747",311,21,"1,075",-14,182,52,-7,3,313,"1,200","5,905",1,100,"84,875","93,270","16,747",311,21,"1,075",-14,182,52,-7,3,313,"1,200","5,905"
C2,1,100,"70,495","86,432","14,725",3,20,"1,187",61,"1,574",16,35,0,295,"1,302","6,120",1,100,"70,495","86,432","14,725",3,20,"1,187",61,"1,574",16,35,0,295,"1,302","6,120",1,100,"70,495","86,432","14,725",3,20,"1,187",61,"1,574",16,35,0,295,"1,302","6,120",1,100,"70,495","86,432","14,725",3,20,"1,187",61,"1,574",16,35,0,295,"1,302","6,120",1,100,"70,495","86,432","14,725",3,20,"1,187",61,"1,574",16,35,0,295,"1,302","6,120",1,100,"70,495","86,432","14,725",3,20,"1,187",61,"1,574",16,35,0,295,"1,302","6,120",0,0,,,,,,,,,,,,,,,1,100,"70,495","86,432","14,725",3,20,"1,187",61,"1,574",16,35,0,295,"1,302","6,120",1,100,"70,495","86,432","14,725",3,20,"1,187",61,"1,574",16,35,0,295,"1,302","6,120"
C3,1,100,"72,913","83,265","13,785",37,5,"1,378",77,369,78,16,-28,343,"1,207","6,328",1,100,"72,913","83,265","13,785",37,5,"1,378",77,369,78,16,-28,343,"1,207","6,328",1,100,"72,913","83,265","13,785",37,5,"1,378",77,369,78,16,-28,343,"1,207","6,328",1,100,"72,913","83,265","13,785",37,5,"1,378",77,369,78,16,-28,343,"1,207","6,328",1,100,"72,913","83,265","13,785",37,5,"1,378",77,369,78,16,-28,343,"1,207","6,328",1,100,"72,913","83,265","13,785",37,5,"1,378",77,369,78,16,-28,343,"1,207","6,328",0,0,,,,,,,,,,,,,,,1,100,"72,913","83,265","13,785",37,5,"1,378",77,369,78,16,-28,343,"1,207","6,328",1,100,"72,913","83,265","13,785",37,5,"1,378",77,369,78,16,-28,343,"1,207","6,328"
C4,1,100,"77,132","87,321","14,494",134,2,"1,340",-88,436,-94,21,14,302,"1,004","6,543",1,100,"77,132","87,321","14,494",134,2,"1,340",-88,436,-94,21,14,302,"1,004","6,543",1,100,"77,132","87,321","14,494",134,2,"1,340",-88,436,-94,21,14,302,"1,004","6,543",1,100,"77,132","87,321","14,494",134,2,"1,340",-88,436,-94,21,14,302,"1,004","6,543",1,100,"77,132","87,321","14,494",134,2,"1,340",-88,436,-94,21,14,302,"1,004","6,543",1,100,"77,132","87,321","14,494",134,2,"1,340",-88,436,-94,21,14,302,"1,004","6,543",0,0,,,,,,,,,,,,,,,1,100,"77,132","87,321","14,494",134,2,"1,340",-88,436,-94,21,14,302,"1,004","6,543",1,100,"77,132","87,321","14,494",134,2,"1,340",-88,436,-94,21,14,302,"1,004","6,543"
C5,1,100,"77,163","89,333","12,773",125,14,"1,291",1,764,-76,-5,25,297,"2,113","6,736",1,100,"77,163","89,333","12,773",125,14,"1,291",1,764,-76,-5,25,297,"2,113","6,736",1,100,"77,163","89,333","12,773",125,14,"1,291",1,764,-76,-5,25,297,"2,113","6,736",1,100,"77,163","89,333","12,773",125,14,"1,291",1,764,-76,-5,25,297,"2,113","6,736",1,100,"77,163","89,333","12,773",125,14,"1,291",1,764,-76,-5,25,297,"2,113","6,736",1,100,"77,163","89,333","12,773",125,14,"1,291",1,764,-76,-5,25,297,"2,113","6,736",0,0,,,,,,,,,,,,,,,1,100,"77,163","89,333","12,773",125,14,"1,291",1,764,-76,-5,25,297,"2,113","6,736",1,100,"77,163","89,333","12,773",125,14,"1,291",1,764,-76,-5,25,297,"2,113","6,736"
C6,1,100,"57,679","82,260","15,076",78,35,"1,523",406,510,18,10,58,396,"1,691","6,960",1,100,"57,679","82,260","15,076",78,35,"1,523",406,510,18,10,58,396,"1,691","6,960",1,100,"57,679","82,260","15,076",78,35,"1,523",406,510,18,10,58,396,"1,691","6,960",1,100,"57,679","82,260","15,076",78,35,"1,523",406,510,18,10,58,396,"1,691","6,960",1,100,"57,679","82,260","15,076",78,35,"1,523",406,510,18,10,58,396,"1,691","6,960",1,100,"57,679","82,260","15,076",78,35,"1,523",406,510,18,10,58,396,"1,691","6,960",0,0,,,,,,,,,,,,,,,1,100,"57,679","82,260","15,076",78,35,"1,523",406,510,18,10,58,396,"1,691","6,960",1,100,"57,679","82,260","15,076",78,35,"1,523",406,510,18,10,58,396,"1,691","6,960"
C7,1,100,"73,800","87,293","12,520",32,-4,"1,282",46,"1,762",-81,42,-18,349,"1,585","7,187",1,100,"73,800","87,293","12,520",32,-4,"1,282",46,"1,762",-81,42,-18,349,"1,585","7,187",1,100,"73,800","87,293","12,520",32,-4,"1,282",46,"1,762",-81,42,-18,349,"1,585","7,187",1,100,"73,800","87,293","12,520",32,-4,"1,282",46,"1,762",-81,42,-18,349,"1,585","7,187",1,100,"73,800","87,293","12,520",32,-4,"1,282",46,"1,762",-81,42,-18,349,"1,585","7,187",1,100,"73,800","87,293","12,520",32,-4,"1,282",46,"1,762",-81,42,-18,349,"1,585","7,187",0,0,,,,,,,,,,,,,,,1,100,"73,800","87,293","12,520",32,-4,"1,282",46,"1,762",-81,42,-18,349,"1,585","7,187",1,100,"73,800","87,293","12,520",32,-4,"1,282",46,"1,762",-81,42,-18,349,"1,585","7,187"
C8,1,100,"60,293","83,334","12,908",-25,11,"1,252",774,"1,504",-115,25,-117,255,"3,105","7,389",1,100,"60,293","83,334","12,908",-25,11,"1,252",774,"1,504",-115,25,-117,255,"3,105","7,389",1,100,"60,293","83,334","12,908",-25,11,"1,252",774,"1,504",-115,25,-117,255,"3,105","7,389",1,100,"60,293","83,334","12,908",-25,11,"1,252",774,"1,504",-115,25,-117,255,"3,105","7,389",1,100,"60,293","83,334","12,908",-25,11,"1,252",774,"1,504",-115,25,-117,255,"3,105","7,389",1,100,"60,293","83,334","12,908",-25,11,"1,252",774,"1,504",-115,25,-117,255,"3,105","7,389",0,0,,,,,,,,,,,,,,,1,100,"60,293","83,334","12,908",-25,11,"1,252",774,"1,504",-115,25,-117,255,"3,105","7,389",1,100,"60,293","83,334","12,908",-25,11,"1,252",774,"1,504",-115,25,-117,255,"3,105","7,389"
C9,1,100,"57,650","84,612","18,260",168,31,"2,233",-86,"3,232",-162,30,-92,457,"2,900","7,633",1,100,"57,650","84,612","18,260",168,31,"2,233",-86,"3,232",-162,30,-92,457,"2,900","7,633",1,100,"57,650","84,612","18,260",168,31,"2,233",-86,"3,232",-162,30,-92,457,"2,900","7,633",1,100,"57,650","84,612","18,260",168,31,"2,233",-86,"3,232",-162,30,-92,457,"2,900","7,633",1,100,"57,650","84,612","18,260",168,31,"2,233",-86,"3,232",-162,30,-92,457,"2,900","7,633",1,100,"57,650","84,612","18,260",168,31,"2,233",-86,"3,232",-162,30,-92,457,"2,900","7,633",0,0,,,,,,,,,,,,,,,1,100,"57,650","84,612","18,260",168,31,"2,233",-86,"3,232",-162,30,-92,457,"2,900","7,633",1,100,"57,650","84,612","18,260",168,31,"2,233",-86,"3,232",-162,30,-92,457,"2,900","7,633"
C10,1,100,"69,731","83,642","11,011",122,8,"1,310",187,499,-107,22,0,224,"1,434","7,838",1,100,"69,731","83,642","11,011",122,8,"1,310",187,499,-107,22,0,224,"1,434","7,838",1,100,"69,731","83,642","11,011",122,8,"1,310",187,499,-107,22,0,224,"1,434","7,838",1,100,"69,731","83,642","11,011",122,8,"1,310",187,499,-107,22,0,224,"1,434","7,838",1,100,"69,731","83,642","11,011",122,8,"1,310",187,499,-107,22,0,224,"1,434","7,838",1,100,"69,731","83,642","11,011",122,8,"1,310",187,499,-107,22,0,224,"1,434","7,838",0,0,,,,,,,,,,,,,,,1,100,"69,731","83,642","11,011",122,8,"1,310",187,499,-107,22,0,224,"1,434","7,838",1,100,"69,731","83,642","11,011",122,8,"1,310",187,499,-107,22,0,224,"1,434","7,838"
C11,1,100,"77,345","87,089","18,861",62,60,"1,461",266,"1,010",57,16,-13,313,826,"8,041",1,100,"77,345","87,089","18,861",62,60,"1,461",266,"1,010",57,16,-13,313,826,"8,041",1,100,"77,345","87,089","18,861",62,60,"1,461",266,"1,010",57,16,-13,313,826,"8,041",1,100,"77,345","87,089","18,861",62,60,"1,461",266,"1,010",57,16,-13,313,826,"8,041",1,100,"77,345","87,089","18,861",62,60,"1,461",266,"1,010",57,16,-13,313,826,"8,041",1,100,"77,345","87,089","18,861",62,60,"1,461",266,"1,010",57,16,-13,313,826,"8,041",0,0,,,,,,,,,,,,,,,1,100,"77,345","87,089","18,861",62,60,"1,461",266,"1,010",57,16,-13,313,826,"8,041",1,100,"77,345","87,089","18,861",62,60,"1,461",266,"1,010",57,16,-13,313,826,"8,041"
C12,1,100,"57,793","83,290","14,906",67,23,"1,902",463,217,32,22,-150,402,"2,639","8,251",1,100,"57,793","83,290","14,906",67,23,"1,902",463,217,32,22,-150,402,"2,639","8,251",1,100,"57,793","83,290","14,906",67,23,"1,902",463,217,32,22,-150,402,"2,639","8,251",1,100,"57,793","83,290","14,906",67,23,"1,902",463,217,32,22,-150,402,"2,639","8,251",1,100,"57,793","83,290","14,906",67,23,"1,902",463,217,32,22,-150,402,"2,639","8,251",1,100,"57,793","83,290","14,906",67,23,"1,902",463,217,32,22,-150,402,"2,639","8,251",0,0,,,,,,,,,,,,,,,1,100,"57,793","83,290","14,906",67,23,"1,902",463,217,32,22,-150,402,"2,639","8,251",1,100,"57,793","83,290","14,906",67,23,"1,902",463,217,32,22,-150,402,"2,639","8,251"
D1,1,100,"61,887","82,488","10,934",122,46,"1,514",-59,"1,522",-81,44,-46,274,"2,212","10,820",1,100,"61,887","82,488","10,934",122,46,"1,514",-59,"1,522",-81,44,-46,274,"2,212","10,820",1,100,"61,887","82,488","10,934",122,46,"1,514",-59,"1,522",-81,44,-46,274,"2,212","10,820",1,100,"61,887","82,488","10,934",122,46,"1,514",-59,"1,522",-81,44,-46,274,"2,212","10,820",1,100,"61,887","82,488","10,934",122,46,"1,514",-59,"1,522",-81,44,-46,274,"2,212","10,820",1,100,"61,887","82,488","10,934",122,46,"1,514",-59,"1,522",-81,44,-46,274,"2,212","10,820",0,0,,,,,,,,,,,,,,,1,100,"61,887","82,488","10,934",122,46,"1,514",-59,"1,522",-81,44,-46,274,"2,212","10,820",1,100,"61,887","82,488","10,934",122,46,"1,514",-59,"1,522",-81,44,-46,274,"2,212","10,820"
D2,1,100,"66,675","84,357","14,137",138,13,"1,475",452,"1,368",-128,37,-63,499,"1,875","10,552",1,100,"66,675","84,357","14,137",138,13,"1,475",452,"1,368",-128,37,-63,499,"1,875","10,552",1,100,"66,675","84,357","14,137",138,13,"1,475",452,"1,368",-128,37,-63,499,"1,875","10,552",1,100,"66,675","84,357","14,137",138,13,"1,475",452,"1,368",-128,37,-63,499,"1,875","10,552",1,100,"66,675","84,357","14,137",138,13,"1,475",452,"1,368",-128,37,-63,499,"1,875","10,552",1,100,"66,675","84,357","14,137",138,13,"1,475",452,"1,368",-128,37,-63,499,"1,875","10,552",0,0,,,,,,,,,,,,,,,1,100,"66,675","84,357","14,137",138,13,"1,475",452,"1,368",-128,37,-63,499,"1,875","10,552",1,100,"66,675","84,357","14,137",138,13,"1,475",452,"1,368",-128,37,-63,499,"1,875","10,552"
D3,1,100,"79,669","93,620","15,791",-45,7,865,34,"1,185",-57,11,121,377,"1,140","10,304",1,100,"79,669","93,620","15,791",-45,7,865,34,"1,185",-57,11,121,377,"1,140","10,304",1,100,"79,669","93,620","15,791",-45,7,865,34,"1,185",-57,11,121,377,"1,140","10,304",1,100,"79,669","93,620","15,791",-45,7,865,34,"1,185",-57,11,121,377,"1,140","10,304",1,100,"79,669","93,620","15,791",-45,7,865,34,"1,185",-57,11,121,377,"1,140","10,304",1,100,"79,669","93,620","15,791",-45,7,865,34,"1,185",-57,11,121,377,"1,140","10,304",0,0,,,,,,,,,,,,,,,1,100,"79,669","93,620","15,791",-45,7,865,34,"1,185",-57,11,121,377,"1,140","10,304",1,100,"79,669","93,620","15,791",-45,7,865,34,"1,185",-57,11,121,377,"1,140","10,304"
D4,1,100,"77,431","91,162","15,078",196,11,"1,127",58,"1,480",-70,42,-6,262,"1,183","10,091",1,100,"77,431","91,162","15,078",196,11,"1,127",58,"1,480",-70,42,-6,262,"1,183","10,091",1,100,"77,431","91,162","15,078",196,11,"1,127",58,"1,480",-70,42,-6,262,"1,183","10,091",1,100,"77,431","91,162","15,078",196,11,"1,127",58,"1,480",-70,42,-6,262,"1,183","10,091",1,100,"77,431","91,162","15,078",196,11,"1,127",58,"1,480",-70,42,-6,262,"1,183","10,091",1,100,"77,431","91,162","15,078",196,11,"1,127",58,"1,480",-70,42,-6,262,"1,183","10,091",0,0,,,,,,,,,,,,,,,1,100,"77,431","91,162","15,078",196,11,"1,127",58,"1,480",-70,42,-6,262,"1,183","10,091",1,100,"77,431","91,162","15,078",196,11,"1,127",58,"1,480",-70,42,-6,262,"1,183","10,091"
D5,1,100,"75,325","88,737","16,690",18,5,"1,846",121,835,-44,32,-6,335,"1,910","9,901",1,100,"75,325","88,737","16,690",18,5,"1,846",121,835,-44,32,-6,335,"1,910","9,901",1,100,"75,325","88,737","16,690",18,5,"1,846",121,835,-44,32,-6,335,"1,910","9,901",1,100,"75,325","88,737","16,690",18,5,"1,846",121,835,-44,32,-6,335,"1,910","9,901",1,100,"75,325","88,737","16,690",18,5,"1,846",121,835,-44,32,-6,335,"1,910","9,901",1,100,"75,325","88,737","16,690",18,5,"1,846",121,835,-44,32,-6,335,"1,910","9,901",0,0,,,,,,,,,,,,,,,1,100,"75,325","88,737","16,690",18,5,"1,846",121,835,-44,32,-6,335,"1,910","9,901",1,100,"75,325","88,737","16,690",18,5,"1,846",121,835,-44,32,-6,335,"1,910","9,901"
D6,1,100,"67,898","85,531","13,466",78,24,858,68,588,-17,-2,-20,324,"1,391","9,708",1,100,"67,898","85,531","13,466",78,24,858,68,588,-17,-2,-20,324,"1,391","9,708",1,100,"67,898","85,531","13,466",78,24,858,68,588,-17,-2,-20,324,"1,391","9,708",1,100,"67,898","85,531","13,466",78,24,858,68,588,-17,-2,-20,324,"1,391","9,708",1,100,"67,898","85,531","13,466",78,24,858,68,588,-17,-2,-20,324,"1,391","9,708",1,100,"67,898","85,531","13,466",78,24,858,68,588,-17,-2,-20,324,"1,391","9,708",0,0,,,,,,,,,,,,,,,1,100,"67,898","85,531","13,466",78,24,858,68,588,-17,-2,-20,324,"1,391","9,708",1,100,"67,898","85,531","13,466",78,24,858,68,588,-17,-2,-20,324,"1,391","9,708"
D7,1,100,"64,386","84,835","13,003",151,31,"1,113",20,"1,118",-14,19,-11,257,"1,284","9,509",1,100,"64,386","84,835","13,003",151,31,"1,113",20,"1,118",-14,19,-11,257,"1,284","9,509",1,100,"64,386","84,835","13,003",151,31,"1,113",20,"1,118",-14,19,-11,257,"1,284","9,509",1,100,"64,386","84,835","13,003",151,31,"1,113",20,"1,118",-14,19,-11,257,"1,284","9,509",1,100,"64,386","84,835","13,003",151,31,"1,113",20,"1,118",-14,19,-11,257,"1,284","9,509",1,100,"64,386","84,835","13,003",151,31,"1,113",20,"1,118",-14,19,-11,257,"1,284","9,509",0,0,,,,,,,,,,,,,,,1,100,"64,386","84,835","13,003",151,31,"1,113",20,"1,118",-14,19,-11,257,"1,284","9,509",1,100,"64,386","84,835","13,003",151,31,"1,113",20,"1,118",-14,19,-11,257,"1,284","9,509"
D8,1,100,"73,685","87,347","15,529",135,-10,"1,148",-31,587,-8,35,-26,351,"2,362","9,291",1,100,"73,685","87,347","15,529",135,-10,"1,148",-31,587,-8,35,-26,351,"2,362","9,291",1,100,"73,685","87,347","15,529",135,-10,"1,148",-31,587,-8,35,-26,351,"2,362","9,291",1,100,"73,685","87,347","15,529",135,-10,"1,148",-31,587,-8,35,-26,351,"2,362","9,291",1,100,"73,685","87,347","15,529",135,-10,"1,148",-31,587,-8,35,-26,351,"2,362","9,291",1,100,"73,685","87,347","15,529",135,-10,"1,148",-31,587,-8,35,-26,351,"2,362","9,291",0,0,,,,,,,,,,,,,,,1,100,"73,685","87,347","15,529",135,-10,"1,148",-31,587,-8,35,-26,351,"2,362","9,291",1,100,"73,685","87,347","15,529",135,-10,"1,148",-31,587,-8,35,-26,351,"2,362","9,291"
D9,1,100,"68,635","84,062","12,154",147,10,"1,154",-45,"2,372",-15,34,-71,360,"1,890","9,040",1,100,"68,635","84,062","12,154",147,10,"1,154",-45,"2,372",-15,34,-71,360,"1,890","9,040",1,100,"68,635","84,062","12,154",147,10,"1,154",-45,"2,372",-15,34,-71,360,"1,890","9,040",1,100,"68,635","84,062","12,154",147,10,"1,154",-45,"2,372",-15,34,-71,360,"1,890","9,040",1,100,"68,635","84,062","12,154",147,10,"1,154",-45,"2,372",-15,34,-71,360,"1,890","9,040",1,100,"68,635","84,062","12,154",147,10,"1,154",-45,"2,372",-15,34,-71,360,"1,890","9,040",0,0,,,,,,,,,,,,,,,1,100,"68,635","84,062","12,154",147,10,"1,154",-45,"2,372",-15,34,-71,360,"1,890","9,040",1,100,"68,635","84,062","12,154",147,10,"1,154",-45,"2,372",-15,34,-71,360,"1,890","9,040"
D10,1,100,"70,355","84,852","14,299",97,42,"1,487",29,"1,198",24,41,-14,320,"2,261","8,831",1,100,"70,355","84,852","14,299",97,42,"1,487",29,"1,198",24,41,-14,320,"2,261","8,831",1,100,"70,355","84,852","14,299",97,42,"1,487",29,"1,198",24,41,-14,320,"2,261","8,831",1,100,"70,355","84,852","14,299",97,42,"1,487",29,"1,198",24,41,-14,320,"2,261","8,831",1,100,"70,355","84,852","14,299",97,42,"1,487",29,"1,198",24,41,-14,320,"2,261","8,831",1,100,"70,355","84,852","14,299",97,42,"1,487",29,"1,198",24,41,-14,320,"2,261","8,831",0,0,,,,,,,,,,,,,,,1,100,"70,355","84,852","14,299",97,42,"1,487",29,"1,198",24,41,-14,320,"2,261","8,831",1,100,"70,355","84,852","14,299",97,42,"1,487",29,"1,198",24,41,-14,320,"2,261","8,831"
D11,1,100,"65,871","83,611","12,166",155,0,980,101,"1,029",28,48,-75,452,"1,828","8,634",1,100,"65,871","83,611","12,166",155,0,980,101,"1,029",28,48,-75,452,"1,828","8,634",1,100,"65,871","83,611","12,166",155,0,980,101,"1,029",28,48,-75,452,"1,828","8,634",1,100,"65,871","83,611","12,166",155,0,980,101,"1,029",28,48,-75,452,"1,828","8,634",1,100,"65,871","83,611","12,166",155,0,980,101,"1,029",28,48,-75,452,"1,828","8,634",1,100,"65,871","83,611","12,166",155,0,980,101,"1,029",28,48,-75,452,"1,828","8,634",0,0,,,,,,,,,,,,,,,1,100,"65,871","83,611","12,166",155,0,980,101,"1,029",28,48,-75,452,"1,828","8,634",1,100,"65,871","83,611","12,166",155,0,980,101,"1,029",28,48,-75,452,"1,828","8,634"
D12,1,100,"78,563","86,700","15,151",41,20,"1,009",40,"1,253",-178,12,29,321,"1,889","8,443",1,100,"78,563","86,700","15,151",41,20,"1,009",40,"1,253",-178,12,29,321,"1,889","8,443",1,100,"78,563","86,700","15,151",41,20,"1,009",40,"1,253",-178,12,29,321,"1,889","8,443",1,100,"78,563","86,700","15,151",41,20,"1,009",40,"1,253",-178,12,29,321,"1,889","8,443",1,100,"78,563","86,700","15,151",41,20,"1,009",40,"1,253",-178,12,29,321,"1,889","8,443",1,100,"78,563","86,700","15,151",41,20,"1,009",40,"1,253",-178,12,29,321,"1,889","8,443",0,0,,,,,,,,,,,,,,,1,100,"78,563","86,700","15,151",41,20,"1,009",40,"1,253",-178,12,29,321,"1,889","8,443",1,100,"78,563","86,700","15,151",41,20,"1,009",40,"1,253",-178,12,29,321,"1,889","8,443"
E1,1,100,"59,010","81,697","8,852",171,7,"1,206",8,"1,249",-5,29,-86,275,"1,127","11,025",1,100,"59,010","81,697","8,852",171,7,"1,206",8,"1,249",-5,29,-86,275,"1,127","11,025",1,100,"59,010","81,697","8,852",171,7,"1,206",8,"1,249",-5,29,-86,275,"1,127","11,025",1,100,"59,010","81,697","8,852",171,7,"1,206",8,"1,249",-5,29,-86,275,"1,127","11,025",1,100,"59,010","81,697","8,852",171,7,"1,206",8,"1,249",-5,29,-86,275,"1,127","11,025",1,100,"59,010","81,697","8,852",171,7,"1,206",8,"1,249",-5,29,-86,275,"1,127","11,025",0,0,,,,,,,,,,,,,,,1,100,"59,010","81,697","8,852",171,7,"1,206",8,"1,249",-5,29,-86,275,"1,127","11,025",1,100,"59,010","81,697","8,852",171,7,"1,206",8,"1,249",-5,29,-86,275,"1,127","11,025"
E2,1,100,"73,870","86,344","15,942",20,3,"1,359",3,"1,168",-158,35,-70,478,"2,997","11,271",1,100,"73,870","86,344","15,942",20,3,"1,359",3,"1,168",-158,35,-70,478,"2,997","11,271",1,100,"73,870","86,344","15,942",20,3,"1,359",3,"1,168",-158,35,-70,478,"2,997","11,271",1,100,"73,870","86,344","15,942",20,3,"1,359",3,"1,168",-158,35,-70,478,"2,997","11,271",1,100,"73,870","86,344","15,942",20,3,"1,359",3,"1,168",-158,35,-70,478,"2,997","11,271",1,100,"73,870","86,344","15,942",20,3,"1,359",3,"1,168",-158,35,-70,478,"2,997","11,271",0,0,,,,,,,,,,,,,,,1,100,"73,870","86,344","15,942",20,3,"1,359",3,"1,168",-158,35,-70,478,"2,997","11,271",1,100,"73,870","86,344","15,942",20,3,"1,359",3,"1,168",-158,35,-70,478,"2,997","11,271"
E3,1,100,"77,170","88,351","14,628",61,66,"1,124",29,741,40,24,13,420,"1,787","11,486",1,100,"77,170","88,351","14,628",61,66,"1,124",29,741,40,24,13,420,"1,787","11,486",1,100,"77,170","88,351","14,628",61,66,"1,124",29,741,40,24,13,420,"1,787","11,486",1,100,"77,170","88,351","14,628",61,66,"1,124",29,741,40,24,13,420,"1,787","11,486",1,100,"77,170","88,351","14,628",61,66,"1,124",29,741,40,24,13,420,"1,787","11,486",1,100,"77,170","88,351","14,628",61,66,"1,124",29,741,40,24,13,420,"1,787","11,486",0,0,,,,,,,,,,,,,,,1,100,"77,170","88,351","14,628",61,66,"1,124",29,741,40,24,13,420,"1,787","11,486",1,100,"77,170","88,351","14,628",61,66,"1,124",29,741,40,24,13,420,"1,787","11,486"
E4,1,100,"59,564","83,824","14,598",-39,-14,754,50,675,10,29,-69,120,"1,549","11,738",1,100,"59,564","83,824","14,598",-39,-14,754,50,675,10,29,-69,120,"1,549","11,738",1,100,"59,564","83,824","14,598",-39,-14,754,50,675,10,29,-69,120,"1,549","11,738",1,100,"59,564","83,824","14,598",-39,-14,754,50,675,10,29,-69,120,"1,549","11,738",1,100,"59,564","83,824","14,598",-39,-14,754,50,675,10,29,-69,120,"1,549","11,738",1,100,"59,564","83,824","14,598",-39,-14,754,50,675,10,29,-69,120,"1,549","11,738",0,0,,,,,,,,,,,,,,,1,100,"59,564","83,824","14,598",-39,-14,754,50,675,10,29,-69,120,"1,549","11,738",1,100,"59,564","83,824","14,598",-39,-14,754,50,675,10,29,-69,120,"1,549","11,738"
E5,1,100,"72,287","90,451","10,107",-5,28,"1,456",-23,839,-168,34,-27,381,"1,422","11,934",1,100,"72,287","90,451","10,107",-5,28,"1,456",-23,839,-168,34,-27,381,"1,422","11,934",1,100,"72,287","90,451","10,107",-5,28,"1,456",-23,839,-168,34,-27,381,"1,422","11,934",1,100,"72,287","90,451","10,107",-5,28,"1,456",-23,839,-168,34,-27,381,"1,422","11,934",1,100,"72,287","90,451","10,107",-5,28,"1,456",-23,839,-168,34,-27,381,"1,422","11,934",1,100,"72,287","90,451","10,107",-5,28,"1,456",-23,839,-168,34,-27,381,"1,422","11,934",0,0,,,,,,,,,,,,,,,1,100,"72,287","90,451","10,107",-5,28,"1,456",-23,839,-168,34,-27,381,"1,422","11,934",1,100,"72,287","90,451","10,107",-5,28,"1,456",-23,839,-168,34,-27,381,"1,422","11,934"
E6,1,100,"70,480","86,758","13,532",134,18,"1,548",558,"1,328",-47,5,-47,360,"1,979","12,123",1,100,"70,480","86,758","13,532",134,18,"1,548",558,"1,328",-47,5,-47,360,"1,979","12,123",1,100,"70,480","86,758","13,532",134,18,"1,548",558,"1,328",-47,5,-47,360,"1,979","12,123",1,100,"70,480","86,758","13,532",134,18,"1,548",558,"1,328",-47,5,-47,360,"1,979","12,123",1,100,"70,480","86,758","13,532",134,18,"1,548",558,"1,328",-47,5,-47,360,"1,979","12,123",1,100,"70,480","86,758","13,532",134,18,"1,548",558,"1,328",-47,5,-47,360,"1,979","12,123",0,0,,,,,,,,,,,,,,,1,100,"70,480","86,758","13,532",134,18,"1,548",558,"1,328",-47,5,-47,360,"1,979","12,123",1,100,"70,480","86,758","13,532",134,18,"1,548",558,"1,328",-47,5,-47,360,"1,979","12,123"
E7,1,100,"81,812","90,559","18,316",213,13,"1,306",16,390,-6,43,-80,355,"2,491","12,357",1,100,"81,812","90,559","18,316",213,13,"1,306",16,390,-6,43,-80,355,"2,491","12,357",1,100,"81,812","90,559","18,316",213,13,"1,306",16,390,-6,43,-80,355,"2,491","12,357",1,100,"81,812","90,559","18,316",213,13,"1,306",16,390,-6,43,-80,355,"2,491","12,357",1,100,"81,812","90,559","18,316",213,13,"1,306",16,390,-6,43,-80,355,"2,491","12,357",1,100,"81,812","90,559","18,316",213,13,"1,306",16,390,-6,43,-80,355,"2,491","12,357",0,0,,,,,,,,,,,,,,,1,100,"81,812","90,559","18,316",213,13,"1,306",16,390,-6,43,-80,355,"2,491","12,357",1,100,"81,812","90,559","18,316",213,13,"1,306",16,390,-6,43,-80,355,"2,491","12,357"
E8,1,100,"66,565","84,697","11,921",99,4,"1,170",280,770,-20,12,-19,299,"1,562","12,574",1,100,"66,565","84,697","11,921",99,4,"1,170",280,770,-20,12,-19,299,"1,562","12,574",1,100,"66,565","84,697","11,921",99,4,"1,170",280,770,-20,12,-19,299,"1,562","12,574",1,100,"66,565","84,697","11,921",99,4,"1,170",280,770,-20,12,-19,299,"1,562","12,574",1,100,"66,565","84,697","11,921",99,4,"1,170",280,770,-20,12,-19,299,"1,562","12,574",1,100,"66,565","84,697","11,921",99,4,"1,170",280,770,-20,12,-19,299,"1,562","12,574",0,0,,,,,,,,,,,,,,,1,100,"66,565","84,697","11,921",99,4,"1,170",280,770,-20,12,-19,299,"1,562","12,574",1,100,"66,565","84,697","11,921",99,4,"1,170",280,770,-20,12,-19,299,"1,562","12,574"
E9,1,100,"68,031","85,868","13,528",45,35,"1,247",159,"2,252",-31,30,32,382,"2,536","12,773",1,100,"68,031","85,868","13,528",45,35,"1,247",159,"2,252",-31,30,32,382,"2,536","12,773",1,100,"68,031","85,868","13,528",45,35,"1,247",159,"2,252",-31,30,32,382,"2,536","12,773",1,100,"68,031","85,868","13,528",45,35,"1,247",159,"2,252",-31,30,32,382,"2,536","12,773",1,100,"68,031","85,868","13,528",45,35,"1,247",159,"2,252",-31,30,32,382,"2,536","12,773",1,100,"68,031","85,868","13,528",45,35,"1,247",159,"2,252",-31,30,32,382,"2,536","12,773",0,0,,,,,,,,,,,,,,,1,100,"68,031","85,868","13,528",45,35,"1,247",159,"2,252",-31,30,32,382,"2,536","12,773",1,100,"68,031","85,868","13,528",45,35,"1,247",159,"2,252",-31,30,32,382,"2,536","12,773"
E10,1,100,"67,383","85,162","14,474",9,41,"1,217",71,"1,250",-63,27,-26,312,"2,165","12,975",1,100,"67,383","85,162","14,474",9,41,"1,217",71,"1,250",-63,27,-26,312,"2,165","12,975",1,100,"67,383","85,162","14,474",9,41,"1,217",71,"1,250",-63,27,-26,312,"2,165","12,975",1,100,"67,383","85,162","14,474",9,41,"1,217",71,"1,250",-63,27,-26,312,"2,165","12,975",1,100,"67,383","85,162","14,474",9,41,"1,217",71,"1,250",-63,27,-26,312,"2,165","12,975",1,100,"67,383","85,162","14,474",9,41,"1,217",71,"1,250",-63,27,-26,312,"2,165","12,975",0,0,,,,,,,,,,,,,,,1,100,"67,383","85,162","14,474",9,41,"1,217",71,"1,250",-63,27,-26,312,"2,165","12,975",1,100,"67,383","85,162","14,474",9,41,"1,217",71,"1,250",-63,27,-26,312,"2,165","12,975"
E11,1,100,"70,597","86,207","16,018",149,28,"1,194",-19,"1,727",-2,43,-59,248,"1,375","13,176",1,100,"70,597","86,207","16,018",149,28,"1,194",-19,"1,727",-2,43,-59,248,"1,375","13,176",1,100,"70,597","86,207","16,018",149,28,"1,194",-19,"1,727",-2,43,-59,248,"1,375","13,176",1,100,"70,597","86,207","16,018",149,28,"1,194",-19,"1,727",-2,43,-59,248,"1,375","13,176",1,100,"70,597","86,207","16,018",149,28,"1,194",-19,"1,727",-2,43,-59,248,"1,375","13,176",1,100,"70,597","86,207","16,018",149,28,"1,194",-19,"1,727",-2,43,-59,248,"1,375","13,176",0,0,,,,,,,,,,,,,,,1,100,"70,597","86,207","16,018",149,28,"1,194",-19,"1,727",-2,43,-59,248,"1,375","13,176",1,100,"70,597","86,207","16,018",149,28,"1,194",-19,"1,727",-2,43,-59,248,"1,375","13,176"
E12,1,100,"70,905","87,455","13,179",141,42,"1,165",259,"1,380",-217,28,8,330,"1,634","13,389",1,100,"70,905","87,455","13,179",141,42,"1,165",259,"1,380",-217,28,8,330,"1,634","13,389",1,100,"70,905","87,455","13,179",141,42,"1,165",259,"1,380",-217,28,8,330,"1,634","13,389",1,100,"70,905","87,455","13,179",141,42,"1,165",259,"1,380",-217,28,8,330,"1,634","13,389",1,100,"70,905","87,455","13,179",141,42,"1,165",259,"1,380",-217,28,8,330,"1,634","13,389",1,100,"70,905","87,455","13,179",141,42,"1,165",259,"1,380",-217,28,8,330,"1,634","13,389",0,0,,,,,,,,,,,,,,,1,100,"70,905","87,455","13,179",141,42,"1,165",259,"1,380",-217,28,8,330,"1,634","13,389",1,100,"70,905","87,455","13,179",141,42,"1,165",259,"1,380",-217,28,8,330,"1,634","13,389"
F1,1,100,"79,603","89,988","13,950",174,35,"1,444",392,536,46,22,-140,217,"2,333","15,884",1,100,"79,603","89,988","13,950",174,35,"1,444",392,536,46,22,-140,217,"2,333","15,884",1,100,"79,603","89,988","13,950",174,35,"1,444",392,536,46,22,-140,217,"2,333","15,884",1,100,"79,603","89,988","13,950",174,35,"1,444",392,536,46,22,-140,217,"2,333","15,884",1,100,"79,603","89,988","13,950",174,35,"1,444",392,536,46,22,-140,217,"2,333","15,884",1,100,"79,603","89,988","13,950",174,35,"1,444",392,536,46,22,-140,217,"2,333","15,884",0,0,,,,,,,,,,,,,,,1,100,"79,603","89,988","13,950",174,35,"1,444",392,536,46,22,-140,217,"2,333","15,884",1,100,"79,603","89,988","13,950",174,35,"1,444",392,536,46,22,-140,217,"2,333","15,884"
F2,1,100,"67,246","84,973","14,629",256,19,"1,613",-85,812,-102,20,-15,360,"1,233","15,674",1,100,"67,246","84,973","14,629",256,19,"1,613",-85,812,-102,20,-15,360,"1,233","15,674",1,100,"67,246","84,973","14,629",256,19,"1,613",-85,812,-102,20,-15,360,"1,233","15,674",1,100,"67,246","84,973","14,629",256,19,"1,613",-85,812,-102,20,-15,360,"1,233","15,674",1,100,"67,246","84,973","14,629",256,19,"1,613",-85,812,-102,20,-15,360,"1,233","15,674",1,100,"67,246","84,973","14,629",256,19,"1,613",-85,812,-102,20,-15,360,"1,233","15,674",0,0,,,,,,,,,,,,,,,1,100,"67,246","84,973","14,629",256,19,"1,613",-85,812,-102,20,-15,360,"1,233","15,674",1,100,"67,246","84,973","14,629",256,19,"1,613",-85,812,-102,20,-15,360,"1,233","15,674"
F3,1,100,"63,453","86,626","12,845",122,11,"1,520",75,882,63,33,-8,342,"1,624","15,470",1,100,"63,453","86,626","12,845",122,11,"1,520",75,882,63,33,-8,342,"1,624","15,470",1,100,"63,453","86,626","12,845",122,11,"1,520",75,882,63,33,-8,342,"1,624","15,470",1,100,"63,453","86,626","12,845",122,11,"1,520",75,882,63,33,-8,342,"1,624","15,470",1,100,"63,453","86,626","12,845",122,11,"1,520",75,882,63,33,-8,342,"1,624","15,470",1,100,"63,453","86,626","12,845",122,11,"1,520",75,882,63,33,-8,342,"1,624","15,470",0,0,,,,,,,,,,,,,,,1,100,"63,453","86,626","12,845",122,11,"1,520",75,882,63,33,-8,342,"1,624","15,470",1,100,"63,453","86,626","12,845",122,11,"1,520",75,882,63,33,-8,342,"1,624","15,470"
F4,1,100,"58,470","82,421","17,069",21,18,544,28,413,6,32,-22,115,775,"15,250",1,100,"58,470","82,421","17,069",21,18,544,28,413,6,32,-22,115,775,"15,250",1,100,"58,470","82,421","17,069",21,18,544,28,413,6,32,-22,115,775,"15,250",1,100,"58,470","82,421","17,069",21,18,544,28,413,6,32,-22,115,775,"15,250",0,0,,,,,,,,,,,,,,,0,,,,,,,,,,,,,,,,0,,,,,,,,,,,,,,,,0,,,,,,,,,,,,,,,,0,,,,,,,,,,,,,,,
F5,1,100,"65,763","87,632","16,785",102,11,846,478,392,37,65,-18,340,"1,636","15,058",1,100,"65,763","87,632","16,785",102,11,846,478,392,37,65,-18,340,"1,636","15,058",1,100,"65,763","87,632","16,785",102,11,846,478,392,37,65,-18,340,"1,636","15,058",1,100,"65,763","87,632","16,785",102,11,846,478,392,37,65,-18,340,"1,636","15,058",1,100,"65,763","87,632","16,785",102,11,846,478,392,37,65,-18,340,"1,636","15,058",1,100,"65,763","87,632","16,785",102,11,846,478,392,37,65,-18,340,"1,636","15,058",0,0,,,,,,,,,,,,,,,1,100,"65,763","87,632","16,785",102,11,846,478,392,37,65,-18,340,"1,636","15,058",1,100,"65,763","87,632","16,785",102,11,846,478,392,37,65,-18,340,"1,636","15,058"
F6,1,100,"56,446","81,385","11,815",105,10,"1,402",175,800,-79,19,-38,350,"1,465","14,862",1,100,"56,446","81,385","11,815",105,10,"1,402",175,800,-79,19,-38,350,"1,465","14,862",1,100,"56,446","81,385","11,815",105,10,"1,402",175,800,-79,19,-38,350,"1,465","14,862",1,100,"56,446","81,385","11,815",105,10,"1,402",175,800,-79,19,-38,350,"1,465","14,862",1,100,"56,446","81,385","11,815",105,10,"1,402",175,800,-79,19,-38,350,"1,465","14,862",1,100,"56,446","81,385","11,815",105,10,"1,402",175,800,-79,19,-38,350,"1,465","14,862",0,0,,,,,,,,,,,,,,,1,100,"56,446","81,385","11,815",105,10,"1,402",175,800,-79,19,-38,350,"1,465","14,862",1,100,"56,446","81,385","11,815",105,10,"1,402",175,800,-79,19,-38,350,"1,465","14,862"
F7,1,100,"54,478","78,880","7,997",78,35,"1,083",-18,"1,639",-54,18,-30,320,"1,508","14,671",1,100,"54,478","78,880","7,997",78,35,"1,083",-18,"1,639",-54,18,-30,320,"1,508","14,671",1,100,"54,478","78,880","7,997",78,35,"1,083",-18,"1,639",-54,18,-30,320,"1,508","14,671",1,100,"54,478","78,880","7,997",78,35,"1,083",-18,"1,639",-54,18,-30,320,"1,508","14,671",1,100,"54,478","78,880","7,997",78,35,"1,083",-18,"1,639",-54,18,-30,320,"1,508","14,671",1,100,"54,478","78,880","7,997",78,35,"1,083",-18,"1,639",-54,18,-30,320,"1,508","14,671",0,0,,,,,,,,,,,,,,,1,100,"54,478","78,880","7,997",78,35,"1,083",-18,"1,639",-54,18,-30,320,"1,508","14,671",1,100,"54,478","78,880","7,997",78,35,"1,083",-18,"1,639",-54,18,-30,320,"1,508","14,671"
F8,1,100,"60,411","82,797","13,441",56,4,"1,308",331,"1,556",-102,3,-18,247,"1,638","14,470",1,100,"60,411","82,797","13,441",56,4,"1,308",331,"1,556",-102,3,-18,247,"1,638","14,470",1,100,"60,411","82,797","13,441",56,4,"1,308",331,"1,556",-102,3,-18,247,"1,638","14,470",1,100,"60,411","82,797","13,441",56,4,"1,308",331,"1,556",-102,3,-18,247,"1,638","14,470",1,100,"60,411","82,797","13,441",56,4,"1,308",331,"1,556",-102,3,-18,247,"1,638","14,470",1,100,"60,411","82,797","13,441",56,4,"1,308",331,"1,556",-102,3,-18,247,"1,638","14,470",0,0,,,,,,,,,,,,,,,1,100,"60,411","82,797","13,441",56,4,"1,308",331,"1,556",-102,3,-18,247,"1,638","14,470",1,100,"60,411","82,797","13,441",56,4,"1,308",331,"1,556",-102,3,-18,247,"1,638","14,470"
F9,1,100,"74,610","87,429","22,592",115,26,"1,526",-33,955,-99,29,-40,350,"1,750","14,250",1,100,"74,610","87,429","22,592",115,26,"1,526",-33,955,-99,29,-40,350,"1,750","14,250",1,100,"74,610","87,429","22,592",115,26,"1,526",-33,955,-99,29,-40,350,"1,750","14,250",1,100,"74,610","87,429","22,592",115,26,"1,526",-33,955,-99,29,-40,350,"1,750","14,250",1,100,"74,610","87,429","22,592",115,26,"1,526",-33,955,-99,29,-40,350,"1,750","14,250",1,100,"74,610","87,429","22,592",115,26,"1,526",-33,955,-99,29,-40,350,"1,750","14,250",0,0,,,,,,,,,,,,,,,1,100,"74,610","87,429","22,592",115,26,"1,526",-33,955,-99,29,-40,350,"1,750","14,250",1,100,"74,610","87,429","22,592",115,26,"1,526",-33,955,-99,29,-40,350,"1,750","14,250"
F10,1,100,"60,590","84,469","14,869",84,-16,"1,481",10,860,-30,47,-122,372,"2,603","14,036",1,100,"60,590","84,469","14,869",84,-16,"1,481",10,860,-30,47,-122,372,"2,603","14,036",1,100,"60,590","84,469","14,869",84,-16,"1,481",10,860,-30,47,-122,372,"2,603","14,036",1,100,"60,590","84,469","14,869",84,-16,"1,481",10,860,-30,47,-122,372,"2,603","14,036",1,100,"60,590","84,469","14,869",84,-16,"1,481",10,860,-30,47,-122,372,"2,603","14,036",1,100,"60,590","84,469","14,869",84,-16,"1,481",10,860,-30,47,-122,372,"2,603","14,036",0,0,,,,,,,,,,,,,,,1,100,"60,590","84,469","14,869",84,-16,"1,481",10,860,-30,47,-122,372,"2,603","14,036",1,100,"60,590","84,469","14,869",84,-16,"1,481",10,860,-30,47,-122,372,"2,603","14,036"
F11,1,100,"73,802","87,739","13,101",152,26,"1,668",546,"1,311",-161,16,-66,438,"2,109","13,805",1,100,"73,802","87,739","13,101",152,26,"1,668",546,"1,311",-161,16,-66,438,"2,109","13,805",1,100,"73,802","87,739","13,101",152,26,"1,668",546,"1,311",-161,16,-66,438,"2,109","13,805",1,100,"73,802","87,739","13,101",152,26,"1,668",546,"1,311",-161,16,-66,438,"2,109","13,805",1,100,"73,802","87,739","13,101",152,26,"1,668",546,"1,311",-161,16,-66,438,"2,109","13,805",1,100,"73,802","87,739","13,101",152,26,"1,668",546,"1,311",-161,16,-66,438,"2,109","13,805",0,0,,,,,,,,,,,,,,,1,100,"73,802","87,739","13,101",152,26,"1,668",546,"1,311",-161,16,-66,438,"2,109","13,805",1,100,"73,802","87,739","13,101",152,26,"1,668",546,"1,311",-161,16,-66,438,"2,109","13,805"
F12,1,100,"55,690","81,529","11,394",172,7,991,4,"1,186",22,2,-8,366,"1,578","13,594",1,100,"55,690","81,529","11,394",172,7,991,4,"1,186",22,2,-8,366,"1,578","13,594",1,100,"55,690","81,529","11,394",172,7,991,4,"1,186",22,2,-8,366,"1,578","13,594",1,100,"55,690","81,529","11,394",172,7,991,4,"1,186",22,2,-8,366,"1,578","13,594",1,100,"55,690","81,529","11,394",172,7,991,4,"1,186",22,2,-8,366,"1,578","13,594",1,100,"55,690","81,529","11,394",172,7,991,4,"1,186",22,2,-8,366,"1,578","13,594",0,0,,,,,,,,,,,,,,,1,100,"55,690","81,529","11,394",172,7,991,4,"1,186",22,2,-8,366,"1,578","13,594",1,100,"55,690","81,529","11,394",172,7,991,4,"1,186",22,2,-8,366,"1,578","13,594"
G1,1,100,"66,696","86,017","13,200",-68,3,"1,165",-13,799,-80,22,45,238,"1,467","16,084",1,100,"66,696","86,017","13,200",-68,3,"1,165",-13,799,-80,22,45,238,"1,467","16,084",1,100,"66,696","86,017","13,200",-68,3,"1,165",-13,799,-80,22,45,238,"1,467","16,084",1,100,"66,696","86,017","13,200",-68,3,"1,165",-13,799,-80,22,45,238,"1,467","16,084",1,100,"66,696","86,017","13,200",-68,3,"1,165",-13,799,-80,22,45,238,"1,467","16,084",1,100,"66,696","86,017","13,200",-68,3,"1,165",-13,799,-80,22,45,238,"1,467","16,084",0,0,,,,,,,,,,,,,,,1,100,"66,696","86,017","13,200",-68,3,"1,165",-13,799,-80,22,45,238,"1,467","16,084",1,100,"66,696","86,017","13,200",-68,3,"1,165",-13,799,-80,22,45,238,"1,467","16,084"
G2,1,100,"59,426","83,067","11,743",122,2,"1,391",16,885,-170,36,-14,344,"1,976","16,314",1,100,"59,426","83,067","11,743",122,2,"1,391",16,885,-170,36,-14,344,"1,976","16,314",1,100,"59,426","83,067","11,743",122,2,"1,391",16,885,-170,36,-14,344,"1,976","16,314",1,100,"59,426","83,067","11,743",122,2,"1,391",16,885,-170,36,-14,344,"1,976","16,314",1,100,"59,426","83,067","11,743",122,2,"1,391",16,885,-170,36,-14,344,"1,976","16,314",1,100,"59,426","83,067","11,743",122,2,"1,391",16,885,-170,36,-14,344,"1,976","16,314",0,0,,,,,,,,,,,,,,,1,100,"59,426","83,067","11,743",122,2,"1,391",16,885,-170,36,-14,344,"1,976","16,314",1,100,"59,426","83,067","11,743",122,2,"1,391",16,885,-170,36,-14,344,"1,976","16,314"
G3,1,100,"67,642","84,897","13,087",143,21,776,80,833,-30,34,3,270,"1,918","16,580",1,100,"67,642","84,897","13,087",143,21,776,80,833,-30,34,3,270,"1,918","16,580",1,100,"67,642","84,897","13,087",143,21,776,80,833,-30,34,3,270,"1,918","16,580",1,100,"67,642","84,897","13,087",143,21,776,80,833,-30,34,3,270,"1,918","16,580",1,100,"67,642","84,897","13,087",143,21,776,80,833,-30,34,3,270,"1,918","16,580",1,100,"67,642","84,897","13,087",143,21,776,80,833,-30,34,3,270,"1,918","16,580",0,0,,,,,,,,,,,,,,,1,100,"67,642","84,897","13,087",143,21,776,80,833,-30,34,3,270,"1,918","16,580",1,100,"67,642","84,897","13,087",143,21,776,80,833,-30,34,3,270,"1,918","16,580"
G4,1,100,"58,464","81,472","11,815",32,22,851,455,465,21,36,-34,350,"1,558","16,770",1,100,"58,464","81,472","11,815",32,22,851,455,465,21,36,-34,350,"1,558","16,770",1,100,"58,464","81,472","11,815",32,22,851,455,465,21,36,-34,350,"1,558","16,770",1,100,"58,464","81,472","11,815",32,22,851,455,465,21,36,-34,350,"1,558","16,770",1,100,"58,464","81,472","11,815",32,22,851,455,465,21,36,-34,350,"1,558","16,770",1,100,"58,464","81,472","11,815",32,22,851,455,465,21,36,-34,350,"1,558","16,770",0,0,,,,,,,,,,,,,,,1,100,"58,464","81,472","11,815",32,22,851,455,465,21,36,-34,350,"1,558","16,770",1,100,"58,464","81,472","11,815",32,22,851,455,465,21,36,-34,350,"1,558","16,770"
G5,1,100,"82,219","92,295","18,418",65,34,"1,135",354,527,56,34,-5,300,"2,384","16,984",1,100,"82,219","92,295","18,418",65,34,"1,135",354,527,56,34,-5,300,"2,384","16,984",1,100,"82,219","92,295","18,418",65,34,"1,135",354,527,56,34,-5,300,"2,384","16,984",1,100,"82,219","92,295","18,418",65,34,"1,135",354,527,56,34,-5,300,"2,384","16,984",1,100,"82,219","92,295","18,418",65,34,"1,135",354,527,56,34,-5,300,"2,384","16,984",1,100,"82,219","92,295","18,418",65,34,"1,135",354,527,56,34,-5,300,"2,384","16,984",0,0,,,,,,,,,,,,,,,1,100,"82,219","92,295","18,418",65,34,"1,135",354,527,56,34,-5,300,"2,384","16,984",1,100,"82,219","92,295","18,418",65,34,"1,135",354,527,56,34,-5,300,"2,384","16,984"
G6,1,100,"70,593","85,731","13,022",-42,5,"1,148",98,"1,768",-105,-3,2,260,992,"17,186",1,100,"70,593","85,731","13,022",-42,5,"1,148",98,"1,768",-105,-3,2,260,992,"17,186",1,100,"70,593","85,731","13,022",-42,5,"1,148",98,"1,768",-105,-3,2,260,992,"17,186",1,100,"70,593","85,731","13,022",-42,5,"1,148",98,"1,768",-105,-3,2,260,992,"17,186",1,100,"70,593","85,731","13,022",-42,5,"1,148",98,"1,768",-105,-3,2,260,992,"17,186",1,100,"70,593","85,731","13,022",-42,5,"1,148",98,"1,768",-105,-3,2,260,992,"17,186",0,0,,,,,,,,,,,,,,,1,100,"70,593","85,731","13,022",-42,5,"1,148",98,"1,768",-105,-3,2,260,992,"17,186",1,100,"70,593","85,731","13,022",-42,5,"1,148",98,"1,768",-105,-3,2,260,992,"17,186"
G7,1,100,"45,866","77,961","12,135",67,33,783,-5,"1,686",-34,25,0,233,"1,538","17,373",1,100,"45,866","77,961","12,135",67,33,783,-5,"1,686",-34,25,0,233,"1,538","17,373",1,100,"45,866","77,961","12,135",67,33,783,-5,"1,686",-34,25,0,233,"1,538","17,373",1,100,"45,866","77,961","12,135",67,33,783,-5,"1,686",-34,25,0,233,"1,538","17,373",1,100,"45,866","77,961","12,135",67,33,783,-5,"1,686",-34,25,0,233,"1,538","17,373",1,100,"45,866","77,961","12,135",67,33,783,-5,"1,686",-34,25,0,233,"1,538","17,373",0,0,,,,,,,,,,,,,,,1,100,"45,866","77,961","12,135",67,33,783,-5,"1,686",-34,25,0,233,"1,538","17,373",1,100,"45,866","77,961","12,135",67,33,783,-5,"1,686",-34,25,0,233,"1,538","17,373"
G8,1,100,"76,754","88,441","17,826",134,24,"1,280",-35,527,43,33,25,383,"1,632","17,568",1,100,"76,754","88,441","17,826",134,24,"1,280",-35,527,43,33,25,383,"1,632","17,568",1,100,"76,754","88,441","17,826",134,24,"1,280",-35,527,43,33,25,383,"1,632","17,568",1,100,"76,754","88,441","17,826",134,24,"1,280",-35,527,43,33,25,383,"1,632","17,568",1,100,"76,754","88,441","17,826",134,24,"1,280",-35,527,43,33,25,383,"1,632","17,568",1,100,"76,754","88,441","17,826",134,24,"1,280",-35,527,43,33,25,383,"1,632","17,568",0,0,,,,,,,,,,,,,,,1,100,"76,754","88,441","17,826",134,24,"1,280",-35,527,43,33,25,383,"1,632","17,568",1,100,"76,754","88,441","17,826",134,24,"1,280",-35,527,43,33,25,383,"1,632","17,568"
G9,1,100,"69,754","86,690","12,468",166,-3,902,46,"1,722",-5,24,21,314,"1,525","17,767",1,100,"69,754","86,690","12,468",166,-3,902,46,"1,722",-5,24,21,314,"1,525","17,767",1,100,"69,754","86,690","12,468",166,-3,902,46,"1,722",-5,24,21,314,"1,525","17,767",1,100,"69,754","86,690","12,468",166,-3,902,46,"1,722",-5,24,21,314,"1,525","17,767",1,100,"69,754","86,690","12,468",166,-3,902,46,"1,722",-5,24,21,314,"1,525","17,767",1,100,"69,754","86,690","12,468",166,-3,902,46,"1,722",-5,24,21,314,"1,525","17,767",0,0,,,,,,,,,,,,,,,1,100,"69,754","86,690","12,468",166,-3,902,46,"1,722",-5,24,21,314,"1,525","17,767",1,100,"69,754","86,690","12,468",166,-3,902,46,"1,722",-5,24,21,314,"1,525","17,767"
G10,1,100,"88,007","92,467","17,165",-39,27,"1,695",-107,952,-73,35,-8,367,"1,932","17,968",1,100,"88,007","92,467","17,165",-39,27,"1,695",-107,952,-73,35,-8,367,"1,932","17,968",1,100,"88,007","92,467","17,165",-39,27,"1,695",-107,952,-73,35,-8,367,"1,932","17,968",1,100,"88,007","92,467","17,165",-39,27,"1,695",-107,952,-73,35,-8,367,"1,932","17,968",1,100,"88,007","92,467","17,165",-39,27,"1,695",-107,952,-73,35,-8,367,"1,932","17,968",1,100,"88,007","92,467","17,165",-39,27,"1,695",-107,952,-73,35,-8,367,"1,932","17,968",0,0,,,,,,,,,,,,,,,1,100,"88,007","92,467","17,165",-39,27,"1,695",-107,952,-73,35,-8,367,"1,932","17,968",1,100,"88,007","92,467","17,165",-39,27,"1,695",-107,952,-73,35,-8,367,"1,932","17,968"
G11,1,100,"78,889","89,409","16,896",168,-3,"1,370",226,551,-132,54,23,423,"2,041","18,165",1,100,"78,889","89,409","16,896",168,-3,"1,370",226,551,-132,54,23,423,"2,041","18,165",1,100,"78,889","89,409","16,896",168,-3,"1,370",226,551,-132,54,23,423,"2,041","18,165",1,100,"78,889","89,409","16,896",168,-3,"1,370",226,551,-132,54,23,423,"2,041","18,165",1,100,"78,889","89,409","16,896",168,-3,"1,370",226,551,-132,54,23,423,"2,041","18,165",1,100,"78,889","89,409","16,896",168,-3,"1,370",226,551,-132,54,23,423,"2,041","18,165",0,0,,,,,,,,,,,,,,,1,100,"78,889","89,409","16,896",168,-3,"1,370",226,551,-132,54,23,423,"2,041","18,165",1,100,"78,889","89,409","16,896",168,-3,"1,370",226,551,-132,54,23,423,"2,041","18,165"
G12,1,100,"56,810","81,612","15,433",76,19,656,64,176,-45,30,-22,418,"1,249","18,413",1,100,"56,810","81,612","15,433",76,19,656,64,176,-45,30,-22,418,"1,249","18,413",1,100,"56,810","81,612","15,433",76,19,656,64,176,-45,30,-22,418,"1,249","18,413",1,100,"56,810","81,612","15,433",76,19,656,64,176,-45,30,-22,418,"1,249","18,413",1,100,"56,810","81,612","15,433",76,19,656,64,176,-45,30,-22,418,"1,249","18,413",1,100,"56,810","81,612","15,433",76,19,656,64,176,-45,30,-22,418,"1,249","18,413",0,0,,,,,,,,,,,,,,,1,100,"56,810","81,612","15,433",76,19,656,64,176,-45,30,-22,418,"1,249","18,413",1,100,"56,810","81,612","15,433",76,19,656,64,176,-45,30,-22,418,"1,249","18,413"
H1,1,100,"77,389","87,940","14,011",161,42,"1,276",44,891,-60,50,-13,337,"1,770","21,266",1,100,"77,389","87,940","14,011",161,42,"1,276",44,891,-60,50,-13,337,"1,770","21,266",1,100,"77,389","87,940","14,011",161,42,"1,276",44,891,-60,50,-13,337,"1,770","21,266",1,100,"77,389","87,940","14,011",161,42,"1,276",44,891,-60,50,-13,337,"1,770","21,266",1,100,"77,389","87,940","14,011",161,42,"1,276",44,891,-60,50,-13,337,"1,770","21,266",1,100,"77,389","87,940","14,011",161,42,"1,276",44,891,-60,50,-13,337,"1,770","21,266",0,0,,,,,,,,,,,,,,,1,100,"77,389","87,940","14,011",161,42,"1,276",44,891,-60,50,-13,337,"1,770","21,266",1,100,"77,389","87,940","14,011",161,42,"1,276",44,891,-60,50,-13,337,"1,770","21,266"
H2,1,100,"63,297","84,604","8,952",113,9,813,15,790,-91,18,2,246,"1,600","21,069",1,100,"63,297","84,604","8,952",113,9,813,15,790,-91,18,2,246,"1,600","21,069",1,100,"63,297","84,604","8,952",113,9,813,15,790,-91,18,2,246,"1,600","21,069",1,100,"63,297","84,604","8,952",113,9,813,15,790,-91,18,2,246,"1,600","21,069",1,100,"63,297","84,604","8,952",113,9,813,15,790,-91,18,2,246,"1,600","21,069",1,100,"63,297","84,604","8,952",113,9,813,15,790,-91,18,2,246,"1,600","21,069",0,0,,,,,,,,,,,,,,,1,100,"63,297","84,604","8,952",113,9,813,15,790,-91,18,2,246,"1,600","21,069",1,100,"63,297","84,604","8,952",113,9,813,15,790,-91,18,2,246,"1,600","21,069"
H3,1,100,"64,005","83,237","15,392",115,7,720,481,291,35,24,-20,351,"1,491","20,833",1,100,"64,005","83,237","15,392",115,7,720,481,291,35,24,-20,351,"1,491","20,833",1,100,"64,005","83,237","15,392",115,7,720,481,291,35,24,-20,351,"1,491","20,833",1,100,"64,005","83,237","15,392",115,7,720,481,291,35,24,-20,351,"1,491","20,833",1,100,"64,005","83,237","15,392",115,7,720,481,291,35,24,-20,351,"1,491","20,833",1,100,"64,005","83,237","15,392",115,7,720,481,291,35,24,-20,351,"1,491","20,833",0,0,,,,,,,,,,,,,,,1,100,"64,005","83,237","15,392",115,7,720,481,291,35,24,-20,351,"1,491","20,833",1,100,"64,005","83,237","15,392",115,7,720,481,291,35,24,-20,351,"1,491","20,833"
H4,1,100,"75,754","88,895","11,539",47,-5,"1,235",-19,"1,217",-99,-2,-74,204,"1,421","20,522",1,100,"75,754","88,895","11,539",47,-5,"1,235",-19,"1,217",-99,-2,-74,204,"1,421","20,522",1,100,"75,754","88,895","11,539",47,-5,"1,235",-19,"1,217",-99,-2,-74,204,"1,421","20,522",1,100,"75,754","88,895","11,539",47,-5,"1,235",-19,"1,217",-99,-2,-74,204,"1,421","20,522",1,100,"75,754","88,895","11,539",47,-5,"1,235",-19,"1,217",-99,-2,-74,204,"1,421","20,522",1,100,"75,754","88,895","11,539",47,-5,"1,235",-19,"1,217",-99,-2,-74,204,"1,421","20,522",0,0,,,,,,,,,,,,,,,1,100,"75,754","88,895","11,539",47,-5,"1,235",-19,"1,217",-99,-2,-74,204,"1,421","20,522",1,100,"75,754","88,895","11,539",47,-5,"1,235",-19,"1,217",-99,-2,-74,204,"1,421","20,522"
H5,1,100,"66,936","82,835","13,310",69,19,883,94,"1,502",36,29,-10,308,"1,202","20,316",1,100,"66,936","82,835","13,310",69,19,883,94,"1,502",36,29,-10,308,"1,202","20,316",1,100,"66,936","82,835","13,310",69,19,883,94,"1,502",36,29,-10,308,"1,202","20,316",1,100,"66,936","82,835","13,310",69,19,883,94,"1,502",36,29,-10,308,"1,202","20,316",1,100,"66,936","82,835","13,310",69,19,883,94,"1,502",36,29,-10,308,"1,202","20,316",1,100,"66,936","82,835","13,310",69,19,883,94,"1,502",36,29,-10,308,"1,202","20,316",0,0,,,,,,,,,,,,,,,1,100,"66,936","82,835","13,310",69,19,883,94,"1,502",36,29,-10,308,"1,202","20,316",1,100,"66,936","82,835","13,310",69,19,883,94,"1,502",36,29,-10,308,"1,202","20,316"
H6,1,100,"65,926","84,055","10,595",-17,16,"1,165",349,"1,481",-78,0,56,239,"1,540","20,073",1,100,"65,926","84,055","10,595",-17,16,"1,165",349,"1,481",-78,0,56,239,"1,540","20,073",1,100,"65,926","84,055","10,595",-17,16,"1,165",349,"1,481",-78,0,56,239,"1,540","20,073",1,100,"65,926","84,055","10,595",-17,16,"1,165",349,"1,481",-78,0,56,239,"1,540","20,073",1,100,"65,926","84,055","10,595",-17,16,"1,165",349,"1,481",-78,0,56,239,"1,540","20,073",1,100,"65,926","84,055","10,595",-17,16,"1,165",349,"1,481",-78,0,56,239,"1,540","20,073",0,0,,,,,,,,,,,,,,,1,100,"65,926","84,055","10,595",-17,16,"1,165",349,"1,481",-78,0,56,239,"1,540","20,073",1,100,"65,926","84,055","10,595",-17,16,"1,165",349,"1,481",-78,0,56,239,"1,540","20,073"
H7,1,100,"83,886","93,543","16,774",59,-1,"1,681",32,852,-45,18,-73,340,"2,159","19,815",1,100,"83,886","93,543","16,774",59,-1,"1,681",32,852,-45,18,-73,340,"2,159","19,815",1,100,"83,886","93,543","16,774",59,-1,"1,681",32,852,-45,18,-73,340,"2,159","19,815",1,100,"83,886","93,543","16,774",59,-1,"1,681",32,852,-45,18,-73,340,"2,159","19,815",1,100,"83,886","93,543","16,774",59,-1,"1,681",32,852,-45,18,-73,340,"2,159","19,815",1,100,"83,886","93,543","16,774",59,-1,"1,681",32,852,-45,18,-73,340,"2,159","19,815",0,0,,,,,,,,,,,,,,,1,100,"83,886","93,543","16,774",59,-1,"1,681",32,852,-45,18,-73,340,"2,159","19,815",1,100,"83,886","93,543","16,774",59,-1,"1,681",32,852,-45,18,-73,340,"2,159","19,815"
H8,1,100,"74,659","88,895","14,117",182,28,"1,593",-65,"1,294",-79,17,-72,363,"1,789","19,533",1,100,"74,659","88,895","14,117",182,28,"1,593",-65,"1,294",-79,17,-72,363,"1,789","19,533",1,100,"74,659","88,895","14,117",182,28,"1,593",-65,"1,294",-79,17,-72,363,"1,789","19,533",1,100,"74,659","88,895","14,117",182,28,"1,593",-65,"1,294",-79,17,-72,363,"1,789","19,533",1,100,"74,659","88,895","14,117",182,28,"1,593",-65,"1,294",-79,17,-72,363,"1,789","19,533",1,100,"74,659","88,895","14,117",182,28,"1,593",-65,"1,294",-79,17,-72,363,"1,789","19,533",0,0,,,,,,,,,,,,,,,1,100,"74,659","88,895","14,117",182,28,"1,593",-65,"1,294",-79,17,-72,363,"1,789","19,533",1,100,"74,659","88,895","14,117",182,28,"1,593",-65,"1,294",-79,17,-72,363,"1,789","19,533"
H9,1,100,"67,754","87,618","13,350",118,15,"1,570",133,"1,760",-67,31,-117,286,"2,399","19,314",1,100,"67,754","87,618","13,350",118,15,"1,570",133,"1,760",-67,31,-117,286,"2,399","19,314",1,100,"67,754","87,618","13,350",118,15,"1,570",133,"1,760",-67,31,-117,286,"2,399","19,314",1,100,"67,754","87,618","13,350",118,15,"1,570",133,"1,760",-67,31,-117,286,"2,399","19,314",1,100,"67,754","87,618","13,350",118,15,"1,570",133,"1,760",-67,31,-117,286,"2,399","19,314",1,100,"67,754","87,618","13,350",118,15,"1,570",133,"1,760",-67,31,-117,286,"2,399","19,314",0,0,,,,,,,,,,,,,,,1,100,"67,754","87,618","13,350",118,15,"1,570",133,"1,760",-67,31,-117,286,"2,399","19,314",1,100,"67,754","87,618","13,350",118,15,"1,570",133,"1,760",-67,31,-117,286,"2,399","19,314"
H10,1,100,"64,240","85,495","12,164",136,25,"1,450",-60,"1,679",-71,26,-79,291,"1,521","19,101",1,100,"64,240","85,495","12,164",136,25,"1,450",-60,"1,679",-71,26,-79,291,"1,521","19,101",1,100,"64,240","85,495","12,164",136,25,"1,450",-60,"1,679",-71,26,-79,291,"1,521","19,101",1,100,"64,240","85,495","12,164",136,25,"1,450",-60,"1,679",-71,26,-79,291,"1,521","19,101",1,100,"64,240","85,495","12,164",136,25,"1,450",-60,"1,679",-71,26,-79,291,"1,521","19,101",1,100,"64,240","85,495","12,164",136,25,"1,450",-60,"1,679",-71,26,-79,291,"1,521","19,101",0,0,,,,,,,,,,,,,,,1,100,"64,240","85,495","12,164",136,25,"1,450",-60,"1,679",-71,26,-79,291,"1,521","19,101",1,100,"64,240","85,495","12,164",136,25,"1,450",-60,"1,679",-71,26,-79,291,"1,521","19,101"
H11,1,100,"55,681","83,053","12,635",45,31,"1,591",67,985,-55,48,-99,328,"1,545","18,874",1,100,"55,681","83,053","12,635",45,31,"1,591",67,985,-55,48,-99,328,"1,545","18,874",1,100,"55,681","83,053","12,635",45,31,"1,591",67,985,-55,48,-99,328,"1,545","18,874",1,100,"55,681","83,053","12,635",45,31,"1,591",67,985,-55,48,-99,328,"1,545","18,874",1,100,"55,681","83,053","12,635",45,31,"1,591",67,985,-55,48,-99,328,"1,545","18,874",1,100,"55,681","83,053","12,635",45,31,"1,591",67,985,-55,48,-99,328,"1,545","18,874",0,0,,,,,,,,,,,,,,,1,100,"55,681","83,053","12,635",45,31,"1,591",67,985,-55,48,-99,328,"1,545","18,874",1,100,"55,681","83,053","12,635",45,31,"1,591",67,985,-55,48,-99,328,"1,545","18,874"
H12,1,100,"80,131","92,091","15,881",-12,18,631,-18,"1,518",-17,22,-1,336,"1,182","18,641",1,100,"80,131","92,091","15,881",-12,18,631,-18,"1,518",-17,22,-1,336,"1,182","18,641",1,100,"80,131","92,091","15,881",-12,18,631,-18,"1,518",-17,22,-1,336,"1,182","18,641",1,100,"80,131","92,091","15,881",-12,18,631,-18,"1,518",-17,22,-1,336,"1,182","18,641",1,100,"80,131","92,091","15,881",-12,18,631,-18,"1,518",-17,22,-1,336,"1,182","18,641",1,100,"80,131","92,091","15,881",-12,18,631,-18,"1,518",-17,22,-1,336,"1,182","18,641",0,0,,,,,,,,,,,,,,,1,100,"80,131","92,091","15,881",-12,18,631,-18,"1,518",-17,22,-1,336,"1,182","18,641",1,100,"80,131","92,091","15,881",-12,18,631,-18,"1,518",-17,22,-1,336,"1,182","18,641"